0.000000000000000000e+00 1.667790925152790038e-05 6.066196357501496550e-05 1.242627599064016763e-04 2.004282411738333991e-04 2.826532005452131457e-04 3.658931919524599508e-04 4.448514540404957529e-04 5.163024909283775443e-04 5.764498945920459860e-04 6.205481544326874044e-04 6.465384162404053114e-04 6.536243440110611758e-04 6.353923265036698353e-04 5.928252147430201902e-04 5.232747052754671557e-04 4.240145316931620556e-04 2.948196903724831230e-04 1.352037451196608231e-04 -6.105361646846496626e-05 -2.896533782860144512e-04 -5.532847625560055604e-04 -8.527916885594510887e-04 -1.188523053032408683e-03 -1.560166611059732311e-03 -1.970970677816041849e-03 -2.419731300963623433e-03 -2.905565438458879157e-03 -3.430853637813258139e-03 -3.993724801593656615e-03 -4.594348105047552089e-03 -5.233119234866911995e-03 -5.909194872017353717e-03 -6.621980877741573401e-03 -7.370681131780520978e-03 -8.153848959310150413e-03 -8.974300611527596949e-03 -9.830972536134741091e-03 -1.071940267535842484e-02 -1.163756653697800569e-02 -1.258327484974341992e-02 -1.356379075987657057e-02 -1.457243498527682757e-02 -1.560365787240636237e-02 -1.665499077495324887e-02 -1.773865337352942273e-02 -1.883837222082085372e-02 -1.995093597489039361e-02 -2.108650077874951734e-02 -2.223195653002840722e-02 -2.338052130045820132e-02 -2.454642542969809327e-02 -2.571280933514430433e-02 -2.687601804226413815e-02 -2.804470440679329712e-02 -2.919923792671319518e-02 -3.034790156977573705e-02 -3.148304712135829853e-02 -3.259541448430181010e-02 -3.369252385237719860e-02 -3.475440540822949398e-02 -3.579077464849933499e-02 -3.678520572242782727e-02 -3.773922899985981960e-02 -3.864413345315631521e-02 -3.949495980186557009e-02 -4.028491017218971404e-02 -4.100729403208835944e-02 -4.165594492414814720e-02 -4.222546324285891828e-02 -4.270453911027993765e-02 -4.309166814437193072e-02 -4.336691491771027529e-02 -4.353393304501862460e-02 -4.357269630700022489e-02 -4.348548187613099358e-02 -4.325175896129329622e-02 -4.286429495923749222e-02 -4.231901524743564291e-02 -4.158008879393737534e-02 -4.068414810742959631e-02 -3.953624561638002799e-02 -3.823400588678316225e-02 -3.661862745732846758e-02 -3.481146448536731608e-02 -3.270087014006672899e-02 -3.030214130743646983e-02 -2.765145903783572390e-02 -2.454260220120352276e-02 -2.122327021877912223e-02 -1.733521531510251457e-02 -1.310581540931632372e-02 -8.452599234327173860e-03 -3.071645090142571810e-03 2.575236424099514032e-03 9.300430812754223453e-03 1.662435130202855049e-02 2.459295649046744359e-02 3.488684947923637036e-02 4.580497393582616539e-02
1.667790925152790038e-05 0.000000000000000000e+00 1.369152251262661935e-05 4.969775815888421988e-05 1.008825856961825806e-04 1.606599739600866883e-04 2.237327869447636175e-04 2.847475011953370938e-04 3.401814196274388635e-04 3.861380207553777311e-04 4.179293530377492516e-04 4.332587543167676358e-04 4.310432446141820861e-04 4.051689684713144501e-04 3.562161747097114528e-04 2.815209799249540623e-04 1.783677161482088991e-04 4.632333573295621676e-05 -1.152197937265286853e-04 -3.122029905915368886e-04 -5.407612767235336904e-04 -8.035408451699810328e-04 -1.101441610209086264e-03 -1.434883914609996758e-03 -1.803646822386206772e-03 -2.210897622900054316e-03 -2.655555087138550263e-03 -3.136826985935647905e-03 -3.657043749256017051e-03 -4.214452854221062417e-03 -4.809250709560175530e-03 -5.441849533306286624e-03 -6.111462635236541985e-03 -6.817537461493494710e-03 -7.559320911839639834e-03 -8.335423996866597740e-03 -9.148529257775983581e-03 -9.997595076801979452e-03 -1.087835164113515329e-02 -1.178882781158596682e-02 -1.272688706232349976e-02 -1.369942393498602140e-02 -1.470001960932143525e-02 -1.572330440403413299e-02 -1.676684613802748025e-02 -1.784223530169248839e-02 -1.893386177699785122e-02 -2.003856917391233505e-02 -2.116590854929678578e-02 -2.230324944565487133e-02 -2.344402731893469038e-02 -2.460165505412192921e-02 -2.575995836735178735e-02 -2.691532259543794048e-02 -2.807563684916047908e-02 -2.922221683503067879e-02 -3.036265556246531272e-02 -3.148950025145635934e-02 -3.259384030945577937e-02 -3.368224776162209722e-02 -3.473594531109980288e-02 -3.576337834659892856e-02 -3.674915234692921473e-02 -3.769407498525700895e-02 -3.858974383843449818e-02 -3.943112628758083105e-02 -4.021114597647157396e-02 -4.092354802962494542e-02 -4.156142695963127576e-02 -4.212018254203353518e-02 -4.258748138707058040e-02 -4.296280104476513095e-02 -4.322508714006867425e-02 -4.337894443588286020e-02 -4.340334868607675922e-02 -4.330125519993588412e-02 -4.305154835741054065e-02 -4.264706189652334167e-02 -4.208393028327228613e-02 -4.132532935230703863e-02 -4.040942582941453587e-02 -3.923858581002070967e-02 -3.791357733852140921e-02 -3.627170771465337840e-02 -3.443761848515625168e-02 -3.229721347085623417e-02 -2.986643752619777548e-02 -2.718239441551661972e-02 -2.403507702442320149e-02 -2.067712447922820385e-02 -1.674412166070582408e-02 -1.246773983082050119e-02 -7.764232776652502110e-03 -2.325339551862204424e-03 3.379785410193347772e-03 1.017472711193911916e-02 1.757244097652610471e-02 2.561893426543926378e-02 3.601202732273656171e-02 4.703046638049446226e-02
6.066196357501496550e-05 1.369152251262661935e-05 0.000000000000000000e+00 1.118683538270381916e-05 4.004060274598320035e-05 7.990321471484929106e-05 1.252372980945493097e-04 1.706400811365416104e-04 2.123040638636330968e-04 2.462402558536247454e-04 2.678179796027357895e-04 2.745123501660673426e-04 2.649645543046919016e-04 2.333533539358167985e-04 1.798703465104578569e-04 1.018375907539947889e-04 -3.451672474508171717e-06 -1.366281127314072918e-04 -2.984180151679449722e-04 -4.944921017828729504e-04 -7.214071495851293037e-04 -9.817657750775810044e-04 -1.276522651166511757e-03 -1.606168228486914984e-03 -1.970571430938039548e-03 -2.372818951711375135e-03 -2.811950580441591185e-03 -3.287263818869901044e-03 -3.801039058407118532e-03 -4.351641115610704880e-03 -4.939293271420508447e-03 -5.564423920541905488e-03 -6.226302442017606076e-03 -6.924417459166054556e-03 -7.658058541449297429e-03 -8.425894050523741186e-03 -9.230476911921692285e-03 -1.007078819189877184e-02 -1.094274571578868205e-02 -1.184443155170011863e-02 -1.277376181034117764e-02 -1.373727236547794828e-02 -1.472879876724320081e-02 -1.574314815117805466e-02 -1.677792517356946345e-02 -1.784410702923633352e-02 -1.892673155716639855e-02 -2.002269718586002778e-02 -2.114096559234535100e-02 -2.226937570719433879e-02 -2.340157609993664956e-02 -2.455018164389477509e-02 -2.569968814894851850e-02 -2.684652133272003027e-02 -2.799782633658931541e-02 -2.913584312328343362e-02 -3.026749150350016571e-02 -3.138551028115077468e-02 -3.248133112004603085e-02 -3.356060128151994171e-02 -3.460570856975631049e-02 -3.562385904793852198e-02 -3.660066569752817855e-02 -3.753623135466999106e-02 -3.842245552506662332e-02 -3.925423454569743065e-02 -4.002422154260587561e-02 -4.072658682895169413e-02 -4.135370454329145851e-02 -4.190175411328866950e-02 -4.235740520213127080e-02 -4.272109228910581091e-02 -4.297067271654542164e-02 -4.311167682400862677e-02 -4.312210880450206840e-02 -4.300558367933138282e-02 -4.274041764318381453e-02 -4.231950850127252917e-02 -4.173919405370596358e-02 -4.096168455736426406e-02 -4.002663663996208765e-02 -3.883380641329436944e-02 -3.748701386785524559e-02 -3.581978895411208619e-02 -3.395996195828598907e-02 -3.179105822244054913e-02 -2.932964965638584776e-02 -2.661373398664812484e-02 -2.342962787338764841e-02 -2.003476209003929309e-02 -1.605873376498256899e-02 -1.173737795312823629e-02 -6.985706376567923925e-03 -1.491239185358983477e-03 4.269738433268832623e-03 1.113170459622336850e-02 1.860036893619509968e-02 2.672179618483394581e-02 3.721058917106101482e-02 4.832582530922102659e-02
1.242627599064016763e-04 4.969775815888421988e-05 1.118683538270381916e-05 0.000000000000000000e+00 8.859118795334630647e-06 3.104153227084793798e-05 6.078083291927161014e-05 9.263175215867835988e-05 1.225130888019565489e-04 1.463502668468397161e-04 1.595695950870057445e-04 1.594265532220973114e-04 1.442962077936593701e-04 1.086435013958331197e-04 5.228392715850294081e-05 -2.747317097351320569e-05 -1.333272588106559908e-04 -2.660971633992037511e-04 -4.266256060890816215e-04 -6.203203634713716497e-04 -8.441489336963314827e-04 -1.100669855726876811e-03 -1.390891501467095281e-03 -1.715373296905076117e-03 -2.074072803513238306e-03 -2.469996496305526534e-03 -2.902303756507795818e-03 -3.370380935808769962e-03 -3.876458472660160304e-03 -4.419017525781110400e-03 -4.998307989534378493e-03 -5.614774173682057778e-03 -6.267741108259006211e-03 -6.956738301767462218e-03 -7.681097756243482344e-03 -8.439544977131840930e-03 -9.234507115612466954e-03 -1.006498872761485419e-02 -1.092709111777301345e-02 -1.181894952537076993e-02 -1.273853269378011355e-02 -1.369202706427130600e-02 -1.467351703101427152e-02 -1.567798373894424557e-02 -1.670306911964980490e-02 -1.775915182590337427e-02 -1.883190355176977970e-02 -1.991827751039532135e-02 -2.102666061467484138e-02 -2.214535181032317723e-02 -2.326820890900860306e-02 -2.440706680537407802e-02 -2.554707743444528667e-02 -2.668470703865122307e-02 -2.782637520896913408e-02 -2.895522590516363959e-02 -3.007752131375973637e-02 -3.118618833319686257e-02 -3.227299424854013221e-02 -3.334268330159406712e-02 -3.437878307925290589e-02 -3.538728887655995248e-02 -3.635479917673190009e-02 -3.728072856311781536e-02 -3.815727234446075755e-02 -3.897925798511470141e-02 -3.973907552162803114e-02 -4.043131080629491780e-02 -4.104763487750384687e-02 -4.158498860441217637e-02 -4.202906928314920076e-02 -4.238124523679154265e-02 -4.261831390707437883e-02 -4.274670757991372305e-02 -4.274348330280475228e-02 -4.261289880282792542e-02 -4.233271744160327366e-02 -4.189589897573653410e-02 -4.129897920428449165e-02 -4.050322815809737076e-02 -3.954975151311002080e-02 -3.833576557111217920e-02 -3.696805806019098917e-02 -3.527648616202117005e-02 -3.339197820769190805e-02 -3.119574595151097807e-02 -2.870496906953823313e-02 -2.595851279847405380e-02 -2.273911778888215718e-02 -1.930887098764522136e-02 -1.529154550977129823e-02 -1.092702178054083539e-02 -6.129099135988802516e-03 -5.811878840509265842e-04 5.233489907526367446e-03 1.216002816475081350e-02 1.969708339888309734e-02 2.789078630932795289e-02 3.847213193729281944e-02 4.968100620639526177e-02
2.004282411738333991e-04 1.008825856961825806e-04 4.004060274598320035e-05 8.859118795334630647e-06 0.000000000000000000e+00 6.683895861891997470e-06 2.292547889470863964e-05 4.324325728988220874e-05 6.329291386542035269e-05 7.892070157888841919e-05 8.560944432256523129e-05 8.040318428570447651e-05 6.142020438415496386e-05 2.340510393128436561e-05 -3.419057096609723345e-05 -1.140690117105158663e-04 -2.189240513689183487e-04 -3.497535970968801422e-04 -5.075146739650371330e-04 -6.973597767276906723e-04 -9.166562909529440972e-04 -1.167918344294971433e-03 -1.452207034119523676e-03 -1.770149697748579776e-03 -2.121791374273374053e-03 -2.510058849144014559e-03 -2.934229695966794615e-03 -3.393778278548476024e-03 -3.890885293269308320e-03 -4.424147260832400619e-03 -4.993840490999823523e-03 -5.600425017156962504e-03 -6.243281145663526210e-03 -6.921979024982261031e-03 -7.635892889480411228e-03 -8.383805200824046011e-03 -9.168021268574855220e-03 -9.987569980823285398e-03 -1.083873195432749625e-02 -1.171969557139374007e-02 -1.262848220934353893e-02 -1.357093831032640807e-02 -1.454139152822764292e-02 -1.553499415171721854e-02 -1.654942582395424466e-02 -1.759448175655176083e-02 -1.865645310379471233e-02 -1.973234781185628783e-02 -2.082999298329812898e-02 -2.193813797064736448e-02 -2.305084584911298862e-02 -2.417919005134516741e-02 -2.530896430378870576e-02 -2.643667549892581015e-02 -2.756803652379047342e-02 -2.868707455308094900e-02 -2.979941012425979530e-02 -3.089815463457457057e-02 -3.197540415425570437e-02 -3.303502217110276806e-02 -3.406165006847727827e-02 -3.506010161056627439e-02 -3.601793821963472642e-02 -3.693390318156664076e-02 -3.780048129421231806e-02 -3.861243334592179277e-02 -3.936189379701093838e-02 -4.004385418164946309e-02 -4.064930000211031125e-02 -4.117591501105921648e-02 -4.160844905976635033e-02 -4.194918085667642682e-02 -4.217387660205829114e-02 -4.228984660689649733e-02 -4.227322540703115639e-02 -4.212889624404136946e-02 -4.183408503285390712e-02 -4.138181132946494589e-02 -4.076880349557321370e-02 -3.995541674678615429e-02 -3.898416480839950182e-02 -3.774979437440639796e-02 -3.636197666106844029e-02 -3.464700039834012202e-02 -3.273880148302255044e-02 -3.051634266549929642e-02 -2.799739214619811900e-02 -2.522165631324135848e-02 -2.196839926054094949e-02 -1.850422961351061435e-02 -1.444725869367646798e-02 -1.004129489717842105e-02 -5.198954520511445132e-03 4.003542327942755108e-04 6.266664170833102787e-03 1.325541125745666182e-02 2.085838940420725596e-02 2.912180376067108334e-02 3.979265811290078059e-02 5.109211747693009897e-02
2.826532005452131457e-04 1.606599739600866883e-04 7.990321471484929106e-05 3.104153227084793798e-05 6.683895861891997470e-06 0.000000000000000000e+00 4.796352582547847021e-06 1.556045876160982999e-05 2.769505325117549432e-05 3.697318443662833687e-05 3.893354922301917043e-05 3.041656708424600453e-05 9.292702259577900747e-06 -2.942037904718475261e-05 -8.662332043563036876e-05 -1.650288306632718971e-04 -2.673267869478523906e-04 -3.946855041002672593e-04 -5.481742557261748416e-04 -7.326979252598730952e-04 -9.460131550130812528e-04 -1.190589488901827586e-03 -1.467539861640609899e-03 -1.777558531051104396e-03 -2.120776913278610287e-03 -2.500042774189581429e-03 -2.914750527597265162e-03 -3.364461733248447217e-03 -3.851307697061878699e-03 -4.373999326482858052e-03 -4.932839218367512935e-03 -5.528303014557423012e-03 -6.159825961265297245e-03 -6.827018646647808886e-03 -7.529297376774768402e-03 -8.265501403960207050e-03 -9.037818220223869936e-03 -9.845301923902205488e-03 -1.068440827868166743e-02 -1.155337878773066151e-02 -1.245028746519938334e-02 -1.338065039174829440e-02 -1.433903284494153496e-02 -1.532075532791421502e-02 -1.632353562832078442e-02 -1.735660098427205256e-02 -1.840684731111708050e-02 -1.947133721615090796e-02 -2.055735330672747718e-02 -2.165408548454128557e-02 -2.275579799362414946e-02 -2.387282185177419525e-02 -2.499157784591599096e-02 -2.610861362257543838e-02 -2.722895468521191464e-02 -2.833749006753694122e-02 -2.943921508125224573e-02 -3.052742191125812354e-02 -3.159452835098508494e-02 -3.264353999575952958e-02 -3.366018528319547620e-02 -3.464812647361603659e-02 -3.559586471551012821e-02 -3.650148938498043449e-02 -3.735776825311731830e-02 -3.815939766102194319e-02 -3.889826412360253283e-02 -3.956975474731960762e-02 -4.016418743120020451e-02 -4.067996982211796730e-02 -4.110092970569489967e-02 -4.143023223609887395e-02 -4.164264144646945276e-02 -4.174632134643241343e-02 -4.171650893261791282e-02 -4.155869550185498085e-02 -4.124958501686992740e-02 -4.078225463536855333e-02 -4.015361972007758240e-02 -3.932314626648192313e-02 -3.833471470648042168e-02 -3.708067269805204180e-02 -3.567349025135835294e-02 -3.393599219185994276e-02 -3.200503129681186998e-02 -2.975738588638854321e-02 -2.721139340880784907e-02 -2.440757501390944384e-02 -2.112181737504748025e-02 -1.762511669219013477e-02 -1.353008388317911148e-02 -9.084338455409013413e-03 -4.199342796001648281e-03 1.449390123854921164e-03 7.365338405625143636e-03 1.441400862573327668e-02 2.208052125944082178e-02 3.041116419755418576e-02 4.116857068288959365e-02 5.255565177930099363e-02
3.658931919524599508e-04 2.237327869447636175e-04 1.252372980945493097e-04 6.078083291927161014e-05 2.292547889470863964e-05 4.796352582547847021e-06 0.000000000000000000e+00 2.998911400764470159e-06 8.951711352400693045e-06 1.356378648986744651e-05 1.242907563592243747e-05 2.191537948115218626e-06 -1.951792950916075853e-05 -5.741472025122540401e-05 -1.127408207036717513e-04 -1.882185537819269783e-04 -2.865354665831931769e-04 -4.090222317437719468e-04 -5.568585171897844077e-04 -7.347087868384560849e-04 -9.407091067215045399e-04 -1.177284299213043894e-03 -1.445598356472732604e-03 -1.746411596410646361e-03 -2.079940848946137955e-03 -2.448955509679606735e-03 -2.852965643087679304e-03 -3.291619324840566740e-03 -3.766998821536415853e-03 -4.277928607688052942e-03 -4.824737500077724839e-03 -5.407916691499425887e-03 -6.026956121258586485e-03 -6.681506691599836678e-03 -7.371026691640913953e-03 -8.094412077467305622e-03 -8.853736397889333531e-03 -9.648079882699889254e-03 -1.047406954779939170e-02 -1.133000006266537962e-02 -1.221399814566404007e-02 -1.313125875536691467e-02 -1.407657948908969114e-02 -1.504544634068738507e-02 -1.603561571582590162e-02 -1.705576171309519662e-02 -1.809337103296126958e-02 -1.914556092915975505e-02 -2.021908423115703624e-02 -2.130356203638894552e-02 -2.239345588342223081e-02 -2.349837265910237338e-02 -2.460534616153875476e-02 -2.571096493800184568e-02 -2.681958571697051763e-02 -2.791693894390734343e-02 -2.900741049898614143e-02 -3.008446984584189909e-02 -3.114084976749653677e-02 -3.217871995830345888e-02 -3.318487028152350415e-02 -3.416184034904501399e-02 -3.509904879411185341e-02 -3.599394780215170453e-02 -3.683958189039482356e-02 -3.763058511739181267e-02 -3.835860340461538787e-02 -3.901940975339468487e-02 -3.960267165608555295e-02 -4.010750247098915366e-02 -4.051683223909252618e-02 -4.083468964152925373e-02 -4.103486438673253911e-02 -4.112635089669447463e-02 -4.108351248357300367e-02 -4.091243180313308692e-02 -4.058930564804397179e-02 -4.010726665542130309e-02 -3.946341184532387025e-02 -3.861634235429411977e-02 -3.761126588881869015e-02 -3.633819817666228413e-02 -3.491232741601635325e-02 -3.315311381571894866e-02 -3.120024081591155074e-02 -2.892836346977112338e-02 -2.635637008746438692e-02 -2.352557148900591422e-02 -2.020857054007818565e-02 -1.668062413059401283e-02 -1.254899495735906090e-02 -8.065003171197515641e-03 -3.138984492464080844e-03 2.557343160817127092e-03 8.521082383527001092e-03 1.562755616785682644e-02 2.335538945534998412e-02 3.175096110001507377e-02 4.259218192669378400e-02 5.406414518340907360e-02
4.448514540404957529e-04 2.847475011953370938e-04 1.706400811365416104e-04 9.263175215867835988e-05 4.324325728988220874e-05 1.556045876160982999e-05 2.998911400764470159e-06 0.000000000000000000e+00 1.487759248686160163e-06 3.104667806730354584e-06 4.991694246836431148e-07 -9.874384337971164882e-06 -3.061671681514610555e-05 -6.618251672130259777e-05 -1.181445735471964298e-04 -1.892340655488267132e-04 -2.821378527388951341e-04 -3.983412709054334755e-04 -5.391325872544650011e-04 -7.089430559934495335e-04 -9.062784804807488825e-04 -1.133518984959946962e-03 -1.391878911722321810e-03 -1.682183830684746972e-03 -2.004735062478668617e-03 -2.362224436403104200e-03 -2.754276491623297574e-03 -3.180625154806659971e-03 -3.643304142715741989e-03 -4.141250662079376532e-03 -4.674819745248859348e-03 -5.244518149341792501e-03 -5.849890288386339066e-03 -6.490627292490724898e-03 -7.166229376111776794e-03 -7.875649121342753745e-03 -8.620850111699995821e-03 -9.400939651360684657e-03 -1.021271209768959132e-02 -1.105451533371382133e-02 -1.192452884769368282e-02 -1.282763592938107600e-02 -1.375886112859947552e-02 -1.471385313145612272e-02 -1.569040742717608961e-02 -1.669666019636162346e-02 -1.772067461723281223e-02 -1.875962255229279840e-02 -1.981974215148718521e-02 -2.089107608142759531e-02 -2.196827917989996326e-02 -2.306025304350201033e-02 -2.415463001548878719e-02 -2.524803966906186137e-02 -2.634418905490787388e-02 -2.742962898869605315e-02 -2.850815217983426741e-02 -2.957340174706668545e-02 -3.061841849796331783e-02 -3.164455883669881064e-02 -3.263964764349325254e-02 -3.360513155748379166e-02 -3.453132379033974075e-02 -3.541505651217569106e-02 -3.624964455274293229e-02 -3.702966189554490750e-02 -3.774652134684786109e-02 -3.839637187627642501e-02 -3.896824816532462599e-02 -3.946195066278990193e-02 -3.985953647435824809e-02 -4.016587440035601642e-02 -4.035380811674360579e-02 -4.043313876330201229e-02 -4.037738020356362867e-02 -4.019318949049455192e-02 -3.985627116898071698e-02 -3.935981121209797262e-02 -3.870108284022355516e-02 -3.783784694657443826e-02 -3.681659869224851445e-02 -3.552508951235144874e-02 -3.408114460897704312e-02 -3.230095935072474500e-02 -3.032696125647404983e-02 -2.803174347089698593e-02 -2.543472675173041875e-02 -2.257798642731490002e-02 -1.923093527173491690e-02 -1.567296392985628728e-02 -1.150613898609498253e-02 -6.985370887252040362e-03 -2.019895952241501647e-03 3.722262876361903672e-03 9.732011598142853437e-03 1.689423563249103921e-02 2.468124209976074734e-02 3.313950865439097004e-02 4.406187130095973181e-02 5.561604252655893976e-02
5.163024909283775443e-04 3.401814196274388635e-04 2.123040638636330968e-04 1.225130888019565489e-04 6.329291386542035269e-05 2.769505325117549432e-05 8.951711352400693045e-06 1.487759248686160163e-06 0.000000000000000000e+00 7.316469741169839835e-08 -2.590747751551880640e-06 -1.172076895838980448e-05 -3.014206322404788807e-05 -6.205420859006771650e-05 -1.093512804600793586e-04 -1.747726264759164039e-04 -2.610059644021500702e-04 -3.696842570469760503e-04 -5.022027946232077156e-04 -6.627661901023040869e-04 -8.502412540113413186e-04 -1.066963411617383173e-03 -1.314196750099583255e-03 -1.592831413010253883e-03 -1.903252448904102501e-03 -2.248074816056488956e-03 -2.627036566676732576e-03 -3.039956954419387181e-03 -3.488821587399049129e-03 -3.972679763087239024e-03 -4.491912773774919820e-03 -5.047042998645556722e-03 -5.637669207247175684e-03 -6.263522744856864222e-03 -6.924145768858691596e-03 -7.618547504517403368e-03 -8.348585305949507429e-03 -9.113394539951635842e-03 -9.909933349914856748e-03 -1.073660296094081090e-02 -1.159163577647925880e-02 -1.247961227171812126e-02 -1.339577903774169521e-02 -1.433594494685108689e-02 -1.529794509040693917e-02 -1.628939197745660206e-02 -1.729891202584654675e-02 -1.832373175111501329e-02 -1.936958880405614813e-02 -2.042693854984678481e-02 -2.149062546166413679e-02 -2.256886348959996624e-02 -2.364987010240304777e-02 -2.473031608862363839e-02 -2.581327681520906303e-02 -2.688610382828926504e-02 -2.795201194820506885e-02 -2.900481463156900919e-02 -3.003785425725913338e-02 -3.105169521291140100e-02 -3.203517270834377317e-02 -3.298866829355462382e-02 -3.390336834237883679e-02 -3.477550117009176045e-02 -3.559864594186668008e-02 -3.636731868466192008e-02 -3.707270617706781568e-02 -3.771132407894961514e-02 -3.827159079464348412e-02 -3.875397643009870219e-02 -3.913968846077064967e-02 -3.943441387550561394e-02 -3.961007691657025820e-02 -3.967726321221876074e-02 -3.960865988897721568e-02 -3.941148250047399326e-02 -3.906095734034464861e-02 -3.855032169367167416e-02 -3.787701985042168928e-02 -3.699799547160376179e-02 -3.596099387862838892e-02 -3.465156539118785517e-02 -3.319009631166502938e-02 -3.138961029228881650e-02 -2.939519801673995403e-02 -2.707744782186771726e-02 -2.445629563835205467e-02 -2.157455777545358444e-02 -1.819854384641927947e-02 -1.461166021893767208e-02 -1.041091823832307472e-02 -5.854716137894677708e-03 -8.512157869168257562e-04 4.935162849371232952e-03 1.098929444542084966e-02 1.820539381837649184e-02 2.604961414544060272e-02 3.456853981436702750e-02 4.556961302597828389e-02 5.720356422698591459e-02
5.764498945920459860e-04 3.861380207553777311e-04 2.462402558536247454e-04 1.463502668468397161e-04 7.892070157888841919e-05 3.697318443662833687e-05 1.356378648986744651e-05 3.104667806730354584e-06 7.316469741169839835e-08 0.000000000000000000e+00 -1.359506295428580813e-06 -7.912227470208144098e-06 -2.270088840772288563e-05 -4.967547532996885451e-05 -9.104226255418623737e-05 -1.495481829268952012e-04 -2.278833233688715154e-04 -3.278216428410640759e-04 -4.508639427748262207e-04 -6.009946340089777905e-04 -7.774330990761857407e-04 -9.824701695174686833e-04 -1.217419136799402501e-03 -1.483234100153385526e-03 -1.780383118208828108e-03 -2.111405072103611502e-03 -2.476150595965509460e-03 -2.874523786162153094e-03 -3.308462670707168485e-03 -3.777128013887631752e-03 -4.280927464334283172e-03 -4.820399140364139967e-03 -5.395196083528230879e-03 -6.005089882366143605e-03 -6.649664690772327802e-03 -7.327986417213883108e-03 -8.041809929370202781e-03 -8.790299660152545158e-03 -9.570574064766024236e-03 -1.038108785750269103e-02 -1.122012651753667711e-02 -1.209197654324811744e-02 -1.299210173710696470e-02 -1.391646867028872858e-02 -1.486295255900538237e-02 -1.583865650181648377e-02 -1.683275696979824598e-02 -1.784253517895884045e-02 -1.887324247746424710e-02 -1.991573806750901454e-02 -2.096505239904444817e-02 -2.202872950427336995e-02 -2.309555853837885753e-02 -2.416225169714580900e-02 -2.523127070641062453e-02 -2.629074816250120961e-02 -2.734333635475405533e-02 -2.838301576651636182e-02 -2.940342386682404108e-02 -3.040435439733124579e-02 -3.137562810753513620e-02 -3.231658946825777257e-02 -3.321927651947986782e-02 -3.407932995572648949e-02 -3.489058728083238581e-02 -3.564750869961963442e-02 -3.634106205514053833e-02 -3.696812041054953202e-02 -3.751650246861615301e-02 -3.798733054328162773e-02 -3.836098579742086567e-02 -3.864395148593557927e-02 -3.880725895462244779e-02 -3.886225615400717981e-02 -3.878082613954969560e-02 -3.857072713281894938e-02 -3.820672108956291169e-02 -3.768209461353422274e-02 -3.699445794692290956e-02 -3.609996039685614555e-02 -3.504756042272960670e-02 -3.372066990588507007e-02 -3.224216101832899639e-02 -3.042197788412004389e-02 -2.840779431510187525e-02 -2.606825029961534756e-02 -2.342377989890609413e-02 -2.051791716165218826e-02 -1.711395436204621312e-02 -1.349919715352010385e-02 -9.265740540296607541e-03 -4.675369536150886240e-03 3.648038134475006800e-04 6.193871844749621047e-03 1.229084069373231891e-02 1.955902489559602220e-02 2.745858514853272148e-02 3.603622007859463849e-02 4.711366283951845535e-02 5.882505596112275192e-02
6.205481544326874044e-04 4.179293530377492516e-04 2.678179796027357895e-04 1.595695950870057445e-04 8.560944432256523129e-05 3.893354922301917043e-05 1.242907563592243747e-05 4.991694246836431148e-07 -2.590747751551880640e-06 -1.359506295428580813e-06 0.000000000000000000e+00 -2.590406724789495740e-06 -1.238435295802808866e-05 -3.308806841784139863e-05 -6.721066087767013641e-05 -1.175061381698538909e-04 -1.866685447037275125e-04 -2.766060923651281200e-04 -3.889235201681717768e-04 -5.273918279694589373e-04 -6.915741500210792481e-04 -8.837169351175733212e-04 -1.105182133663729083e-03 -1.356987152026922772e-03 -1.639682295068500828e-03 -1.955731297925700218e-03 -2.305096361447378506e-03 -2.687765876863035253e-03 -3.105630922922930637e-03 -3.557963015386467198e-03 -4.045196260995198578e-03 -4.567884645912845265e-03 -5.125735370996808982e-03 -5.718560276166018141e-03 -6.345985538803056158e-03 -7.007133747066629503e-03 -7.703661265915151546e-03 -8.434762624735414605e-03 -9.197712839259630790e-03 -9.991020205178613445e-03 -1.081302338086753689e-02 -1.166772437992580347e-02 -1.255079897087341134e-02 -1.345836866293947942e-02 -1.438834927928667184e-02 -1.534734988674657519e-02 -1.632508268931698314e-02 -1.731888356467237156e-02 -1.833353285955152678e-02 -1.936028392827660038e-02 -2.039434914483806427e-02 -2.144262182471745604e-02 -2.249444814165280082e-02 -2.354658181469171385e-02 -2.460089041079749350e-02 -2.564626613282683376e-02 -2.668481535648370429e-02 -2.771068191484971077e-02 -2.871779122914730475e-02 -2.970518951353073867e-02 -3.066365604403442635e-02 -3.159152854191971116e-02 -3.248167329403883752e-02 -3.332916090559978617e-02 -3.412808061733574316e-02 -3.487283904318916328e-02 -3.555419265218395797e-02 -3.616936179334961921e-02 -3.670558329821815846e-02 -3.716461277307425703e-02 -3.752603010883703849e-02 -3.779709113960683098e-02 -3.794796270947953243e-02 -3.799073122885154863e-02 -3.789649991601307111e-02 -3.767355262547611439e-02 -3.729620173762449031e-02 -3.675778097548787482e-02 -3.605606097161895285e-02 -3.514642096706122043e-02 -3.407899310214423938e-02 -3.273511730550648924e-02 -3.124007172873133342e-02 -2.940081845612563249e-02 -2.736752970736333612e-02 -2.500695667701535729e-02 -2.234001347643499447e-02 -1.941092731930149640e-02 -1.598006331485923859e-02 -1.233850390960467003e-02 -8.073573408939105356e-03 -3.450337528915436991e-03 1.625115779054331355e-03 7.495296552052943539e-03 1.363351267918633258e-02 2.095193904300685084e-02 2.890491269089534576e-02 3.753925449227446531e-02 4.869066300589952601e-02 6.047710258747729384e-02
6.465384162404053114e-04 4.332587543167676358e-04 2.745123501660673426e-04 1.594265532220973114e-04 8.040318428570447651e-05 3.041656708424600453e-05 2.191537948115218626e-06 -9.874384337971164882e-06 -1.172076895838980448e-05 -7.912227470208144098e-06 -2.590406724789495740e-06 0.000000000000000000e+00 -3.598584912056779217e-06 -1.685428023601165393e-05 -4.257042431532465088e-05 -8.350762765685360023e-05 -1.423653924638168533e-04 -2.211799567407579659e-04 -3.216585888189404940e-04 -4.473651504253162159e-04 -5.981984521631344975e-04 -7.763607473435518713e-04 -9.832621678358410833e-04 -1.219982880346748289e-03 -1.487154784696520515e-03 -1.787167309664439152e-03 -2.120093363837893818e-03 -2.486005198101715052e-03 -2.886747523109356450e-03 -3.321702029204454121e-03 -3.791329424456812980e-03 -4.296199718609394758e-03 -4.836074225452735575e-03 -5.410805099080095992e-03 -6.020060622198841749e-03 -6.663020123570118081e-03 -7.341245261925144483e-03 -8.053961716272706184e-03 -8.798597587602152714e-03 -9.573714905923402796e-03 -1.037770566992590737e-02 -1.121429642553417594e-02 -1.207937002252956749e-02 -1.296920036699500400e-02 -1.388174440724609937e-02 -1.482313181074623731e-02 -1.578359701099385504e-02 -1.676053056861726009e-02 -1.775825643375383844e-02 -1.876841299920850581e-02 -1.978639076151056386e-02 -2.081845062099352273e-02 -2.185448189262440000e-02 -2.289127998280882093e-02 -2.393013695255541418e-02 -2.496068422548580745e-02 -2.598449814799230762e-02 -2.699588246282935700e-02 -2.798904378981659224e-02 -2.896230294011958861e-02 -2.990737199055870654e-02 -3.082161091084067994e-02 -3.169869192933794100e-02 -3.253313234136279153e-02 -3.331926687514152885e-02 -3.405145072397186556e-02 -3.472023625425157967e-02 -3.532318147097057714e-02 -3.584695838708851223e-02 -3.629393787119250536e-02 -3.664292247547995540e-02 -3.690191802683240319e-02 -3.704025401114352523e-02 -3.707073253089698817e-02 -3.696370008013527553e-02 -3.672794990852401575e-02 -3.633735890180467276e-02 -3.578530580026562102e-02 -3.506971631437694192e-02 -3.414522272473419218e-02 -3.306309327841627788e-02 -3.170265913161918192e-02 -3.019152845885908487e-02 -2.833377385528623726e-02 -2.628198545506388317e-02 -2.390108205397944996e-02 -2.121244059314930652e-02 -1.826095810163697042e-02 -1.480415766491849361e-02 -1.113678266002782191e-02 -6.841524005287036303e-03 -2.186627874433688667e-03 2.922817836405688929e-03 8.832652217295122732e-03 1.501064511145844271e-02 2.237760768997010263e-02 3.038221204215796334e-02 3.907140927856966872e-02 5.029456191974535084e-02 6.215383820207520671e-02
6.536243440110611758e-04 4.310432446141820861e-04 2.649645543046919016e-04 1.442962077936593701e-04 6.142020438415496386e-05 9.292702259577900747e-06 -1.951792950916075853e-05 -3.061671681514610555e-05 -3.014206322404788807e-05 -2.270088840772288563e-05 -1.238435295802808866e-05 -3.598584912056779217e-06 0.000000000000000000e+00 -4.822736799026117183e-06 -2.115706585004151208e-05 -5.176969425313426854e-05 -9.936694705658943860e-05 -1.661074810633822452e-04 -2.537998700274934905e-04 -3.658064197826771391e-04 -5.023544912181598932e-04 -6.656022622043566983e-04 -8.570076547033123049e-04 -1.077713145664627170e-03 -1.328431715546307679e-03 -1.611479197837328847e-03 -1.927038537613001701e-03 -2.275265531266668084e-03 -2.657959033526391401e-03 -3.074610508380648533e-03 -3.525707436871416967e-03 -4.011836040227700906e-03 -4.532811785172841113e-03 -5.088527262602782208e-03 -5.678693005121249193e-03 -6.302545228004996503e-03 -6.961554393166813348e-03 -7.654978404596279873e-03 -8.380395358918435456e-03 -9.136421253032933620e-03 -9.921501667096710442e-03 -1.073909598014965994e-02 -1.158528975815342754e-02 -1.245650709094647812e-02 -1.335074662176172211e-02 -1.427367208197172221e-02 -1.521602788791687200e-02 -1.617525939626329734e-02 -1.715524765150810982e-02 -1.814800786225123641e-02 -1.914910524542268178e-02 -2.016418514609952251e-02 -2.118366739507171470e-02 -2.220438932752821781e-02 -2.322708479850388308e-02 -2.424210577538377098e-02 -2.525051326938376750e-02 -2.624676786889401647e-02 -2.722535126577663167e-02 -2.818387936574695551e-02 -2.911497342251390119e-02 -3.001504247768860267e-02 -3.087854422036973023e-02 -3.169945819716801783e-02 -3.247235893609612400e-02 -3.319155228801162760e-02 -3.384739333648112414e-02 -3.443776891193373046e-02 -3.494880201374617190e-02 -3.538346218312626856e-02 -3.571979680526460310e-02 -3.596654089052131464e-02 -3.609221174391263887e-02 -3.611030614719923371e-02 -3.599043524368594760e-02 -3.574188671675881945e-02 -3.533811500820249751e-02 -3.477254195924306401e-02 -3.404324346573195381e-02 -3.310412619268232604e-02 -3.200755981010650064e-02 -3.063092495472552468e-02 -2.910408980012779701e-02 -2.722832272858044522e-02 -2.515855759771301603e-02 -2.275793261856051686e-02 -2.004827167649347874e-02 -1.707512008633416123e-02 -1.359323692796754468e-02 -9.900920184303441118e-03 -5.576352973724496565e-03 -8.908700555271265031e-04 4.251419012800017327e-03 1.019960181292212109e-02 1.641605624767117355e-02 2.383002665326960923e-02 3.188466456555438810e-02 4.062705892746465430e-02 5.191996483468230839e-02 6.385010034149529723e-02
6.353923265036698353e-04 4.051689684713144501e-04 2.333533539358167985e-04 1.086435013958331197e-04 2.340510393128436561e-05 -2.942037904718475261e-05 -5.741472025122540401e-05 -6.618251672130259777e-05 -6.205420859006771650e-05 -4.967547532996885451e-05 -3.308806841784139863e-05 -1.685428023601165393e-05 -4.822736799026117183e-06 0.000000000000000000e+00 -5.753984469558659498e-06 -2.485744473690321144e-05 -6.002504992341783918e-05 -1.135317522380496769e-04 -1.872859661478099014e-04 -2.844550620695329712e-04 -4.055865618360909863e-04 -5.527949478366656066e-04 -7.275854765101952282e-04 -9.311623766473653419e-04 -1.164319015145576230e-03 -1.429298697318448497e-03 -1.726393445814822236e-03 -2.055842101762239693e-03 -2.419398422642049518e-03 -2.816662956580007204e-03 -3.248150121115012112e-03 -3.714462559354814175e-03 -4.215469818786954370e-03 -4.751104978965470238e-03 -5.321120885166896741e-03 -5.924810651070866463e-03 -6.563557642529582736e-03 -7.236653074681020925e-03 -7.941821259616288486e-03 -8.677732249456004965e-03 -9.442885296358949354e-03 -1.024048243924058355e-02 -1.106680660224401702e-02 -1.191842917218444153e-02 -1.279339094782516728e-02 -1.369690579502425010e-02 -1.462021318452644270e-02 -1.556081317507662654e-02 -1.652215994532590937e-02 -1.749663534435907941e-02 -1.847997499687548117e-02 -1.947722895731018866e-02 -2.047933208670493777e-02 -2.148316371104397327e-02 -2.248892004409752676e-02 -2.348765088505910814e-02 -2.447991948733052592e-02 -2.546033937503666689e-02 -2.642365967687787531e-02 -2.736681588656464381e-02 -2.828330971572623476e-02 -2.916863142270764708e-02 -3.001799926444148614e-02 -3.082487358683760892e-02 -3.158406166450666852e-02 -3.228982231776833522e-02 -3.293232126278555771e-02 -3.350976341163536265e-02 -3.400774152639596259e-02 -3.442980381373450527e-02 -3.475326877453999153e-02 -3.498757564187005009e-02 -3.510045918705839707e-02 -3.510608584238472663e-02 -3.497335664346967743e-02 -3.471203587471061169e-02 -3.429517075437049645e-02 -3.371622387098316409e-02 -3.297341541096099338e-02 -3.201995142092606272e-02 -3.090926222048318017e-02 -2.951684614930438766e-02 -2.797474932234689238e-02 -2.608153539305280155e-02 -2.399439538507275316e-02 -2.157474736432163365e-02 -1.884484363233296378e-02 -1.585085274022601798e-02 -1.234486055935124504e-02 -8.628596048245062988e-03 -4.275880556320887926e-03 4.389692879951390125e-04 5.612796721274460054e-03 1.159784400158325735e-02 1.785126698916716936e-02 2.531050620320973721e-02 3.341336097762137580e-02 4.220706655360029202e-02 5.356745470219015370e-02 6.556619664613538845e-02
5.928252147430201902e-04 3.562161747097114528e-04 1.798703465104578569e-04 5.228392715850294081e-05 -3.419057096609723345e-05 -8.662332043563036876e-05 -1.127408207036717513e-04 -1.181445735471964298e-04 -1.093512804600793586e-04 -9.104226255418623737e-05 -6.721066087767013641e-05 -4.257042431532465088e-05 -2.115706585004151208e-05 -5.753984469558659498e-06 0.000000000000000000e+00 -6.673076696661617291e-06 -2.849779673164132276e-05 -6.786008287917866255e-05 -1.267669928347592290e-04 -2.081965175567690451e-04 -3.130093421384039232e-04 -4.432764968960167806e-04 -6.005502138263230094e-04 -7.860960533651040194e-04 -1.000787266965397215e-03 -1.246795457117255701e-03 -1.524521040169757313e-03 -1.834285584355943577e-03 -2.177798362076210914e-03 -2.554768573696519773e-03 -2.965737780202704066e-03 -3.411325272723808588e-03 -3.891454725731380293e-03 -4.406099845780997448e-03 -4.955055942795660862e-03 -5.537673162197664922e-03 -6.155251385822846366e-03 -6.807116239876509489e-03 -7.491135093239176257e-03 -8.206032264123974684e-03 -8.950360891541220276e-03 -9.727074277822267412e-03 -1.053264819722099510e-02 -1.136379899358397338e-02 -1.221861016489511620e-02 -1.310185975928745972e-02 -1.400526951141722876e-02 -1.492639424280850502e-02 -1.586827535963186708e-02 -1.682365270462371498e-02 -1.778842868937779986e-02 -1.876707580299930012e-02 -1.975103063232763745e-02 -2.073721468946476687e-02 -2.172530470435840577e-02 -2.270702860676099277e-02 -2.368246735976042849e-02 -2.464638416276276889e-02 -2.559378905552844863e-02 -2.652095871709614361e-02 -2.742225032566869558e-02 -2.829226363659553822e-02 -2.912695581338653472e-02 -2.991928438364011011e-02 -3.066428332422532765e-02 -3.135616657488871084e-02 -3.198491759717914107e-02 -3.254905005451669275e-02 -3.303364306746359169e-02 -3.344280603180560529e-02 -3.375315178840365693e-02 -3.397480193340340904e-02 -3.407473496310542416e-02 -3.406776497515373592e-02 -3.392210518111549167e-02 -3.364798083211117952e-02 -3.321804542587836195e-02 -3.262580027896255785e-02 -3.186960472197275518e-02 -3.090198626077522714e-02 -2.977739994125816470e-02 -2.836952191963804104e-02 -2.681250399319790034e-02 -2.490229274320865382e-02 -2.279826009075680560e-02 -2.036015705800753306e-02 -1.761064803210732332e-02 -1.459650271640189345e-02 -1.106721335699600850e-02 -7.327831371936155413e-03 -2.947944098055876871e-03 1.795243525060441492e-03 6.999505501037006638e-03 1.302015724871252722e-02 1.930928076681115435e-02 2.681230740132700685e-02 3.496183074185510442e-02 4.380524008156849725e-02 5.523117204082905740e-02 6.729660006898852131e-02
5.232747052754671557e-04 2.815209799249540623e-04 1.018375907539947889e-04 -2.747317097351320569e-05 -1.140690117105158663e-04 -1.650288306632718971e-04 -1.882185537819269783e-04 -1.892340655488267132e-04 -1.747726264759164039e-04 -1.495481829268952012e-04 -1.175061381698538909e-04 -8.350762765685360023e-05 -5.176969425313426854e-05 -2.485744473690321144e-05 -6.673076696661617291e-06 0.000000000000000000e+00 -7.573453944975661045e-06 -3.188542997989429750e-05 -7.504035203298453638e-05 -1.398324783580262576e-04 -2.274285727049685235e-04 -3.398565122976204833e-04 -4.787151500692532480e-04 -6.453309549835362091e-04 -8.406565417345968072e-04 -1.066792699460528127e-03 -1.324247522261234877e-03 -1.613424968483823108e-03 -1.935990483549199226e-03 -2.291761450901375063e-03 -2.681306785062953502e-03 -3.105262663697261338e-03 -3.563606921545336981e-03 -4.056354020189334442e-03 -4.583341874579094366e-03 -5.143977776384756062e-03 -5.739481840530413770e-03 -6.369215213170353884e-03 -7.031185046656451831e-03 -7.724170109251748961e-03 -8.446777611030520383e-03 -9.201721020071773616e-03 -9.985664273533201296e-03 -1.079546619820548337e-02 -1.162925350938504021e-02 -1.249138303748298373e-02 -1.337404543714293403e-02 -1.427485030483910400e-02 -1.519644093149208341e-02 -1.613190609145487286e-02 -1.707731115655153342e-02 -1.803656954727272943e-02 -1.900160563661090762e-02 -1.996938327440567207e-02 -2.093907863762611843e-02 -2.190307714803496619e-02 -2.286099361996218882e-02 -2.380773748694076097e-02 -2.473857281619229465e-02 -2.564914002689766548e-02 -2.653462556198316058e-02 -2.738876823482161438e-02 -2.820824140120314905e-02 -2.898551687318151604e-02 -2.971584895944767712e-02 -3.039340892503938907e-02 -3.100800536161918419e-02 -3.155845089117692570e-02 -3.202932830279348053e-02 -3.242528988342296969e-02 -3.272226701510649871e-02 -3.293104080706166226e-02 -3.301786079165069943e-02 -3.299816579424053042e-02 -3.283950437749250106e-02 -3.255254644953964327e-02 -3.210956577500068132e-02 -3.150410026428285271e-02 -3.073464299911732311e-02 -2.975306581150993779e-02 -2.861481119408315621e-02 -2.719179535867555231e-02 -2.562020093178241087e-02 -2.369344801196049399e-02 -2.157301055944560453e-02 -1.911702735916909202e-02 -1.634855797466172600e-02 -1.331495044846231490e-02 -9.763185332747892353e-03 -6.001524708425187704e-03 -1.595453265382795749e-03 3.175032041410563721e-03 8.408613371942097459e-03 1.446359576743183606e-02 2.078713950167399016e-02 2.833245643268056391e-02 3.652708474628507673e-02 4.541857595642062595e-02 5.690809556450326934e-02 6.903827545101581808e-02
4.240145316931620556e-04 1.783677161482088991e-04 -3.451672474508171717e-06 -1.333272588106559908e-04 -2.189240513689183487e-04 -2.673267869478523906e-04 -2.865354665831931769e-04 -2.821378527388951341e-04 -2.610059644021500702e-04 -2.278833233688715154e-04 -1.866685447037275125e-04 -1.423653924638168533e-04 -9.936694705658943860e-05 -6.002504992341783918e-05 -2.849779673164132276e-05 -7.573453944975661045e-06 0.000000000000000000e+00 -8.369464756352584800e-06 -3.488261253647984006e-05 -8.215585048709783678e-05 -1.516546581346034372e-04 -2.453640529376244217e-04 -3.649291343658100928e-04 -5.117368343119377272e-04 -6.868185812578531113e-04 -8.922052503188560024e-04 -1.128511864953885002e-03 -1.396224402470780390e-03 -1.696965136104955363e-03 -2.030659130337397755e-03 -2.397902840178267603e-03 -2.799349544922336008e-03 -3.235031241061725460e-03 -3.705003240131898856e-03 -4.209146166171628956e-03 -4.746924532107787975e-03 -5.319482595084301657e-03 -5.926218169144958914e-03 -6.565274638704265975e-03 -7.235485356552828762e-03 -7.935511735081335338e-03 -8.667836883112789437e-03 -9.429307819793897316e-03 -1.021692313089606063e-02 -1.102885322579938432e-02 -1.186904933650589911e-02 -1.273015663019216870e-02 -1.360983940418059035e-02 -1.451035853393001229e-02 -1.542514190204780089e-02 -1.635041362622158267e-02 -1.728954790967873745e-02 -1.823494180711726642e-02 -1.918360157610921046e-02 -2.013422318649527032e-02 -2.107982719506740210e-02 -2.201957959724176739e-02 -2.294853225737358837e-02 -2.386219574701231583e-02 -2.475559848782471484e-02 -2.562472781085478601e-02 -2.646249339153872171e-02 -2.726626018008193597e-02 -2.802803262691566655e-02 -2.874327840420676239e-02 -2.940612838437539622e-02 -3.000622414495246471e-02 -3.054266662430382695e-02 -3.099956080193588814e-02 -3.138208207933868010e-02 -3.166550627707276355e-02 -3.186124937998746631e-02 -3.193486114259524999e-02 -3.190238042375581617e-02 -3.173071582965580895e-02 -3.143096436859782461e-02 -3.097503488733821531e-02 -3.035649949262697600e-02 -2.957397913306869519e-02 -2.857871417476443021e-02 -2.742709478768956544e-02 -2.598934314655765299e-02 -2.440359321429519390e-02 -2.246083430027090433e-02 -2.032455887637552028e-02 -1.785135111935454155e-02 -1.506464774358273750e-02 -1.201235095802843933e-02 -8.439015291134666086e-03 -4.655996149023899910e-03 -2.248125096540043444e-04 4.571847486565028262e-03 9.833550957404457726e-03 1.592150649909307436e-02 2.227811056071660190e-02 2.986413954758271316e-02 3.810223186368766335e-02 4.704011058756696340e-02 5.859119362714504398e-02 7.078413359924551340e-02
2.948196903724831230e-04 4.632333573295621676e-05 -1.366281127314072918e-04 -2.660971633992037511e-04 -3.497535970968801422e-04 -3.946855041002672593e-04 -4.090222317437719468e-04 -3.983412709054334755e-04 -3.696842570469760503e-04 -3.278216428410640759e-04 -2.766060923651281200e-04 -2.211799567407579659e-04 -1.661074810633822452e-04 -1.135317522380496769e-04 -6.786008287917866255e-05 -3.188542997989429750e-05 -8.369464756352584800e-06 0.000000000000000000e+00 -9.072585579805725331e-06 -3.803124704293558977e-05 -8.863356759825080644e-05 -1.628220447771333568e-04 -2.622877121863931293e-04 -3.884775809191998164e-04 -5.425014202088407345e-04 -7.263210906870432026e-04 -9.406578812156674019e-04 -1.186079481892754472e-03 -1.464165676533735194e-03 -1.774948778467955179e-03 -2.119053012701321848e-03 -2.497149026551404027e-03 -2.909323038443156761e-03 -3.355671362268108915e-03 -3.836117490317536571e-03 -4.350183283563624492e-03 -4.898940765502457495e-03 -5.481825532024919845e-03 -6.097114067368458734e-03 -6.743694503248964800e-03 -7.420282646918852087e-03 -8.129139956773001607e-03 -8.867292017024297479e-03 -9.631874771449111527e-03 -1.042110283703312490e-02 -1.123853620284120947e-02 -1.207726150230437057e-02 -1.293499774775308531e-02 -1.381363785017908352e-02 -1.470693991675664503e-02 -1.561128304457881644e-02 -1.652952052585243692e-02 -1.745450836264283989e-02 -1.838329537501959265e-02 -1.931411609333577584e-02 -2.024060579991660003e-02 -2.116149769682462711e-02 -2.207198270557553244e-02 -2.296781107977396985e-02 -2.384342167168262971e-02 -2.469557669531285971e-02 -2.551638608597595059e-02 -2.630388384347293051e-02 -2.704962407572353289e-02 -2.774928151371280904e-02 -2.839694884922672191e-02 -2.898210800118594666e-02 -2.950413851747613059e-02 -2.994668478754902718e-02 -3.031542718013191529e-02 -3.058500998912527802e-02 -3.076746142989039701e-02 -3.082765854477031997e-02 -3.078221753254883897e-02 -3.059742999894599080e-02 -3.028480393944676941e-02 -2.981589709863308180e-02 -2.918431369242269202e-02 -2.838879720981735133e-02 -2.737997910233769261e-02 -2.621516050802774611e-02 -2.476293079031754996e-02 -2.316330168140878776e-02 -2.120492059702805410e-02 -1.905322118304975110e-02 -1.656328668278517213e-02 -1.375891439897936053e-02 -1.068853837779182303e-02 -7.094367106071253204e-03 -3.290740181203566372e-03 1.164661122049492903e-03 5.986551356625513520e-03 1.127536059875888785e-02 1.739511988022113265e-02 2.378360977267601761e-02 3.140896693636296977e-02 3.968907634068707946e-02 4.867184025782156365e-02 6.028266110353386331e-02 7.253655975420236768e-02
1.352037451196608231e-04 -1.152197937265286853e-04 -2.984180151679449722e-04 -4.266256060890816215e-04 -5.075146739650371330e-04 -5.481742557261748416e-04 -5.568585171897844077e-04 -5.391325872544650011e-04 -5.022027946232077156e-04 -4.508639427748262207e-04 -3.889235201681717768e-04 -3.216585888189404940e-04 -2.537998700274934905e-04 -1.872859661478099014e-04 -1.267669928347592290e-04 -7.504035203298453638e-05 -3.488261253647984006e-05 -9.072585579805725331e-06 0.000000000000000000e+00 -9.940941017916316014e-06 -4.093916971448230413e-05 -9.489483983549096280e-05 -1.735446080419755788e-04 -2.783952020579683051e-04 -4.106342868211987351e-04 -5.721555104665210223e-04 -7.637858247087070396e-04 -9.861743515060528154e-04 -1.240859001162109010e-03 -1.527978954286690616e-03 -1.848186425893905138e-03 -2.202169673098386404e-03 -2.590069203765588135e-03 -3.012022480846421324e-03 -3.467996022192387784e-03 -3.957569176229913666e-03 -4.481745290189298458e-03 -5.039998870150053101e-03 -5.630736404736103040e-03 -6.252901001685517990e-03 -6.905263056824151313e-03 -7.589871004193837756e-03 -8.303924523791028633e-03 -9.044694543175912926e-03 -9.810440396350372794e-03 -1.060434509971197592e-02 -1.141992379109246780e-02 -1.225495020870148721e-02 -1.311096370443931569e-02 -1.398204378853562524e-02 -1.486472077170863937e-02 -1.576134527773376259e-02 -1.666521856678504498e-02 -1.757343217002016456e-02 -1.848377797442990467e-02 -1.939048557299283271e-02 -2.029187138805399471e-02 -2.118326203107956385e-02 -2.206064060901202772e-02 -2.291787887399765467e-02 -2.375248788018902157e-02 -2.455580725679340492e-02 -2.532651747752656668e-02 -2.605573934935934144e-02 -2.673934834132729588e-02 -2.737140116916070287e-02 -2.794122747381655447e-02 -2.844847566763997193e-02 -2.887634678484518602e-02 -2.923100796348732100e-02 -2.948649602933284264e-02 -2.965542872783810679e-02 -2.970203749271393967e-02 -2.964349310301217510e-02 -2.944549309110033875e-02 -2.911994028663555945e-02 -2.863805511363826106e-02 -2.799347176263788928e-02 -2.718505089098655070e-02 -2.616283748149916821e-02 -2.498500696523642262e-02 -2.351857681218194607e-02 -2.190536321336888914e-02 -1.993176002093322019e-02 -1.776506507983466321e-02 -1.525891383678579238e-02 -1.243744762769827261e-02 -9.349610102249217292e-03 -5.735342542060983817e-03 -1.911860858287983689e-03 2.566865542414253909e-03 7.413046522259492122e-03 1.272795383922042944e-02 1.887836203957815595e-02 2.529758063502529630e-02 3.296090860196965178e-02 4.128162021638648316e-02 5.030780530040146470e-02 6.197659704401992098e-02 7.428971775567405622e-02
-6.105361646846496626e-05 -3.122029905915368886e-04 -4.944921017828729504e-04 -6.203203634713716497e-04 -6.973597767276906723e-04 -7.326979252598730952e-04 -7.347087868384560849e-04 -7.089430559934495335e-04 -6.627661901023040869e-04 -6.009946340089777905e-04 -5.273918279694589373e-04 -4.473651504253162159e-04 -3.658064197826771391e-04 -2.844550620695329712e-04 -2.081965175567690451e-04 -1.398324783580262576e-04 -8.215585048709783678e-05 -3.803124704293558977e-05 -9.940941017916316014e-06 0.000000000000000000e+00 -1.052998604655908110e-05 -4.338953056071126468e-05 -1.003605158500509020e-04 -1.830089121923617057e-04 -2.925996877010117458e-04 -4.309593692052304803e-04 -5.990197193758151073e-04 -7.975108597343405492e-04 -1.027929622844481194e-03 -1.290521444756942415e-03 -1.585966718888220939e-03 -1.914971562060441279e-03 -2.277730731362948013e-03 -2.674422906405626854e-03 -3.105057697598612165e-03 -3.569271946291530107e-03 -4.068004520423329495e-03 -4.600770015139588054e-03 -5.166101038830306358e-03 -5.762995722726649284e-03 -6.390279085732197828e-03 -7.049796864299184840e-03 -7.738917228319541763e-03 -8.455042974270909895e-03 -9.196478545012376493e-03 -9.966047194026717015e-03 -1.075767655125547950e-02 -1.156919485126972624e-02 -1.240180521324618645e-02 -1.324989752451244396e-02 -1.411014847894420665e-02 -1.498442812704314786e-02 -1.586646602465768829e-02 -1.675339634195938121e-02 -1.764259093421083335e-02 -1.852884858464265427e-02 -1.941008825219603384e-02 -2.028176788609237224e-02 -2.114009485430545787e-02 -2.197840092401026624e-02 -2.279491400119348921e-02 -2.358023901887673635e-02 -2.433367518451656775e-02 -2.504593049856096432e-02 -2.571307323295979330e-02 -2.632912657139918622e-02 -2.688327654180111548e-02 -2.737542839055562283e-02 -2.778836045437038660e-02 -2.812870440121251203e-02 -2.836991841921221447e-02 -2.852518217394528488e-02 -2.855811383384954105e-02 -2.848641120730099896e-02 -2.827520512133863129e-02 -2.793677365996516393e-02 -2.744201618988395541e-02 -2.678459414158029794e-02 -2.596347872073501151e-02 -2.492815502597101052e-02 -2.373762894417719149e-02 -2.225741832686400912e-02 -2.063105657986896713e-02 -1.864278846520617261e-02 -1.646168476923781654e-02 -1.393999585411009878e-02 -1.110218736063250944e-02 -7.997686195924891273e-03 -4.364259113102231247e-03 -5.218712570863592859e-04 3.979072173770914489e-03 8.848385271066683266e-03 1.418815653902216756e-02 2.036781191268255409e-02 2.681635947502514217e-02 3.451602959669408666e-02 4.287565306412810529e-02 5.194351733824054129e-02 6.366819495772957360e-02 7.603849608903856527e-02
-2.896533782860144512e-04 -5.407612767235336904e-04 -7.214071495851293037e-04 -8.441489336963314827e-04 -9.166562909529440972e-04 -9.460131550130812528e-04 -9.407091067215045399e-04 -9.062784804807488825e-04 -8.502412540113413186e-04 -7.774330990761857407e-04 -6.915741500210792481e-04 -5.981984521631344975e-04 -5.023544912181598932e-04 -4.055865618360909863e-04 -3.130093421384039232e-04 -2.274285727049685235e-04 -1.516546581346034372e-04 -8.863356759825080644e-05 -4.093916971448230413e-05 -1.052998604655908110e-05 0.000000000000000000e+00 -1.116601954964657750e-05 -4.585500064202552295e-05 -1.056918354025437878e-04 -1.920183532849728536e-04 -3.065946977428568587e-04 -4.504568808608722108e-04 -6.244157644751391345e-04 -8.299276644064823572e-04 -1.067343927004804627e-03 -1.337373327977009474e-03 -1.640740062268664090e-03 -1.977693200272856444e-03 -2.348452770509545928e-03 -2.753071614656876775e-03 -3.191244192223163800e-03 -3.663848462389096561e-03 -4.170440265948149872e-03 -4.709675169300764352e-03 -5.280606501498974481e-03 -5.882114070658084337e-03 -6.515849691919539666e-03 -7.179345446441276479e-03 -7.870133544775614887e-03 -8.586564018897235862e-03 -9.331114988349598072e-03 -1.009811323728715404e-02 -1.088544145303471655e-02 -1.169398135929333726e-02 -1.251842410769044012e-02 -1.335558882027432226e-02 -1.420688381405810219e-02 -1.506645273955853348e-02 -1.593147250016091476e-02 -1.679891443505332482e-02 -1.766412525288718616e-02 -1.852464304441325815e-02 -1.937605357237670578e-02 -2.021478130010812002e-02 -2.103364138776153691e-02 -2.183155140638148861e-02 -2.259841222934222404e-02 -2.333411821905251315e-02 -2.402898228584116058e-02 -2.467925887043953548e-02 -2.527893986604479171e-02 -2.581707534575872209e-02 -2.629381716860390572e-02 -2.669153887735842279e-02 -2.701731765085946257e-02 -2.724405803348750599e-02 -2.738547792069989661e-02 -2.740461034938312945e-02 -2.731965642346723122e-02 -2.709520398797304885e-02 -2.674388954490392045e-02 -2.623630560362510966e-02 -2.556613853375322432e-02 -2.473246443356669211e-02 -2.368423159127897026e-02 -2.248123841630855768e-02 -2.098756573403592895e-02 -1.934838866411825453e-02 -1.734589339108671968e-02 -1.515084457564674913e-02 -1.261416167210027695e-02 -9.760617513456026906e-03 -6.640099430760715293e-03 -2.988279484166356248e-03 8.722376251774077716e-04 5.394483938916727617e-03 1.028597169933398447e-02 1.564958508128522219e-02 2.185732289711384002e-02 2.833403714302407117e-02 3.606869335923479358e-02 4.446582174989432978e-02 5.357391671162869962e-02 6.535274618858766260e-02 7.777853490814823356e-02
-5.532847625560055604e-04 -8.035408451699810328e-04 -9.817657750775810044e-04 -1.100669855726876811e-03 -1.167918344294971433e-03 -1.190589488901827586e-03 -1.177284299213043894e-03 -1.133518984959946962e-03 -1.066963411617383173e-03 -9.824701695174686833e-04 -8.837169351175733212e-04 -7.763607473435518713e-04 -6.656022622043566983e-04 -5.527949478366656066e-04 -4.432764968960167806e-04 -3.398565122976204833e-04 -2.453640529376244217e-04 -1.628220447771333568e-04 -9.489483983549096280e-05 -4.338953056071126468e-05 -1.116601954964657750e-05 0.000000000000000000e+00 -1.176289218729476005e-05 -4.813819399696050993e-05 -1.105441619143610055e-04 -2.006754149146416921e-04 -3.196715514216519338e-04 -4.684238524852446517e-04 -6.483487817545707799e-04 -8.599031497785736278e-04 -1.103824313962498138e-03 -1.380854789648111591e-03 -1.691297989442452909e-03 -2.035415402737106305e-03 -2.413303216437623355e-03 -2.824713586007554511e-03 -3.270467268589483112e-03 -3.750162489862263193e-03 -4.262574463865909102e-03 -4.806811842443470262e-03 -5.381809336679865829e-03 -5.989033978529456625e-03 -6.626176956403218021e-03 -7.290897258145800919e-03 -7.981590939915461647e-03 -8.700406276866301525e-03 -9.442055196771770298e-03 -1.020447472730501293e-02 -1.098824067738735089e-02 -1.178833584352834141e-02 -1.260171757548000926e-02 -1.342935220827312648e-02 -1.426578253412302821e-02 -1.510822822587354342e-02 -1.595328047898558754e-02 -1.679681159075330221e-02 -1.763599616717848040e-02 -1.846654403756708973e-02 -1.928508917612570261e-02 -2.008395461867762410e-02 -2.086271901101421911e-02 -2.161061128616170723e-02 -2.232809616578279588e-02 -2.300511002455274401e-02 -2.363808646910114941e-02 -2.422098841678921310e-02 -2.474273795314541058e-02 -2.520372280797966713e-02 -2.558593048945922988e-02 -2.589686372576616158e-02 -2.610889957050344101e-02 -2.623626932086764452e-02 -2.624145025078850058e-02 -2.614312194752566043e-02 -2.590535409589356242e-02 -2.554112401390096210e-02 -2.502073215884248469e-02 -2.433788745084186633e-02 -2.349176497493488114e-02 -2.243080030644362122e-02 -2.121554483224508125e-02 -1.970870767113674926e-02 -1.805702695554745052e-02 -1.604072462883954220e-02 -1.383217692112992392e-02 -1.128102890519078194e-02 -8.412342851929710541e-03 -5.276442790345670097e-03 -1.606989410802728280e-03 2.270887269986254786e-03 6.813524018719152586e-03 1.172622903221665069e-02 1.711265994248112321e-02 2.334730616354396826e-02 2.985101538822176881e-02 3.761928247253043534e-02 4.605248647227544456e-02 5.519933789377606814e-02 6.703054182598089383e-02 7.951008176758644908e-02
-8.527916885594510887e-04 -1.101441610209086264e-03 -1.276522651166511757e-03 -1.390891501467095281e-03 -1.452207034119523676e-03 -1.467539861640609899e-03 -1.445598356472732604e-03 -1.391878911722321810e-03 -1.314196750099583255e-03 -1.217419136799402501e-03 -1.105182133663729083e-03 -9.832621678358410833e-04 -8.570076547033123049e-04 -7.275854765101952282e-04 -6.005502138263230094e-04 -4.787151500692532480e-04 -3.649291343658100928e-04 -2.622877121863931293e-04 -1.735446080419755788e-04 -1.003605158500509020e-04 -4.585500064202552295e-05 -1.176289218729476005e-05 0.000000000000000000e+00 -1.230780017846822005e-05 -5.018056503613976815e-05 -1.152482741219040818e-04 -2.087534393695467116e-04 -3.316674271152120212e-04 -4.853674993705592300e-04 -6.704154805845519149e-04 -8.875774965368954383e-04 -1.137614608605508337e-03 -1.420884589124482567e-03 -1.737690484832188353e-03 -2.088171925509030302e-03 -2.472138825655556538e-03 -2.890358456736352721e-03 -3.342472573110266687e-03 -3.827372676576068500e-03 -4.344222844344769463e-03 -4.892012780340015965e-03 -5.472033972838796778e-03 -6.082131833160753231e-03 -6.720089429993358898e-03 -7.384349255761146757e-03 -8.076745250232053586e-03 -8.792360235952645375e-03 -9.529185434210218908e-03 -1.028750646669940316e-02 -1.106258797097703361e-02 -1.185152121537191849e-02 -1.265485064653371072e-02 -1.346750294892939959e-02 -1.428674056829026817e-02 -1.510879531339714976e-02 -1.593004226384919786e-02 -1.674731024727171835e-02 -1.755642932060719197e-02 -1.835423519650236646e-02 -1.913258376318816012e-02 -1.989168552168274484e-02 -2.062013024046527310e-02 -2.131892765669363143e-02 -2.197765653418548570e-02 -2.259292246934352377e-02 -2.315866174054193039e-02 -2.366367656340528924e-02 -2.410857954075174003e-02 -2.447499127555741172e-02 -2.477081963930871655e-02 -2.496794086894027487e-02 -2.508107429635153540e-02 -2.507217136613626440e-02 -2.496036481275920593e-02 -2.470923143970671365e-02 -2.433207141006787921e-02 -2.379890818011887177e-02 -2.310347075508745185e-02 -2.224502715637766137e-02 -2.117152472649830308e-02 -1.994422757780256461e-02 -1.842453946407474064e-02 -1.676068154229304330e-02 -1.473100721929376800e-02 -1.250942073573924063e-02 -9.944350033314286463e-03 -7.061128761537305287e-03 -3.910493567724881991e-03 -2.241779587025538589e-04 3.670278297041251747e-03 8.232382972517715558e-03 1.316533906817363153e-02 1.857355537403071466e-02 2.483392926711591731e-02 3.136345702885989795e-02 3.916395620316281967e-02 4.763180518732090807e-02 5.681593996487444009e-02 6.869774556108265706e-02 8.122930940629269347e-02
-1.188523053032408683e-03 -1.434883914609996758e-03 -1.606168228486914984e-03 -1.715373296905076117e-03 -1.770149697748579776e-03 -1.777558531051104396e-03 -1.746411596410646361e-03 -1.682183830684746972e-03 -1.592831413010253883e-03 -1.483234100153385526e-03 -1.356987152026922772e-03 -1.219982880346748289e-03 -1.077713145664627170e-03 -9.311623766473653419e-04 -7.860960533651040194e-04 -6.453309549835362091e-04 -5.117368343119377272e-04 -3.884775809191998164e-04 -2.783952020579683051e-04 -1.830089121923617057e-04 -1.056918354025437878e-04 -4.813819399696050993e-05 -1.230780017846822005e-05 0.000000000000000000e+00 -1.278429574180783845e-05 -5.222696494544543100e-05 -1.196727968667543607e-04 -2.161729052457816991e-04 -3.430659623681053816e-04 -5.010183707913062889e-04 -6.908251931675435387e-04 -9.132662464035323779e-04 -1.168753672249112086e-03 -1.457632157293109465e-03 -1.780084856557451189e-03 -2.135979493930517670e-03 -2.526033568372332283e-03 -2.949933516070202266e-03 -3.406683728683024270e-03 -3.895503796362498328e-03 -4.415438487985645644e-03 -4.967613046357621798e-03 -5.550022167258306105e-03 -6.160570261906861411e-03 -6.797746651933334050e-03 -7.463086613123448565e-03 -8.152029432264229492e-03 -8.862620345427840718e-03 -9.594870716324033211e-03 -1.034431708007299555e-02 -1.110818021655968213e-02 -1.188660306330702188e-02 -1.267488069378830406e-02 -1.347031829789169244e-02 -1.426880941583197338e-02 -1.506720867374622408e-02 -1.586201711371004741e-02 -1.664918110311885968e-02 -1.742573014571990875e-02 -1.818307842332222979e-02 -1.892203848433315905e-02 -1.963059432804836746e-02 -2.031027484471004119e-02 -2.095032046286038341e-02 -2.154750143052353017e-02 -2.209572974126405853e-02 -2.258369601207066424e-02 -2.301222646320899567e-02 -2.336259429377962604e-02 -2.364309166175126986e-02 -2.382512118392254852e-02 -2.392386431007442749e-02 -2.390077717963701165e-02 -2.377541978708519466e-02 -2.351090180505766014e-02 -2.312082787735125766e-02 -2.257495976996970466e-02 -2.186704401616534899e-02 -2.099643537134987525e-02 -1.991061782368364064e-02 -1.867152719282549889e-02 -1.713932929686567963e-02 -1.546364693137902702e-02 -1.342106215547189674e-02 -1.118692227448125909e-02 -8.608496122877840051e-03 -5.711370316828223714e-03 -2.546669643578636233e-03 1.155714490055248511e-03 5.065949560971172438e-03 9.646579416462186529e-03 1.459880182521611225e-02 2.002775442586501864e-02 2.631265970291107870e-02 3.286681641829447553e-02 4.069815808950494329e-02 4.919921367299773252e-02 5.841915462185576224e-02 7.034979277639841211e-02 8.293166234787807678e-02
-1.560166611059732311e-03 -1.803646822386206772e-03 -1.970571430938039548e-03 -2.074072803513238306e-03 -2.121791374273374053e-03 -2.120776913278610287e-03 -2.079940848946137955e-03 -2.004735062478668617e-03 -1.903252448904102501e-03 -1.780383118208828108e-03 -1.639682295068500828e-03 -1.487154784696520515e-03 -1.328431715546307679e-03 -1.164319015145576230e-03 -1.000787266965397215e-03 -8.406565417345968072e-04 -6.868185812578531113e-04 -5.425014202088407345e-04 -4.106342868211987351e-04 -2.925996877010117458e-04 -1.920183532849728536e-04 -1.105441619143610055e-04 -5.018056503613976815e-05 -1.278429574180783845e-05 0.000000000000000000e+00 -1.333057091335021482e-05 -5.422264989840552829e-05 -1.238067789985919376e-04 -2.233835793570282391e-04 -3.537236274301358563e-04 -5.156510754491527848e-04 -7.099646745750698429e-04 -9.371309412461448218e-04 -1.197536269257337693e-03 -1.491407406446931816e-03 -1.818669931928029726e-03 -2.179995250527477779e-03 -2.575115641316960691e-03 -3.003144974130678158e-03 -3.463358426853635486e-03 -3.954855890712316580e-03 -4.478605656232037546e-03 -5.032746748447891605e-03 -5.615302162972235500e-03 -6.224808424701411269e-03 -6.862517871784046264e-03 -7.524211747177211862e-03 -8.207989098519163917e-03 -8.913603057576269251e-03 -9.636852051932986996e-03 -1.037508190353741977e-02 -1.112805454765775082e-02 -1.189141781566227518e-02 -1.266251958686070989e-02 -1.343693646575494505e-02 -1.421197913424854242e-02 -1.498383899759536675e-02 -1.574857476682545165e-02 -1.650340168228303650e-02 -1.723931794354094382e-02 -1.795770797858442513e-02 -1.864598378375126320e-02 -1.930616721898370525e-02 -1.992717985972469741e-02 -2.050594916774040044e-02 -2.103636520991847281e-02 -2.150701537044652500e-02 -2.191892806375883573e-02 -2.225304880068768032e-02 -2.251803288628206889e-02 -2.268483682088373588e-02 -2.276907791361326705e-02 -2.273174788087573006e-02 -2.259280773994276625e-02 -2.231492603475859759e-02 -2.191199328109871836e-02 -2.135352500051224123e-02 -2.063328262275732072e-02 -1.975070132238088139e-02 -1.865282679539292943e-02 -1.740222511942279837e-02 -1.585789210073840216e-02 -1.417077008754397127e-02 -1.211576759570065498e-02 -9.869589398822209425e-03 -7.278403462623206366e-03 -4.368030755607432702e-03 -1.189959531010864602e-03 2.527675789830818864e-03 6.452867227501712932e-03 1.105105997420519071e-02 1.602154665997268523e-02 2.147017175092225116e-02 2.777840075648163598e-02 3.435598813376217198e-02 4.221677899791653754e-02 5.074960319341170756e-02 6.000387800262840798e-02 7.198159554656280434e-02 8.461207449798091584e-02
-1.970970677816041849e-03 -2.210897622900054316e-03 -2.372818951711375135e-03 -2.469996496305526534e-03 -2.510058849144014559e-03 -2.500042774189581429e-03 -2.448955509679606735e-03 -2.362224436403104200e-03 -2.248074816056488956e-03 -2.111405072103611502e-03 -1.955731297925700218e-03 -1.787167309664439152e-03 -1.611479197837328847e-03 -1.429298697318448497e-03 -1.246795457117255701e-03 -1.066792699460528127e-03 -8.922052503188560024e-04 -7.263210906870432026e-04 -5.721555104665210223e-04 -4.309593692052304803e-04 -3.065946977428568587e-04 -2.006754149146416921e-04 -1.152482741219040818e-04 -5.222696494544543100e-05 -1.333057091335021482e-05 0.000000000000000000e+00 -1.378248080785571261e-05 -5.588782479570841843e-05 -1.275792621088234213e-04 -2.297309954455428738e-04 -3.631964138359755623e-04 -5.287934094480029046e-04 -7.270428278774998532e-04 -9.583728107759315051e-04 -1.223053734875412246e-03 -1.521069016624299053e-03 -1.853047820435715920e-03 -2.218769403839027099e-03 -2.617453508929390438e-03 -3.048430910194133148e-03 -3.510856608960000180e-03 -4.005551706309118387e-03 -4.530794298506890527e-03 -5.084722975307709447e-03 -5.665921781815019820e-03 -6.275376683038014214e-03 -6.909195506568877043e-03 -7.565530817788657103e-03 -8.243894360290049406e-03 -8.940335795830867127e-03 -9.652321203036273722e-03 -1.037925318995414070e-02 -1.111711574133888991e-02 -1.186329929269847039e-02 -1.261308593874521655e-02 -1.336421755063221806e-02 -1.411259504850714830e-02 -1.485438523573523462e-02 -1.558698049076712167e-02 -1.630099016603869799e-02 -1.699833859385280199e-02 -1.766590143623469888e-02 -1.830616577200494532e-02 -1.890775488383777958e-02 -1.946774552486418841e-02 -1.998000828091561765e-02 -2.043303607767810171e-02 -2.082804741299626450e-02 -2.114568093859658937e-02 -2.139493272586856509e-02 -2.154634219416295959e-02 -2.161593474221001898e-02 -2.156427018239037707e-02 -2.141168287656958213e-02 -2.112042771072830671e-02 -2.070466143065163855e-02 -2.013366957939022317e-02 -1.940122572444169524e-02 -1.850683881167280997e-02 -1.739714269389447399e-02 -1.613529005547198469e-02 -1.457917835906707982e-02 -1.288098300238771365e-02 -1.081404206790737010e-02 -8.556327687341047650e-03 -5.952968484811305139e-03 -3.030000255584974767e-03 1.607512052447246376e-04 3.892818418284149651e-03 7.832141725460428638e-03 1.244692503135869099e-02 1.743466147632177776e-02 2.290187871176752044e-02 2.923219781256880534e-02 3.583199138717318988e-02 4.372079803127770781e-02 5.228390814484573657e-02 6.157099536430099551e-02 7.359396646396143549e-02 8.627128556220287070e-02
-2.419731300963623433e-03 -2.655555087138550263e-03 -2.811950580441591185e-03 -2.902303756507795818e-03 -2.934229695966794615e-03 -2.914750527597265162e-03 -2.852965643087679304e-03 -2.754276491623297574e-03 -2.627036566676732576e-03 -2.476150595965509460e-03 -2.305096361447378506e-03 -2.120093363837893818e-03 -1.927038537613001701e-03 -1.726393445814822236e-03 -1.524521040169757313e-03 -1.324247522261234877e-03 -1.128511864953885002e-03 -9.406578812156674019e-04 -7.637858247087070396e-04 -5.990197193758151073e-04 -4.504568808608722108e-04 -3.196715514216519338e-04 -2.087534393695467116e-04 -1.196727968667543607e-04 -5.422264989840552829e-05 -1.378248080785571261e-05 0.000000000000000000e+00 -1.416333288029036908e-05 -5.749916655162223833e-05 -1.309848277849523512e-04 -2.355030600798002638e-04 -3.718910603875968945e-04 -5.407239649243278379e-04 -7.424716902494354898e-04 -9.774482642285198253e-04 -1.245694928217133679e-03 -1.547802376749674025e-03 -1.883598001746644712e-03 -2.252403830565685716e-03 -2.653606240061168187e-03 -3.086415324770053203e-03 -3.551514653857945625e-03 -4.047316178758531002e-03 -4.572071114728570862e-03 -5.124411330423961353e-03 -5.705072877261962994e-03 -6.310474877269989236e-03 -6.938823105009594983e-03 -7.589404711134006831e-03 -8.258509987888129622e-03 -8.943720468919558186e-03 -9.644101038490449085e-03 -1.035595526023891377e-02 -1.107671597294790367e-02 -1.180139324525075750e-02 -1.252813521779294614e-02 -1.325257147470804142e-02 -1.397097265491964446e-02 -1.468089964416263715e-02 -1.537260016922181727e-02 -1.604850638220556291e-02 -1.669499338593760651e-02 -1.731498561900413069e-02 -1.789682868907305213e-02 -1.843774068416614842e-02 -1.893157514164067745e-02 -1.936673935081079101e-02 -1.974462969325818662e-02 -2.004559886534929003e-02 -2.027896118650940327e-02 -2.041486815481341477e-02 -2.046972531860546951e-02 -2.040369327680080502e-02 -2.023745186216163727e-02 -1.993286985157505242e-02 -1.950435044171694443e-02 -1.892096550109723108e-02 -1.817649790369813001e-02 -1.727052363817938030e-02 -1.614929117686914051e-02 -1.487649596442963684e-02 -1.330900883335284224e-02 -1.160015152825188967e-02 -9.521794785425363727e-03 -7.253087846238681635e-03 -4.638181305170241409e-03 -1.703306143197469424e-03 1.499400286164465079e-03 5.245048070334656920e-03 9.197649091215565065e-03 1.382802471781652276e-02 1.883197360683297461e-02 2.431668354806582055e-02 3.066784544352840758e-02 3.728861034069430591e-02 4.520399710676592520e-02 5.379591387323467977e-02 6.311430153729780113e-02 7.518072654740404204e-02 8.790314990398173656e-02
-2.905565438458879157e-03 -3.136826985935647905e-03 -3.287263818869901044e-03 -3.370380935808769962e-03 -3.393778278548476024e-03 -3.364461733248447217e-03 -3.291619324840566740e-03 -3.180625154806659971e-03 -3.039956954419387181e-03 -2.874523786162153094e-03 -2.687765876863035253e-03 -2.486005198101715052e-03 -2.275265531266668084e-03 -2.055842101762239693e-03 -1.834285584355943577e-03 -1.613424968483823108e-03 -1.396224402470780390e-03 -1.186079481892754472e-03 -9.861743515060528154e-04 -7.975108597343405492e-04 -6.244157644751391345e-04 -4.684238524852446517e-04 -3.316674271152120212e-04 -2.161729052457816991e-04 -1.238067789985919376e-04 -5.588782479570841843e-05 -1.416333288029036908e-05 0.000000000000000000e+00 -1.458787656061222293e-05 -5.900722901153176991e-05 -1.341702428887536769e-04 -2.409335395811007530e-04 -3.799265017659925192e-04 -5.516608305974335380e-04 -7.564942084016257340e-04 -9.945256790099277211e-04 -1.266311202299696959e-03 -1.571727459647065395e-03 -1.910195166558548152e-03 -2.281156296133790562e-03 -2.683876004339613708e-03 -3.118909963457539014e-03 -3.584798745130846065e-03 -4.079903210517876744e-03 -4.602903337389330218e-03 -5.154301753103940342e-03 -5.730813520768762714e-03 -6.330697288029263348e-03 -6.953032489150134943e-03 -7.594339393564353280e-03 -8.252310123818662468e-03 -8.925693555128066947e-03 -9.611096135421770548e-03 -1.030599292336209505e-02 -1.100514465966095923e-02 -1.170708057761282728e-02 -1.240717822522308111e-02 -1.310180777375835603e-02 -1.378868987121550926e-02 -1.445773813158901522e-02 -1.511186006564169126e-02 -1.573696637868016168e-02 -1.633639067553416258e-02 -1.689822172768329356e-02 -1.741981089066835242e-02 -1.789499708734532124e-02 -1.831211090426676513e-02 -1.867271421713478929e-02 -1.895689491913565838e-02 -1.917426273467026654e-02 -1.929461076374316963e-02 -1.933469636322071583e-02 -1.925431404264466018e-02 -1.907446081284136508e-02 -1.875664721128589285e-02 -1.831550280672655795e-02 -1.771990228571718173e-02 -1.696363490942065511e-02 -1.604633685459810888e-02 -1.491389794133934910e-02 -1.363051195268705218e-02 -1.205209555418840228e-02 -1.033302911505662447e-02 -8.243820143446600746e-03 -5.964703719299468965e-03 -3.338914208717791432e-03 -3.928578433690654848e-04 2.821042749796665028e-03 6.579385383556402012e-03 1.054437760648607725e-02 1.518931645367949113e-02 2.020841179485965977e-02 2.570948864952338209e-02 3.208022228600959647e-02 3.872070272378380640e-02 4.666121696828873233e-02 5.528044809347454347e-02 6.462861588205148777e-02 7.673669776794778130e-02 8.950249841459889666e-02
-3.430853637813258139e-03 -3.657043749256017051e-03 -3.801039058407118532e-03 -3.876458472660160304e-03 -3.890885293269308320e-03 -3.851307697061878699e-03 -3.766998821536415853e-03 -3.643304142715741989e-03 -3.488821587399049129e-03 -3.308462670707168485e-03 -3.105630922922930637e-03 -2.886747523109356450e-03 -2.657959033526391401e-03 -2.419398422642049518e-03 -2.177798362076210914e-03 -1.935990483549199226e-03 -1.696965136104955363e-03 -1.464165676533735194e-03 -1.240859001162109010e-03 -1.027929622844481194e-03 -8.299276644064823572e-04 -6.483487817545707799e-04 -4.853674993705592300e-04 -3.430659623681053816e-04 -2.233835793570282391e-04 -1.275792621088234213e-04 -5.749916655162223833e-05 -1.458787656061222293e-05 0.000000000000000000e+00 -1.491763371874732513e-05 -6.028271015334762950e-05 -1.369714329063631553e-04 -2.456673232419381847e-04 -3.869238500051608298e-04 -5.611423247974256512e-04 -7.684795186783111021e-04 -1.009460504331372022e-03 -1.284012386578603504e-03 -1.591650823775436763e-03 -1.931873319478749629e-03 -2.303999997338657124e-03 -2.708468609634473445e-03 -3.143942885236006290e-03 -3.608890167810852034e-03 -4.102038775457228503e-03 -4.623675024236550968e-03 -5.170793912152582550e-03 -5.741706545933200623e-03 -6.335302132292164323e-03 -6.948319761260313143e-03 -7.578557030231136693e-03 -8.224469405505030473e-03 -8.882948777446997290e-03 -9.551512172114917654e-03 -1.022469453557584007e-02 -1.090137995431228468e-02 -1.157671400590354338e-02 -1.224716186949070806e-02 -1.291059478214306999e-02 -1.355662085131870143e-02 -1.418858907585207607e-02 -1.479198340596310501e-02 -1.537051719021997886e-02 -1.591204403949864066e-02 -1.641404013197556022e-02 -1.687033227392453760e-02 -1.726918360403395525e-02 -1.761230855763873393e-02 -1.787955225183490704e-02 -1.808079599206324772e-02 -1.818550521182249469e-02 -1.821075954003548159e-02 -1.811602181125027133e-02 -1.792257678184705494e-02 -1.759160578073215575e-02 -1.713794385110911644e-02 -1.653028563250402705e-02 -1.576242375169933929e-02 -1.483404745672622926e-02 -1.369071573351932081e-02 -1.239707454742766668e-02 -1.080816179693544488e-02 -9.079325288839923402e-03 -6.979817562358991978e-03 -4.690864741549893857e-03 -2.054849317658979935e-03 9.016678715405568312e-04 4.126006185360853173e-03 7.896157525497549123e-03 1.187265422309091711e-02 1.653112114213928230e-02 2.156428930994935822e-02 2.708059684393582245e-02 3.346961385101132613e-02 4.012853685730555231e-02 4.809269850692377002e-02 5.673772109275865283e-02 6.611411482698670294e-02 7.826200429858909402e-02 9.106940326528045748e-02
-3.993724801593656615e-03 -4.214452854221062417e-03 -4.351641115610704880e-03 -4.419017525781110400e-03 -4.424147260832400619e-03 -4.373999326482858052e-03 -4.277928607688052942e-03 -4.141250662079376532e-03 -3.972679763087239024e-03 -3.777128013887631752e-03 -3.557963015386467198e-03 -3.321702029204454121e-03 -3.074610508380648533e-03 -2.816662956580007204e-03 -2.554768573696519773e-03 -2.291761450901375063e-03 -2.030659130337397755e-03 -1.774948778467955179e-03 -1.527978954286690616e-03 -1.290521444756942415e-03 -1.067343927004804627e-03 -8.599031497785736278e-04 -6.704154805845519149e-04 -5.010183707913062889e-04 -3.537236274301358563e-04 -2.297309954455428738e-04 -1.309848277849523512e-04 -5.900722901153176991e-05 -1.491763371874732513e-05 0.000000000000000000e+00 -1.522560569455766455e-05 -6.149048295311931867e-05 -1.395322432733436813e-04 -2.499460667446662399e-04 -3.931768523549594718e-04 -5.694390254575854016e-04 -7.792305396142618079e-04 -1.022530069738403213e-03 -1.298944488376085893e-03 -1.608026760153813406e-03 -1.949151876076138379e-03 -2.322649536909748846e-03 -2.727301203184984146e-03 -3.161677556853259574e-03 -3.624555471859469691e-03 -4.116021970095418148e-03 -4.633336042236591013e-03 -5.174860820603255362e-03 -5.739312739292956600e-03 -6.323638596799852074e-03 -6.925736323575848452e-03 -7.543790530523231119e-03 -8.174961111467871078e-03 -8.816806781421160366e-03 -9.463660321458289282e-03 -1.011473433083043272e-02 -1.076496250895420115e-02 -1.141090050444415471e-02 -1.205056091371670135e-02 -1.267327508871296526e-02 -1.328279945864363487e-02 -1.386422904902107067e-02 -1.442162735226004688e-02 -1.494263460179123815e-02 -1.542484329603421855e-02 -1.586207060998112706e-02 -1.624252156627836730e-02 -1.656805008996553585e-02 -1.681828069695157080e-02 -1.700334222561306063e-02 -1.709240340745576958e-02 -1.710283632363762685e-02 -1.699380685687124082e-02 -1.678685775749455544e-02 -1.644287037411518160e-02 -1.597686409596288382e-02 -1.535737077358223512e-02 -1.457818328562376919e-02 -1.363903672214372698e-02 -1.248518719692548462e-02 -1.118168628118576535e-02 -9.582768941727493051e-03 -7.844658552813355001e-03 -5.735461521502061011e-03 -3.437299549354788653e-03 -7.917677743251028133e-04 2.174439244764347912e-03 5.408410327676804741e-03 9.189437904710051619e-03 1.317650846647344665e-02 1.784742725678212238e-02 2.289355650091240424e-02 2.842392368739565800e-02 3.482990530249929773e-02 4.150597094766794726e-02 4.949227961530000552e-02 5.816155582923920875e-02 6.756461240410649438e-02 7.975046650222306077e-02 9.259769874765488851e-02
-4.594348105047552089e-03 -4.809250709560175530e-03 -4.939293271420508447e-03 -4.998307989534378493e-03 -4.993840490999823523e-03 -4.932839218367512935e-03 -4.824737500077724839e-03 -4.674819745248859348e-03 -4.491912773774919820e-03 -4.280927464334283172e-03 -4.045196260995198578e-03 -3.791329424456812980e-03 -3.525707436871416967e-03 -3.248150121115012112e-03 -2.965737780202704066e-03 -2.681306785062953502e-03 -2.397902840178267603e-03 -2.119053012701321848e-03 -1.848186425893905138e-03 -1.585966718888220939e-03 -1.337373327977009474e-03 -1.103824313962498138e-03 -8.875774965368954383e-04 -6.908251931675435387e-04 -5.156510754491527848e-04 -3.631964138359755623e-04 -2.355030600798002638e-04 -1.341702428887536769e-04 -6.028271015334762950e-05 -1.522560569455766455e-05 0.000000000000000000e+00 -1.552149921657530740e-05 -6.258175209250538273e-05 -1.418176601214460320e-04 -2.537176134675966921e-04 -3.985535879738044684e-04 -5.768001985720916380e-04 -7.884888233933295965e-04 -1.033313758205700594e-03 -1.310883324387890347e-03 -1.620627242666650147e-03 -1.962777132154536197e-03 -2.336226664638063610e-03 -2.739646639556503338e-03 -3.171862666938696229e-03 -3.632779715069256454e-03 -4.119904563014475940e-03 -4.631651885612431130e-03 -5.166583050791317966e-03 -5.721841243786607301e-03 -6.295419457420070586e-03 -6.885254369727533685e-03 -7.488756107832950093e-03 -8.103524749968782359e-03 -8.723714948032812444e-03 -9.348840951967751778e-03 -9.973645029522915095e-03 -1.059476865359254560e-02 -1.121035632769851187e-02 -1.180949195366243210e-02 -1.239630461072216416e-02 -1.295553898165635598e-02 -1.349157846763948676e-02 -1.399187213480346248e-02 -1.445412009973401357e-02 -1.487213241378571027e-02 -1.523406549802808208e-02 -1.554189938775485391e-02 -1.577506064163047839e-02 -1.594390103336296161e-02 -1.601732421774237913e-02 -1.601296423350384579e-02 -1.588972546979350309e-02 -1.566937825333414303e-02 -1.531253381059505259e-02 -1.483437426888811750e-02 -1.420328630533140846e-02 -1.341305985215890395e-02 -1.246346844710055635e-02 -1.129949387369577618e-02 -9.986545737167840109e-03 -8.378133489557626490e-03 -6.631262272751459186e-03 -4.513003419573946573e-03 -2.206276784448180095e-03 4.480440319580836217e-04 3.423152068663837255e-03 6.665933632984843982e-03 1.045688633411656632e-02 1.445358268831897774e-02 1.913585815351281916e-02 2.419381824480248966e-02 2.973705569332873999e-02 3.615866342283513557e-02 4.285055356571831897e-02 5.085748874073980907e-02 5.954946140808614619e-02 6.897759954377102876e-02 8.119955582449156495e-02 9.408483997914629526e-02
-5.233119234866911995e-03 -5.441849533306286624e-03 -5.564423920541905488e-03 -5.614774173682057778e-03 -5.600425017156962504e-03 -5.528303014557423012e-03 -5.407916691499425887e-03 -5.244518149341792501e-03 -5.047042998645556722e-03 -4.820399140364139967e-03 -4.567884645912845265e-03 -4.296199718609394758e-03 -4.011836040227700906e-03 -3.714462559354814175e-03 -3.411325272723808588e-03 -3.105262663697261338e-03 -2.799349544922336008e-03 -2.497149026551404027e-03 -2.202169673098386404e-03 -1.914971562060441279e-03 -1.640740062268664090e-03 -1.380854789648111591e-03 -1.137614608605508337e-03 -9.132662464035323779e-04 -7.099646745750698429e-04 -5.287934094480029046e-04 -3.718910603875968945e-04 -2.409335395811007530e-04 -1.369714329063631553e-04 -6.149048295311931867e-05 -1.552149921657530740e-05 0.000000000000000000e+00 -1.577133022012677799e-05 -6.351400679982521780e-05 -1.437599100622133363e-04 -2.568383989949296620e-04 -4.032045484478885555e-04 -5.829435544332239871e-04 -7.958332801609735441e-04 -1.041537261579406071e-03 -1.319539771728717170e-03 -1.629984430904563020e-03 -1.971871505855760098e-03 -2.343968604275881162e-03 -2.745150211368119209e-03 -3.175156733990158742e-03 -3.631726248966127280e-03 -4.113324438513310533e-03 -4.618375573705590931e-03 -5.144207679900092423e-03 -5.688903409120316113e-03 -6.250174825861098959e-03 -6.825664165205358458e-03 -7.413012493320714213e-03 -8.006220786901607767e-03 -8.605077544701744685e-03 -9.204154419112153818e-03 -9.800173948486312625e-03 -1.039140285994866186e-02 -1.096670748315831112e-02 -1.153055401911384781e-02 -1.206737616839925753e-02 -1.258184634833892090e-02 -1.306124511024198132e-02 -1.350337128113310303e-02 -1.390203032075887357e-02 -1.424533974764541355e-02 -1.453539201180176210e-02 -1.475143884701246577e-02 -1.490402980038152414e-02 -1.496183576134924031e-02 -1.494272153786080359e-02 -1.480536623505823712e-02 -1.457173666177336013e-02 -1.420220444118647229e-02 -1.371209234148318412e-02 -1.306965985647934314e-02 -1.226869069510583277e-02 -1.130898928570400752e-02 -1.013529223753018016e-02 -8.813318593001606693e-03 -7.195931381771991653e-03 -5.440821693922903712e-03 -3.314139213034028586e-03 -9.995024619423586998e-04 1.662869259627663965e-03 4.646078352348759211e-03 7.896837211024188008e-03 1.169675124133451316e-02 1.570211361703888198e-02 2.039463665138796511e-02 2.546328358491023458e-02 3.101818767934461096e-02 3.745406639792048242e-02 4.416044746426883716e-02 5.218646941056914734e-02 6.089956199863355568e-02 7.035118090430658722e-02 8.260735067164381995e-02 9.552888158632855120e-02
-5.909194872017353717e-03 -6.111462635236541985e-03 -6.226302442017606076e-03 -6.267741108259006211e-03 -6.243281145663526210e-03 -6.159825961265297245e-03 -6.026956121258586485e-03 -5.849890288386339066e-03 -5.637669207247175684e-03 -5.395196083528230879e-03 -5.125735370996808982e-03 -4.836074225452735575e-03 -4.532811785172841113e-03 -4.215469818786954370e-03 -3.891454725731380293e-03 -3.563606921545336981e-03 -3.235031241061725460e-03 -2.909323038443156761e-03 -2.590069203765588135e-03 -2.277730731362948013e-03 -1.977693200272856444e-03 -1.691297989442452909e-03 -1.420884589124482567e-03 -1.168753672249112086e-03 -9.371309412461448218e-04 -7.270428278774998532e-04 -5.407239649243278379e-04 -3.799265017659925192e-04 -2.456673232419381847e-04 -1.395322432733436813e-04 -6.258175209250538273e-05 -1.577133022012677799e-05 0.000000000000000000e+00 -1.598769462596294488e-05 -6.430958673098174927e-05 -1.453523696145486710e-04 -2.595553117014093303e-04 -4.070585322889508362e-04 -5.877195825934045104e-04 -8.012570456087386717e-04 -1.047209541587212911e-03 -1.325642771145774113e-03 -1.635657946763680037e-03 -1.976116142225592398e-03 -2.345940827670589535e-03 -2.744725399640213226e-03 -3.170422642717163342e-03 -3.621548673054419965e-03 -4.096408731495859712e-03 -4.592504049499845920e-03 -5.108001457670541257e-03 -5.640411885766472011e-03 -6.187591386602409038e-03 -6.747221599392783098e-03 -7.313174511595410543e-03 -7.885485170296413493e-03 -8.458575611519525417e-03 -9.029244621821641559e-03 -9.595871328563321256e-03 -1.014713470369599246e-02 -1.068780209674391468e-02 -1.120203604780134476e-02 -1.169476669694424764e-02 -1.215312899571030503e-02 -1.257501145157036149e-02 -1.295421746979485977e-02 -1.327883549344210934e-02 -1.355105647156285009e-02 -1.374998076393640911e-02 -1.388633014100293384e-02 -1.392857550015691448e-02 -1.389478074552785714e-02 -1.374343644197517644e-02 -1.349667429120293694e-02 -1.311465727918048607e-02 -1.261282635618299341e-02 -1.195933208619237575e-02 -1.114794859851897524e-02 -1.017850352560067950e-02 -8.995517866750568636e-03 -7.664970758302080966e-03 -6.039159044633923834e-03 -4.276362505688302562e-03 -2.141924220205093654e-03 1.799395767676514879e-04 2.849595735935350760e-03 5.840078137664406199e-03 9.097954284897791233e-03 1.290583879732620787e-02 1.691888190323886931e-02 2.162051762703032232e-02 2.669868281837539659e-02 3.226402636501624066e-02 3.871279759215351390e-02 4.543231467387731648e-02 5.347586265092396651e-02 6.220847958948161338e-02 7.168196183208674910e-02 8.397044260436481444e-02 9.692640557806986301e-02
-6.621980877741573401e-03 -6.817537461493494710e-03 -6.924417459166054556e-03 -6.956738301767462218e-03 -6.921979024982261031e-03 -6.827018646647808886e-03 -6.681506691599836678e-03 -6.490627292490724898e-03 -6.263522744856864222e-03 -6.005089882366143605e-03 -5.718560276166018141e-03 -5.410805099080095992e-03 -5.088527262602782208e-03 -4.751104978965470238e-03 -4.406099845780997448e-03 -4.056354020189334442e-03 -3.705003240131898856e-03 -3.355671362268108915e-03 -3.012022480846421324e-03 -2.674422906405626854e-03 -2.348452770509545928e-03 -2.035415402737106305e-03 -1.737690484832188353e-03 -1.457632157293109465e-03 -1.197536269257337693e-03 -9.583728107759315051e-04 -7.424716902494354898e-04 -5.516608305974335380e-04 -3.869238500051608298e-04 -2.499460667446662399e-04 -1.418176601214460320e-04 -6.351400679982521780e-05 -1.598769462596294488e-05 0.000000000000000000e+00 -1.616919438751640570e-05 -6.493903649451571169e-05 -1.467368273626590280e-04 -2.617586653981263112e-04 -4.099378832108646620e-04 -5.910479137777313596e-04 -8.046814880665609238e-04 -1.050836463077908789e-03 -1.328709314068921010e-03 -1.637251197697975336e-03 -1.975434644400864137e-03 -2.342723646681199590e-03 -2.737269009284060139e-03 -3.157636668548069458e-03 -3.602030983504644901e-03 -4.068114669791511595e-03 -4.554133182385067258e-03 -5.057419939387575170e-03 -5.576026369793818382e-03 -6.107674231268123144e-03 -6.646131401243926540e-03 -7.191651509398155895e-03 -7.738528137184785827e-03 -8.283631446073913551e-03 -8.825443012063005632e-03 -9.352484959498141848e-03 -9.869789414880925094e-03 -1.036128798741942081e-02 -1.083213689104167710e-02 -1.126934862640915913e-02 -1.167089223897632699e-02 -1.203057162171528027e-02 -1.233645608157785123e-02 -1.259082095883579111e-02 -1.277263897646763180e-02 -1.289277823736301176e-02 -1.291954283045437801e-02 -1.287116365942342355e-02 -1.270597996087996506e-02 -1.244625631364049134e-02 -1.205197843537031410e-02 -1.153868268902658034e-02 -1.087442919790604368e-02 -1.005297909649560673e-02 -9.074175430081155014e-03 -7.882353526108665243e-03 -6.543702623547531516e-03 -4.910034650174921467e-03 -3.140119553019071752e-03 -9.986103039991700570e-04 1.329781393211826312e-03 4.005939546923076300e-03 7.002851925740460892e-03 1.026697052375380448e-02 1.408181945232189758e-02 1.810154399277796866e-02 2.281114302665010474e-02 2.789764420750684426e-02 3.347218691368503141e-02 3.993245878733620025e-02 4.666374506945936140e-02 5.472324598383360161e-02 6.347378049975871406e-02 7.296749894649268153e-02 8.528637950193718176e-02 9.827495389573437379e-02
-7.370681131780520978e-03 -7.559320911839639834e-03 -7.658058541449297429e-03 -7.681097756243482344e-03 -7.635892889480411228e-03 -7.529297376774768402e-03 -7.371026691640913953e-03 -7.166229376111776794e-03 -6.924145768858691596e-03 -6.649664690772327802e-03 -6.345985538803056158e-03 -6.020060622198841749e-03 -5.678693005121249193e-03 -5.321120885166896741e-03 -4.955055942795660862e-03 -4.583341874579094366e-03 -4.209146166171628956e-03 -3.836117490317536571e-03 -3.467996022192387784e-03 -3.105057697598612165e-03 -2.753071614656876775e-03 -2.413303216437623355e-03 -2.088171925509030302e-03 -1.780084856557451189e-03 -1.491407406446931816e-03 -1.223053734875412246e-03 -9.774482642285198253e-04 -7.564942084016257340e-04 -5.611423247974256512e-04 -3.931768523549594718e-04 -2.537176134675966921e-04 -1.437599100622133363e-04 -6.430958673098174927e-05 -1.616919438751640570e-05 0.000000000000000000e+00 -1.630250425443957596e-05 -6.549572664238390018e-05 -1.478328661769223729e-04 -2.633190977873178795e-04 -4.117824746449061379e-04 -5.928695700180286465e-04 -8.065204445876217321e-04 -1.052021133294611666e-03 -1.328409460300328249e-03 -1.634707057059592294e-03 -1.970266127632847031e-03 -2.333418754664973171e-03 -2.722780043138861572e-03 -3.136471651583927489e-03 -3.572306003274738906e-03 -4.028601566082867791e-03 -4.502537949766072245e-03 -4.992343415839650689e-03 -5.495779348403950770e-03 -6.006534521869721921e-03 -6.525052995752678164e-03 -7.045521164452228646e-03 -7.564875649303748339e-03 -8.081690423750953478e-03 -8.584361489803238321e-03 -9.078149080941955162e-03 -9.546794406714798065e-03 -9.995647837846011186e-03 -1.041162274789342312e-02 -1.079275949068092544e-02 -1.113286498909815680e-02 -1.141999944514748844e-02 -1.165650832723907904e-02 -1.182126068850475331e-02 -1.192524479808898530e-02 -1.193663145597378961e-02 -1.187378612230105546e-02 -1.169493430300994063e-02 -1.142244108683387882e-02 -1.101614663000372030e-02 -1.049165967973331171e-02 -9.816968609511977917e-03 -8.985818094087716368e-03 -7.998058717791467487e-03 -6.797870392363347669e-03 -5.451601919373327831e-03 -3.810662463923253362e-03 -2.034212534160917407e-03 1.136672439909780508e-04 2.447873057871086111e-03 5.129736337250001554e-03 8.132221400980799153e-03 1.140169442800886834e-02 1.522248828031225187e-02 1.924788271619337632e-02 2.396428306167386335e-02 2.905792615758762132e-02 3.464041649994797911e-02 4.111078567457782107e-02 4.785246426022582433e-02 5.592633434178628793e-02 6.469317000483010283e-02 7.420548900676238180e-02 8.655284907032179120e-02 9.957220780731423915e-02
-8.153848959310150413e-03 -8.335423996866597740e-03 -8.425894050523741186e-03 -8.439544977131840930e-03 -8.383805200824046011e-03 -8.265501403960207050e-03 -8.094412077467305622e-03 -7.875649121342753745e-03 -7.618547504517403368e-03 -7.327986417213883108e-03 -7.007133747066629503e-03 -6.663020123570118081e-03 -6.302545228004996503e-03 -5.924810651070866463e-03 -5.537673162197664922e-03 -5.143977776384756062e-03 -4.746924532107787975e-03 -4.350183283563624492e-03 -3.957569176229913666e-03 -3.569271946291530107e-03 -3.191244192223163800e-03 -2.824713586007554511e-03 -2.472138825655556538e-03 -2.135979493930517670e-03 -1.818669931928029726e-03 -1.521069016624299053e-03 -1.245694928217133679e-03 -9.945256790099277211e-04 -7.684795186783111021e-04 -5.694390254575854016e-04 -3.985535879738044684e-04 -2.568383989949296620e-04 -1.453523696145486710e-04 -6.493903649451571169e-05 -1.630250425443957596e-05 0.000000000000000000e+00 -1.644556299407184952e-05 -6.595069737391767717e-05 -1.485884876560872314e-04 -2.642413480657967995e-04 -4.126093944826214610e-04 -5.935848646460017974e-04 -8.065376524527545499e-04 -1.050588823828468854e-03 -1.324809121604153539e-03 -1.628456510876952201e-03 -1.960027625961924258e-03 -2.318186056410431739e-03 -2.700988908277857092e-03 -3.106386534910576813e-03 -3.532764770359908546e-03 -3.977173105713216472e-03 -4.437998060823789004e-03 -4.913040120259393184e-03 -5.395934016266368261e-03 -5.887285995068824995e-03 -6.381196560871882362e-03 -6.874663859654184250e-03 -7.366344147755388150e-03 -7.844538149179625108e-03 -8.314697357779787801e-03 -8.760413288947499488e-03 -9.187198386835793151e-03 -9.581890324203756748e-03 -9.942591480394225023e-03 -1.026311434226334640e-02 -1.053152010797797633e-02 -1.075020999230480445e-02 -1.089797350959931244e-02 -1.098589272077887813e-02 -1.098203891050708592e-02 -1.090487938231443632e-02 -1.071256381534702040e-02 -1.042752515474576480e-02 -1.000948996637818222e-02 -9.474116137574761787e-03 -8.789339149232633375e-03 -7.948883699747888443e-03 -6.952599969271777702e-03 -5.744542961148790816e-03 -4.391170037174707552e-03 -2.743570477344636771e-03 -9.611948318338781050e-04 1.192329804720837494e-03 3.531611830284497877e-03 6.218359751643642852e-03 9.225537337023581586e-03 1.249945491424886423e-02 1.632515254796096382e-02 2.035518508674338811e-02 2.507720465729845749e-02 3.017677667160945099e-02 3.576594521592624254e-02 4.224499089263755724e-02 4.899566916860265131e-02 5.708230930189550634e-02 6.586381599247514984e-02 7.539308792624777045e-02 8.776699609370386401e-02 1.008153043756641054e-01
-8.974300611527596949e-03 -9.148529257775983581e-03 -9.230476911921692285e-03 -9.234507115612466954e-03 -9.168021268574855220e-03 -9.037818220223869936e-03 -8.853736397889333531e-03 -8.620850111699995821e-03 -8.348585305949507429e-03 -8.041809929370202781e-03 -7.703661265915151546e-03 -7.341245261925144483e-03 -6.961554393166813348e-03 -6.563557642529582736e-03 -6.155251385822846366e-03 -5.739481840530413770e-03 -5.319482595084301657e-03 -4.898940765502457495e-03 -4.481745290189298458e-03 -4.068004520423329495e-03 -3.663848462389096561e-03 -3.270467268589483112e-03 -2.890358456736352721e-03 -2.526033568372332283e-03 -2.179995250527477779e-03 -1.853047820435715920e-03 -1.547802376749674025e-03 -1.266311202299696959e-03 -1.009460504331372022e-03 -7.792305396142618079e-04 -5.768001985720916380e-04 -4.032045484478885555e-04 -2.595553117014093303e-04 -1.467368273626590280e-04 -6.549572664238390018e-05 -1.644556299407184952e-05 0.000000000000000000e+00 -1.652941431218302171e-05 -6.617054058311033771e-05 -1.488598168721821935e-04 -2.643504764270332430e-04 -4.124982348688854827e-04 -5.927502945961560243e-04 -8.043069654944945412e-04 -1.046288014778240516e-03 -1.317877113362952990e-03 -1.617716266822721849e-03 -1.944516650937866409e-03 -2.296291431313157716e-03 -2.671115313583216633e-03 -3.067434916407041356e-03 -3.482196585775421127e-03 -3.913923736906022022e-03 -4.360455204557522890e-03 -4.815400179116413604e-03 -5.279494649939819872e-03 -5.746777451410500781e-03 -6.214302462640208802e-03 -6.680796475521666444e-03 -7.134500078331940109e-03 -7.581013678478409901e-03 -8.003825532775787899e-03 -8.408573259539919853e-03 -8.782045474359123638e-03 -9.122395789302850666e-03 -9.423444974623107484e-03 -9.673266599450780490e-03 -9.874300984306638718e-03 -1.000528556225721566e-02 -1.007736581920626318e-02 -1.005855198671889994e-02 -9.967375608564865708e-03 -9.761953670470946420e-03 -9.464749476313927268e-03 -9.035412378276985734e-03 -8.489622662785412111e-03 -7.795284264158874876e-03 -6.946097705974763059e-03 -5.941903526204495023e-03 -4.726666423383818483e-03 -3.366894020780719643e-03 -1.713449963214985772e-03 7.403981230946765635e-05 2.232266738902199954e-03 4.575670250435148745e-03 7.266256124665360083e-03 1.027701379850032293e-02 1.355423192968607804e-02 1.738354281237519672e-02 2.141693598427429901e-02 2.614312981880551057e-02 3.124715366232022618e-02 3.684146251157283114e-02 4.332747917111579028e-02 5.008548681231583810e-02 5.818299821165162644e-02 6.697724663969939485e-02 7.652152754303964688e-02 8.891973092331195705e-02 1.019948514734668743e-01
-9.830972536134741091e-03 -9.997595076801979452e-03 -1.007078819189877184e-02 -1.006498872761485419e-02 -9.987569980823285398e-03 -9.845301923902205488e-03 -9.648079882699889254e-03 -9.400939651360684657e-03 -9.113394539951635842e-03 -8.790299660152545158e-03 -8.434762624735414605e-03 -8.053961716272706184e-03 -7.654978404596279873e-03 -7.236653074681020925e-03 -6.807116239876509489e-03 -6.369215213170353884e-03 -5.926218169144958914e-03 -5.481825532024919845e-03 -5.039998870150053101e-03 -4.600770015139588054e-03 -4.170440265948149872e-03 -3.750162489862263193e-03 -3.342472573110266687e-03 -2.949933516070202266e-03 -2.575115641316960691e-03 -2.218769403839027099e-03 -1.883598001746644712e-03 -1.571727459647065395e-03 -1.284012386578603504e-03 -1.022530069738403213e-03 -7.884888233933295965e-04 -5.829435544332239871e-04 -4.070585322889508362e-04 -2.617586653981263112e-04 -1.478328661769223729e-04 -6.595069737391767717e-05 -1.652941431218302171e-05 0.000000000000000000e+00 -1.655772613684547423e-05 -6.619272368235673554e-05 -1.487109942419628794e-04 -2.639433592394047068e-04 -4.114075223111690605e-04 -5.903788675412080522e-04 -8.000260545392157141e-04 -1.039479115670705056e-03 -1.307505495918404037e-03 -1.602862969841689633e-03 -1.923542148999590751e-03 -2.267727955581055888e-03 -2.633920881337625808e-03 -3.018992157030830903e-03 -3.421579809281372064e-03 -3.839560173462763792e-03 -4.266546601243037529e-03 -4.703370918174520909e-03 -5.144035507752997560e-03 -5.585643895675285187e-03 -6.026981063880332279e-03 -6.456264171527004159e-03 -6.879198186892865330e-03 -7.279216636451812938e-03 -7.662043644057647818e-03 -8.014446597194857524e-03 -8.334618989079944917e-03 -8.616392645495407621e-03 -8.847865401055421408e-03 -9.031499148519972486e-03 -9.146007994929594709e-03 -9.202568906225727652e-03 -9.169171388238694931e-03 -9.064371663507153620e-03 -8.846299282945446762e-03 -8.537408433049287204e-03 -8.097309416225106915e-03 -7.541676732779389880e-03 -6.838405154813709252e-03 -5.981166526687009544e-03 -4.969781980325604920e-03 -3.748162188875414635e-03 -2.382803692241752813e-03 -7.244434690044654346e-04 1.067237736598780629e-03 3.229108088161458667e-03 5.575563027747199030e-03 8.268821839812035002e-03 1.128192730144883527e-02 1.456118236909353936e-02 1.839269103152196827e-02 2.242804510880047619e-02 2.715683997875684152e-02 3.226371105723835342e-02 3.786149431434537860e-02 4.435264320711185260e-02 5.111618106191229138e-02 5.922252886540169126e-02 6.802745582778535471e-02 7.758467108064726059e-02 9.000477958609509610e-02 1.031044488934726999e-01
-1.071940267535842484e-02 -1.087835164113515329e-02 -1.094274571578868205e-02 -1.092709111777301345e-02 -1.083873195432749625e-02 -1.068440827868166743e-02 -1.047406954779939170e-02 -1.021271209768959132e-02 -9.909933349914856748e-03 -9.570574064766024236e-03 -9.197712839259630790e-03 -8.798597587602152714e-03 -8.380395358918435456e-03 -7.941821259616288486e-03 -7.491135093239176257e-03 -7.031185046656451831e-03 -6.565274638704265975e-03 -6.097114067368458734e-03 -5.630736404736103040e-03 -5.166101038830306358e-03 -4.709675169300764352e-03 -4.262574463865909102e-03 -3.827372676576068500e-03 -3.406683728683024270e-03 -3.003144974130678158e-03 -2.617453508929390438e-03 -2.252403830565685716e-03 -1.910195166558548152e-03 -1.591650823775436763e-03 -1.298944488376085893e-03 -1.033313758205700594e-03 -7.958332801609735441e-04 -5.877195825934045104e-04 -4.099378832108646620e-04 -2.633190977873178795e-04 -1.485884876560872314e-04 -6.617054058311033771e-05 -1.655772613684547423e-05 0.000000000000000000e+00 -1.654071541645762977e-05 -6.603811786287661079e-05 -1.483084812394785956e-04 -2.629340149251646608e-04 -4.092615255096854199e-04 -5.865084547266308235e-04 -7.937693639984422234e-04 -1.029919654235045279e-03 -1.293762850216984006e-03 -1.583285876152973337e-03 -1.896771486815662655e-03 -2.232767992422002301e-03 -2.588096271237905199e-03 -2.961489381609672122e-03 -3.350860460404447849e-03 -3.749853358541499482e-03 -4.159365847011486927e-03 -4.573386228997722291e-03 -4.989062401738242336e-03 -5.405226687611786041e-03 -5.810105452214275878e-03 -6.209469015047708318e-03 -6.586739323432344584e-03 -6.947692818228712319e-03 -7.279100476868971548e-03 -7.579185730295368018e-03 -7.841794036921756472e-03 -8.055058233277900825e-03 -8.221446296634016271e-03 -8.319674777839902724e-03 -8.360923780773688030e-03 -8.313198215432970883e-03 -8.195043816683345028e-03 -7.964643294367079740e-03 -7.644406586262975090e-03 -7.193939237188362590e-03 -6.628884898366216305e-03 -5.917149400821886118e-03 -5.052372034996976957e-03 -4.034345956312801462e-03 -2.806960521818613330e-03 -1.436646314811995673e-03 2.258972960192950907e-04 2.021042914564730175e-03 4.185707750683276274e-03 6.534355474888897675e-03 9.229343292096459095e-03 1.224379202119529886e-02 1.552405114796551189e-02 1.935658740251777754e-02 2.339274589671569426e-02 2.812282786818143254e-02 3.323120292429893041e-02 3.883106072636954842e-02 4.532578398952946674e-02 5.209332835789604044e-02 6.020677277509367542e-02 6.902060999563452981e-02 7.858897765524952561e-02 9.102891535599144657e-02 1.041511668627771448e-01
-1.163756653697800569e-02 -1.178882781158596682e-02 -1.184443155170011863e-02 -1.181894952537076993e-02 -1.171969557139374007e-02 -1.155337878773066151e-02 -1.133000006266537962e-02 -1.105451533371382133e-02 -1.073660296094081090e-02 -1.038108785750269103e-02 -9.991020205178613445e-03 -9.573714905923402796e-03 -9.136421253032933620e-03 -8.677732249456004965e-03 -8.206032264123974684e-03 -7.724170109251748961e-03 -7.235485356552828762e-03 -6.743694503248964800e-03 -6.252901001685517990e-03 -5.762995722726649284e-03 -5.280606501498974481e-03 -4.806811842443470262e-03 -4.344222844344769463e-03 -3.895503796362498328e-03 -3.463358426853635486e-03 -3.048430910194133148e-03 -2.653606240061168187e-03 -2.281156296133790562e-03 -1.931873319478749629e-03 -1.608026760153813406e-03 -1.310883324387890347e-03 -1.041537261579406071e-03 -8.012570456087386717e-04 -5.910479137777313596e-04 -4.117824746449061379e-04 -2.642413480657967995e-04 -1.488598168721821935e-04 -6.619272368235673554e-05 -1.654071541645762977e-05 0.000000000000000000e+00 -1.648062456383048158e-05 -6.579426691821765871e-05 -1.475818188821920174e-04 -2.612578646261631832e-04 -4.060884803837039314e-04 -5.811506919771725066e-04 -7.854105464887295440e-04 -1.017716445142924364e-03 -1.276070282425711966e-03 -1.558840373136693991e-03 -1.864616812933705958e-03 -2.190194644922982548e-03 -2.534382537013879499e-03 -2.895129702671361827e-03 -3.266136635127869781e-03 -3.648337352711639170e-03 -4.035728272844152364e-03 -4.425496420133123721e-03 -4.816510649049199344e-03 -5.197038989561364453e-03 -5.572878092723110299e-03 -5.927481259226041743e-03 -6.266643212440525801e-03 -6.577163218919879206e-03 -6.857284749083314424e-03 -7.100869446067803459e-03 -7.296095868723262434e-03 -7.445422617801122911e-03 -7.527594405183246629e-03 -7.553766179148047044e-03 -7.491994335886653644e-03 -7.360778998827366415e-03 -7.118396606691668183e-03 -6.787177737564653590e-03 -6.326757465941801328e-03 -5.752723533886228147e-03 -5.033013072951786349e-03 -4.161228939584149522e-03 -3.137127758738866845e-03 -1.904610297684405928e-03 -5.299862844351244107e-04 1.135993380442790190e-03 2.933862907300910372e-03 5.100460701418452203e-03 7.450431026143622404e-03 1.014619330202848335e-02 1.316097112963565685e-02 1.644119278755273861e-02 2.027357863274314997e-02 2.430937829918933257e-02 2.903942748507459815e-02 3.414795830635608542e-02 3.974848679511655547e-02 4.624522342920900364e-02 5.301524856049477652e-02 6.113404863755977914e-02 6.995502777453099785e-02 7.953276695302613497e-02 9.199046022314449900e-02 1.051333311556107430e-01
-1.258327484974341992e-02 -1.272688706232349976e-02 -1.277376181034117764e-02 -1.273853269378011355e-02 -1.262848220934353893e-02 -1.245028746519938334e-02 -1.221399814566404007e-02 -1.192452884769368282e-02 -1.159163577647925880e-02 -1.122012651753667711e-02 -1.081302338086753689e-02 -1.037770566992590737e-02 -9.921501667096710442e-03 -9.442885296358949354e-03 -8.950360891541220276e-03 -8.446777611030520383e-03 -7.935511735081335338e-03 -7.420282646918852087e-03 -6.905263056824151313e-03 -6.390279085732197828e-03 -5.882114070658084337e-03 -5.381809336679865829e-03 -4.892012780340015965e-03 -4.415438487985645644e-03 -3.954855890712316580e-03 -3.510856608960000180e-03 -3.086415324770053203e-03 -2.683876004339613708e-03 -2.303999997338657124e-03 -1.949151876076138379e-03 -1.620627242666650147e-03 -1.319539771728717170e-03 -1.047209541587212911e-03 -8.046814880665609238e-04 -5.928695700180286465e-04 -4.126093944826214610e-04 -2.643504764270332430e-04 -1.487109942419628794e-04 -6.603811786287661079e-05 -1.648062456383048158e-05 0.000000000000000000e+00 -1.641292103116143153e-05 -6.541325825915045300e-05 -1.464797628351055536e-04 -2.589269683985762072e-04 -4.018319908070111524e-04 -5.742344567597479355e-04 -7.750267489529116816e-04 -1.002244101045768332e-03 -1.254328277020655413e-03 -1.529905173867085466e-03 -1.825768165536367782e-03 -2.140782348656444789e-03 -2.472932267799987649e-03 -2.816000888431924309e-03 -3.170929106445008472e-03 -3.531743372626516830e-03 -3.895664650292784970e-03 -4.261587611943062903e-03 -4.617854080710470654e-03 -4.970248395936738284e-03 -5.302297724742777163e-03 -5.619781356537512096e-03 -5.909551312874294915e-03 -6.169861300085788258e-03 -6.394591665349946830e-03 -6.571977344407842203e-03 -6.704452207631161897e-03 -6.770814670241431799e-03 -6.782166423901059282e-03 -6.706651211537573154e-03 -6.562688642685055029e-03 -6.308689236167119851e-03 -5.966869298967614199e-03 -5.496927554068609112e-03 -4.914370907392218157e-03 -4.187187959600158216e-03 -3.308941274609900063e-03 -2.279342457634725427e-03 -1.042336279658662157e-03 3.359430389118234217e-04 2.004604256482744873e-03 3.804451026632515998e-03 5.972115524998766745e-03 8.322534579565221691e-03 1.101811434297206294e-02 1.403220584900921608e-02 1.731134830819569537e-02 2.114240689600765943e-02 2.517668654368643288e-02 2.990538646727936012e-02 3.501272924343434845e-02 4.061253000572806471e-02 4.710972576232064224e-02 5.388071342977518441e-02 6.200313714909411189e-02 7.082949971635765785e-02 8.041484021687084205e-02 9.288822762372350716e-02 1.060497679808729554e-01
-1.356379075987657057e-02 -1.369942393498602140e-02 -1.373727236547794828e-02 -1.369202706427130600e-02 -1.357093831032640807e-02 -1.338065039174829440e-02 -1.313125875536691467e-02 -1.282763592938107600e-02 -1.247961227171812126e-02 -1.209197654324811744e-02 -1.166772437992580347e-02 -1.121429642553417594e-02 -1.073909598014965994e-02 -1.024048243924058355e-02 -9.727074277822267412e-03 -9.201721020071773616e-03 -8.667836883112789437e-03 -8.129139956773001607e-03 -7.589871004193837756e-03 -7.049796864299184840e-03 -6.515849691919539666e-03 -5.989033978529456625e-03 -5.472033972838796778e-03 -4.967613046357621798e-03 -4.478605656232037546e-03 -4.005551706309118387e-03 -3.551514653857945625e-03 -3.118909963457539014e-03 -2.708468609634473445e-03 -2.322649536909748846e-03 -1.962777132154536197e-03 -1.629984430904563020e-03 -1.325642771145774113e-03 -1.050836463077908789e-03 -8.065204445876217321e-04 -5.935848646460017974e-04 -4.124982348688854827e-04 -2.639433592394047068e-04 -1.483084812394785956e-04 -6.579426691821765871e-05 -1.641292103116143153e-05 0.000000000000000000e+00 -1.629384462187299931e-05 -6.483246392485764176e-05 -1.449785637905876001e-04 -2.558333961629744024e-04 -3.964866288513890780e-04 -5.658732270282795795e-04 -7.620867871045433617e-04 -9.836256854740543787e-04 -1.229143192844950327e-03 -1.495464027233328608e-03 -1.781483115060322753e-03 -2.085219035002250365e-03 -2.400572379270382584e-03 -2.728450311174412946e-03 -3.062939132380204654e-03 -3.401286310441564709e-03 -3.742397259906327101e-03 -4.074731371241036015e-03 -4.404007220326744410e-03 -4.713883871040991380e-03 -5.010078482737267969e-03 -5.279529032550356327e-03 -5.520485600605473664e-03 -5.726850270394545639e-03 -5.886928525738577278e-03 -6.003108004164370293e-03 -6.054275455444901866e-03 -6.051440318657896889e-03 -5.962882389074275480e-03 -5.806892469080393582e-03 -5.542069876299238196e-03 -5.190468419119520505e-03 -4.711896707360274661e-03 -4.121746237288448356e-03 -3.388084129948731871e-03 -2.504426882883104000e-03 -1.470429029382991359e-03 -2.301232385918394741e-04 1.150606654180874600e-03 2.820608739630969808e-03 4.621103233331980142e-03 6.788343608302493948e-03 9.137711692732697344e-03 1.183149849988873736e-02 1.484321648410980021e-02 1.811955971881162863e-02 2.194739184684935118e-02 2.597827712140299283e-02 3.070354860354818083e-02 3.580759228662366844e-02 4.140448622438019921e-02 4.789975924459832779e-02 5.466938242996099984e-02 6.279282547546793936e-02 7.162194111966624366e-02 8.121224764618695247e-02 9.369832848146630866e-02 1.068757023343954726e-01
-1.457243498527682757e-02 -1.470001960932143525e-02 -1.472879876724320081e-02 -1.467351703101427152e-02 -1.454139152822764292e-02 -1.433903284494153496e-02 -1.407657948908969114e-02 -1.375886112859947552e-02 -1.339577903774169521e-02 -1.299210173710696470e-02 -1.255079897087341134e-02 -1.207937002252956749e-02 -1.158528975815342754e-02 -1.106680660224401702e-02 -1.053264819722099510e-02 -9.985664273533201296e-03 -9.429307819793897316e-03 -8.867292017024297479e-03 -8.303924523791028633e-03 -7.738917228319541763e-03 -7.179345446441276479e-03 -6.626176956403218021e-03 -6.082131833160753231e-03 -5.550022167258306105e-03 -5.032746748447891605e-03 -4.530794298506890527e-03 -4.047316178758531002e-03 -3.584798745130846065e-03 -3.143942885236006290e-03 -2.727301203184984146e-03 -2.336226664638063610e-03 -1.971871505855760098e-03 -1.635657946763680037e-03 -1.328709314068921010e-03 -1.052021133294611666e-03 -8.065376524527545499e-04 -5.927502945961560243e-04 -4.114075223111690605e-04 -2.629340149251646608e-04 -1.475818188821920174e-04 -6.541325825915045300e-05 -1.629384462187299931e-05 0.000000000000000000e+00 -1.612455920629862760e-05 -6.407798631991035165e-05 -1.430060828275792062e-04 -2.520287375354923753e-04 -3.901223289061173105e-04 -5.554599449342223494e-04 -7.465824488674943638e-04 -9.621634019539859750e-04 -1.199086791573544808e-03 -1.456254989313454651e-03 -1.731719561912536953e-03 -2.019528603484532780e-03 -2.320521235403494309e-03 -2.628868964030028899e-03 -2.941839583037841876e-03 -3.258336543938145091e-03 -3.566974145009838004e-03 -3.873359878171278581e-03 -4.161334210971312508e-03 -4.436512575608508868e-03 -4.685947325191452961e-03 -4.907873273189422569e-03 -5.096216965018385281e-03 -5.239366746635165661e-03 -5.339645788386970793e-03 -5.376059006118816264e-03 -5.359490359571950080e-03 -5.258397653832069807e-03 -5.090901640559919450e-03 -4.815837653654231332e-03 -4.455055748726177711e-03 -3.968514410624512934e-03 -3.371460170897289110e-03 -2.632062222723718925e-03 -1.743786229624344486e-03 -7.062195085003608597e-04 5.364792395354811561e-04 1.918741034463655737e-03 3.589048965101038213e-03 5.389166914180565371e-03 7.554819912223509348e-03 9.901966710924803294e-03 1.259269448662947433e-02 1.560070633780807903e-02 1.887288912327234058e-02 2.269597720197991109e-02 2.672197158022704411e-02 3.144213843470300418e-02 3.654117774395715390e-02 4.213339849054098529e-02 4.862480274228953014e-02 5.539116113111997031e-02 6.351347610242519259e-02 7.234317051002692178e-02 8.193625930301973170e-02 9.443251549123732325e-02 1.076233416727652159e-01
-1.560365787240636237e-02 -1.572330440403413299e-02 -1.574314815117805466e-02 -1.567798373894424557e-02 -1.553499415171721854e-02 -1.532075532791421502e-02 -1.504544634068738507e-02 -1.471385313145612272e-02 -1.433594494685108689e-02 -1.391646867028872858e-02 -1.345836866293947942e-02 -1.296920036699500400e-02 -1.245650709094647812e-02 -1.191842917218444153e-02 -1.136379899358397338e-02 -1.079546619820548337e-02 -1.021692313089606063e-02 -9.631874771449111527e-03 -9.044694543175912926e-03 -8.455042974270909895e-03 -7.870133544775614887e-03 -7.290897258145800919e-03 -6.720089429993358898e-03 -6.160570261906861411e-03 -5.615302162972235500e-03 -5.084722975307709447e-03 -4.572071114728570862e-03 -4.079903210517876744e-03 -3.608890167810852034e-03 -3.161677556853259574e-03 -2.739646639556503338e-03 -2.343968604275881162e-03 -1.976116142225592398e-03 -1.637251197697975336e-03 -1.328409460300328249e-03 -1.050588823828468854e-03 -8.043069654944945412e-04 -5.903788675412080522e-04 -4.092615255096854199e-04 -2.612578646261631832e-04 -1.464797628351055536e-04 -6.483246392485764176e-05 -1.612455920629862760e-05 0.000000000000000000e+00 -1.591673438916529904e-05 -6.308278149314006100e-05 -1.406309554995432975e-04 -2.475780101637292674e-04 -3.821951234951326271e-04 -5.430532488513994949e-04 -7.288400031215669372e-04 -9.365232642818410724e-04 -1.164993160520655380e-03 -1.412333347541316897e-03 -1.672765887723359768e-03 -1.947031590403769385e-03 -2.229409618557776085e-03 -2.517182710215837282e-03 -2.809241167576748133e-03 -3.094387366733175604e-03 -3.378077635077136875e-03 -3.644377826274025622e-03 -3.898766621901694762e-03 -4.128436066101692781e-03 -4.331595489481032679e-03 -4.502198414446878516e-03 -4.628727151278155816e-03 -4.713424270245902825e-03 -4.735439560964671557e-03 -4.705501999947903080e-03 -4.592284981005056999e-03 -4.413702511927519723e-03 -4.128868305832811281e-03 -3.759391905265752065e-03 -3.265417597574593600e-03 -2.662020628737660211e-03 -1.917493545975590408e-03 -1.025247047327537686e-03 1.520769089702334043e-05 1.259551543016934616e-03 2.642588136949397537e-03 4.312341586265255877e-03 6.111233616541644764e-03 8.274325790688430438e-03 1.061827246583435524e-02 1.330487683277825628e-02 1.630805880248598072e-02 1.957493207072447117e-02 2.339198606478531950e-02 2.741181874458675782e-02 3.212544752954693550e-02 3.721802244154348571e-02 4.280405419833821501e-02 4.928991018132888868e-02 5.605136488858009081e-02 6.417068685846960552e-02 7.299906879646356206e-02 8.259303770269754708e-02 9.509725667129576010e-02 1.082994429252817081e-01
-1.665499077495324887e-02 -1.676684613802748025e-02 -1.677792517356946345e-02 -1.670306911964980490e-02 -1.654942582395424466e-02 -1.632353562832078442e-02 -1.603561571582590162e-02 -1.569040742717608961e-02 -1.529794509040693917e-02 -1.486295255900538237e-02 -1.438834927928667184e-02 -1.388174440724609937e-02 -1.335074662176172211e-02 -1.279339094782516728e-02 -1.221861016489511620e-02 -1.162925350938504021e-02 -1.102885322579938432e-02 -1.042110283703312490e-02 -9.810440396350372794e-03 -9.196478545012376493e-03 -8.586564018897235862e-03 -7.981590939915461647e-03 -7.384349255761146757e-03 -6.797746651933334050e-03 -6.224808424701411269e-03 -5.665921781815019820e-03 -5.124411330423961353e-03 -4.602903337389330218e-03 -4.102038775457228503e-03 -3.624555471859469691e-03 -3.171862666938696229e-03 -2.745150211368119209e-03 -2.345940827670589535e-03 -1.975434644400864137e-03 -1.634707057059592294e-03 -1.324809121604153539e-03 -1.046288014778240516e-03 -8.000260545392157141e-04 -5.865084547266308235e-04 -4.060884803837039314e-04 -2.589269683985762072e-04 -1.449785637905876001e-04 -6.407798631991035165e-05 -1.591673438916529904e-05 0.000000000000000000e+00 -1.561526550653002943e-05 -6.189124178312965796e-05 -1.378839923128483136e-04 -2.419811207652333707e-04 -3.727714003254334330e-04 -5.289503024685782151e-04 -7.075939023375443782e-04 -9.075605941797348919e-04 -1.126965197475127134e-03 -1.360229921367306360e-03 -1.607967274532717816e-03 -1.864586274315183090e-03 -2.127379261181450154e-03 -2.395212278989089505e-03 -2.657108642994066017e-03 -2.918333769346248552e-03 -3.163222489235506529e-03 -3.397081992470574185e-03 -3.607269108131583302e-03 -3.791957546572688464e-03 -3.945130286190590141e-03 -4.055374632402353186e-03 -4.124836517774954636e-03 -4.132837143336565155e-03 -4.089921174160848771e-03 -3.965014957540313745e-03 -3.775789268156026779e-03 -3.481678349813499551e-03 -3.104014656689524365e-03 -2.603164044621464335e-03 -1.994004275902683254e-03 -1.244972463214644165e-03 -3.494202275519109335e-04 6.932262612414641367e-04 1.938453179229027157e-03 3.321494292386484304e-03 4.989821053639653670e-03 6.786626839361931118e-03 8.946175072232498415e-03 1.128593406470823624e-02 1.396734303954416667e-02 1.696456480863273164e-02 2.022497385246735391e-02 2.403469921203671422e-02 2.804709568271601672e-02 3.275275030802637932e-02 3.783739897219728920e-02 4.341572493536693944e-02 4.989435304261324866e-02 5.664926571542150402e-02 6.476373108686728219e-02 7.358891122532118523e-02 8.318186048643683161e-02 9.569183231320721461e-02 1.089032891849402995e-01
-1.773865337352942273e-02 -1.784223530169248839e-02 -1.784410702923633352e-02 -1.775915182590337427e-02 -1.759448175655176083e-02 -1.735660098427205256e-02 -1.705576171309519662e-02 -1.669666019636162346e-02 -1.628939197745660206e-02 -1.583865650181648377e-02 -1.534734988674657519e-02 -1.482313181074623731e-02 -1.427367208197172221e-02 -1.369690579502425010e-02 -1.310185975928745972e-02 -1.249138303748298373e-02 -1.186904933650589911e-02 -1.123853620284120947e-02 -1.060434509971197592e-02 -9.966047194026717015e-03 -9.331114988349598072e-03 -8.700406276866301525e-03 -8.076745250232053586e-03 -7.463086613123448565e-03 -6.862517871784046264e-03 -6.275376683038014214e-03 -5.705072877261962994e-03 -5.154301753103940342e-03 -4.623675024236550968e-03 -4.116021970095418148e-03 -3.632779715069256454e-03 -3.175156733990158742e-03 -2.744725399640213226e-03 -2.342723646681199590e-03 -1.970266127632847031e-03 -1.628456510876952201e-03 -1.317877113362952990e-03 -1.039479115670705056e-03 -7.937693639984422234e-04 -5.811506919771725066e-04 -4.018319908070111524e-04 -2.558333961629744024e-04 -1.430060828275792062e-04 -6.308278149314006100e-05 -1.561526550653002943e-05 0.000000000000000000e+00 -1.533252142449370581e-05 -6.070631080212773867e-05 -1.346558394117458590e-04 -2.357670242384424242e-04 -3.627326456925317189e-04 -5.127772003281627633e-04 -6.846946252903052255e-04 -8.766290141878352316e-04 -1.083245797824594625e-03 -1.304978965947056757e-03 -1.536403898202864937e-03 -1.774813206982139846e-03 -2.019029687170048604e-03 -2.258351682044801301e-03 -2.497787073036827898e-03 -2.722011556930192810e-03 -2.936102497480663764e-03 -3.127622567820620425e-03 -3.294692381143993209e-03 -3.431327799460315298e-03 -3.526238698319139608e-03 -3.581447046658636779e-03 -3.576488780019260183e-03 -3.521674866621915534e-03 -3.386245739307347513e-03 -3.187567724259765534e-03 -2.885464401563231363e-03 -2.500929897758075171e-03 -1.994609944122927025e-03 -1.381140706474659474e-03 -6.291379452467715794e-04 2.681134807897000982e-04 1.311287846083919462e-03 2.555621275016406457e-03 3.936872926784351634e-03 5.601808966424370873e-03 7.394581715936876520e-03 9.548437354120586917e-03 1.188185235772865056e-02 1.455577243300965051e-02 1.754464692082979838e-02 2.079616715102916569e-02 2.459591570349495271e-02 2.859826426923306464e-02 3.329307727231223257e-02 3.836689704586193628e-02 4.393453335884911493e-02 5.040269750175419006e-02 5.714790787898049729e-02 6.525401020559806753e-02 7.407245612297730375e-02 8.366085438237880201e-02 9.617259490758367502e-02 1.093895581322388288e-01
-1.883837222082085372e-02 -1.893386177699785122e-02 -1.892673155716639855e-02 -1.883190355176977970e-02 -1.865645310379471233e-02 -1.840684731111708050e-02 -1.809337103296126958e-02 -1.772067461723281223e-02 -1.729891202584654675e-02 -1.683275696979824598e-02 -1.632508268931698314e-02 -1.578359701099385504e-02 -1.521602788791687200e-02 -1.462021318452644270e-02 -1.400526951141722876e-02 -1.337404543714293403e-02 -1.273015663019216870e-02 -1.207726150230437057e-02 -1.141992379109246780e-02 -1.075767655125547950e-02 -1.009811323728715404e-02 -9.442055196771770298e-03 -8.792360235952645375e-03 -8.152029432264229492e-03 -7.524211747177211862e-03 -6.909195506568877043e-03 -6.310474877269989236e-03 -5.730813520768762714e-03 -5.170793912152582550e-03 -4.633336042236591013e-03 -4.119904563014475940e-03 -3.631726248966127280e-03 -3.170422642717163342e-03 -2.737269009284060139e-03 -2.333418754664973171e-03 -1.960027625961924258e-03 -1.617716266822721849e-03 -1.307505495918404037e-03 -1.029919654235045279e-03 -7.854105464887295440e-04 -5.742344567597479355e-04 -3.964866288513890780e-04 -2.520287375354923753e-04 -1.406309554995432975e-04 -6.189124178312965796e-05 -1.533252142449370581e-05 0.000000000000000000e+00 -1.502338790515533873e-05 -5.910236602335583456e-05 -1.308076628930843199e-04 -2.288229919684692248e-04 -3.505458925240345636e-04 -4.946860116532558749e-04 -6.594156832947506430e-04 -8.396702034473291221e-04 -1.035674414477383287e-03 -1.242192653557072646e-03 -1.456512335506920941e-03 -1.677401545344014977e-03 -1.894467317177572774e-03 -2.112419164324363940e-03 -2.316318380633952678e-03 -2.510976765126460286e-03 -2.684188596834391483e-03 -2.834010948562171173e-03 -2.954495044326654885e-03 -3.034484736091358492e-03 -3.075861367903054422e-03 -3.058403115045238430e-03 -2.992156778556243069e-03 -2.846715675002053914e-03 -2.639103715318169563e-03 -2.329577657141257419e-03 -1.938755183589213615e-03 -1.427599217391994912e-03 -8.104769529362343405e-04 -5.620498182301592038e-05 8.420029381939198032e-04 1.884930741984369718e-03 3.127528656304501276e-03 4.506141446837808040e-03 6.166731747454523571e-03 7.954530214414168299e-03 1.010162433004901938e-02 1.242762305248357180e-02 1.509289435469618468e-02 1.807220153967625809e-02 2.131358843992847696e-02 2.510196940110764885e-02 2.909290153927479583e-02 3.377533482230188344e-02 3.883676135621794145e-02 4.439208634362645789e-02 5.084799319024024822e-02 5.758175218226657677e-02 6.567750364584579170e-02 7.448720018793675290e-02 8.406902072054145414e-02 9.658017105315785944e-02 1.098004081755460382e-01
-1.995093597489039361e-02 -2.003856917391233505e-02 -2.002269718586002778e-02 -1.991827751039532135e-02 -1.973234781185628783e-02 -1.947133721615090796e-02 -1.914556092915975505e-02 -1.875962255229279840e-02 -1.832373175111501329e-02 -1.784253517895884045e-02 -1.731888356467237156e-02 -1.676053056861726009e-02 -1.617525939626329734e-02 -1.556081317507662654e-02 -1.492639424280850502e-02 -1.427485030483910400e-02 -1.360983940418059035e-02 -1.293499774775308531e-02 -1.225495020870148721e-02 -1.156919485126972624e-02 -1.088544145303471655e-02 -1.020447472730501293e-02 -9.529185434210218908e-03 -8.862620345427840718e-03 -8.207989098519163917e-03 -7.565530817788657103e-03 -6.938823105009594983e-03 -6.330697288029263348e-03 -5.741706545933200623e-03 -5.174860820603255362e-03 -4.631651885612431130e-03 -4.113324438513310533e-03 -3.621548673054419965e-03 -3.157636668548069458e-03 -2.722780043138861572e-03 -2.318186056410431739e-03 -1.944516650937866409e-03 -1.602862969841689633e-03 -1.293762850216984006e-03 -1.017716445142924364e-03 -7.750267489529116816e-04 -5.658732270282795795e-04 -3.901223289061173105e-04 -2.475780101637292674e-04 -1.378839923128483136e-04 -6.070631080212773867e-05 -1.502338790515533873e-05 0.000000000000000000e+00 -1.451857290490909946e-05 -5.712279193070823879e-05 -1.264811868383342031e-04 -2.201878351748565166e-04 -3.368491280210106353e-04 -4.746646259069509100e-04 -6.288649505338250734e-04 -7.994365013176407686e-04 -9.813541594110297694e-04 -1.171894910293347358e-03 -1.369761156560622695e-03 -1.564900840714811281e-03 -1.761686028998177278e-03 -1.945606439853309055e-03 -2.121174099661282675e-03 -2.276439575150002170e-03 -2.409386416588943369e-03 -2.514103597676564661e-03 -2.579579916592966704e-03 -2.607540133986785413e-03 -2.578031081672871316e-03 -2.500806184717485614e-03 -2.345848924123594692e-03 -2.129804378665500764e-03 -1.813404646851091151e-03 -1.416854387109811597e-03 -9.014696264961763461e-04 -2.813223190065716750e-04 4.745487145519922123e-04 1.373004937636923550e-03 2.414948746023548587e-03 3.655009899718120181e-03 5.030176684674314558e-03 6.685513494902539655e-03 8.467444286849312718e-03 1.060676139869809464e-02 1.292432606465421241e-02 1.557984719946781116e-02 1.854842844247672762e-02 2.177850045663665135e-02 2.555419162727756710e-02 2.953240720774819028e-02 3.420099714187130324e-02 3.924854174890313185e-02 4.479001147713412845e-02 5.123195094593535615e-02 5.795259127435303803e-02 6.603609275151944846e-02 7.483511365817896444e-02 8.440841800836906827e-02 9.691671394687872976e-02 1.101380813154650973e-01
-2.108650077874951734e-02 -2.116590854929678578e-02 -2.114096559234535100e-02 -2.102666061467484138e-02 -2.082999298329812898e-02 -2.055735330672747718e-02 -2.021908423115703624e-02 -1.981974215148718521e-02 -1.936958880405614813e-02 -1.887324247746424710e-02 -1.833353285955152678e-02 -1.775825643375383844e-02 -1.715524765150810982e-02 -1.652215994532590937e-02 -1.586827535963186708e-02 -1.519644093149208341e-02 -1.451035853393001229e-02 -1.381363785017908352e-02 -1.311096370443931569e-02 -1.240180521324618645e-02 -1.169398135929333726e-02 -1.098824067738735089e-02 -1.028750646669940316e-02 -9.594870716324033211e-03 -8.913603057576269251e-03 -8.243894360290049406e-03 -7.589404711134006831e-03 -6.953032489150134943e-03 -6.335302132292164323e-03 -5.739312739292956600e-03 -5.166583050791317966e-03 -4.618375573705590931e-03 -4.096408731495859712e-03 -3.602030983504644901e-03 -3.136471651583927489e-03 -2.700988908277857092e-03 -2.296291431313157716e-03 -1.923542148999590751e-03 -1.583285876152973337e-03 -1.276070282425711966e-03 -1.002244101045768332e-03 -7.620867871045433617e-04 -5.554599449342223494e-04 -3.821951234951326271e-04 -2.419811207652333707e-04 -1.346558394117458590e-04 -5.910236602335583456e-05 -1.451857290490909946e-05 0.000000000000000000e+00 -1.404241363367475515e-05 -5.528857093162198311e-05 -1.215692699543247102e-04 -2.113549064468589478e-04 -3.228702484812107087e-04 -4.516844453978929863e-04 -5.974950025446901236e-04 -7.555239304803951228e-04 -9.230284282120138073e-04 -1.098625964441213299e-03 -1.272660011905291100e-03 -1.449097811645927436e-03 -1.613930211186831443e-03 -1.771310386690871930e-03 -1.909586764494930478e-03 -2.026651679751245716e-03 -2.116635244621356549e-03 -2.168689203992268943e-03 -2.184353760280588475e-03 -2.143988758536718997e-03 -2.057003642515597974e-03 -1.893834790966608672e-03 -1.670685585431042064e-03 -1.348834259071840513e-03 -9.480094006655281902e-04 -4.299403224132802848e-04 1.916418022085419892e-04 9.474405917423434076e-04 1.844400716523253436e-03 2.883558852686762819e-03 4.119166955197317570e-03 5.488955497963576846e-03 7.136932082448144143e-03 8.910908561514774284e-03 1.104015399415692045e-02 1.334698408960077742e-02 1.599031341707446430e-02 1.894563142974270420e-02 2.216181397460303959e-02 2.592200872997718619e-02 2.988474107990779505e-02 3.453645447230146992e-02 3.956704853210557538e-02 4.509151024669233454e-02 5.151606534583974550e-02 5.822025055770851942e-02 6.628780066390760339e-02 7.507241684313814556e-02 8.463347569489820810e-02 9.713470324373441045e-02 1.103532161407281276e-01
-2.223195653002840722e-02 -2.230324944565487133e-02 -2.226937570719433879e-02 -2.214535181032317723e-02 -2.193813797064736448e-02 -2.165408548454128557e-02 -2.130356203638894552e-02 -2.089107608142759531e-02 -2.042693854984678481e-02 -1.991573806750901454e-02 -1.936028392827660038e-02 -1.876841299920850581e-02 -1.814800786225123641e-02 -1.749663534435907941e-02 -1.682365270462371498e-02 -1.613190609145487286e-02 -1.542514190204780089e-02 -1.470693991675664503e-02 -1.398204378853562524e-02 -1.324989752451244396e-02 -1.251842410769044012e-02 -1.178833584352834141e-02 -1.106258797097703361e-02 -1.034431708007299555e-02 -9.636852051932986996e-03 -8.940335795830867127e-03 -8.258509987888129622e-03 -7.594339393564353280e-03 -6.948319761260313143e-03 -6.323638596799852074e-03 -5.721841243786607301e-03 -5.144207679900092423e-03 -4.592504049499845920e-03 -4.068114669791511595e-03 -3.572306003274738906e-03 -3.106386534910576813e-03 -2.671115313583216633e-03 -2.267727955581055888e-03 -1.896771486815662655e-03 -1.558840373136693991e-03 -1.254328277020655413e-03 -9.836256854740543787e-04 -7.465824488674943638e-04 -5.430532488513994949e-04 -3.727714003254334330e-04 -2.357670242384424242e-04 -1.308076628930843199e-04 -5.712279193070823879e-05 -1.404241363367475515e-05 0.000000000000000000e+00 -1.360489080048932209e-05 -5.295310673114617117e-05 -1.163558556275257061e-04 -2.020617062721274948e-04 -3.060094933534651673e-04 -4.275716787496275373e-04 -5.622437901584564912e-04 -7.072566793198120649e-04 -8.611291330570258751e-04 -1.014639780522075263e-03 -1.171302550391217778e-03 -1.317662188504264975e-03 -1.457470494197310451e-03 -1.579404081509361291e-03 -1.681251516282955549e-03 -1.757186728730264491e-03 -1.796537852370438948e-03 -1.800640385408169841e-03 -1.750199874497981867e-03 -1.654245084981575964e-03 -1.483711558076583614e-03 -1.254315221969615202e-03 -9.279328322195912193e-04 -5.237708847254385347e-04 -4.016649912230718655e-06 6.179726882422631462e-04 1.372616654399472225e-03 2.266948655091249876e-03 3.302150904673339937e-03 4.532054629296622394e-03 5.895205310572193547e-03 7.534435397667293977e-03 9.299089083940503819e-03 1.141674142026471994e-02 1.371131315252449578e-02 1.634082277856130361e-02 1.928117908414883619e-02 2.248174638626265764e-02 2.622454454753508912e-02 3.016992332773682506e-02 3.480268764298266593e-02 3.981423029768826893e-02 4.531951728068139840e-02 5.172431747445571659e-02 5.840973476082444993e-02 6.645873643853505985e-02 7.522632296472764324e-02 8.477250284905990529e-02 9.726363578059571413e-02 1.104764290100814783e-01
-2.338052130045820132e-02 -2.344402731893469038e-02 -2.340157609993664956e-02 -2.326820890900860306e-02 -2.305084584911298862e-02 -2.275579799362414946e-02 -2.239345588342223081e-02 -2.196827917989996326e-02 -2.149062546166413679e-02 -2.096505239904444817e-02 -2.039434914483806427e-02 -1.978639076151056386e-02 -1.914910524542268178e-02 -1.847997499687548117e-02 -1.778842868937779986e-02 -1.707731115655153342e-02 -1.635041362622158267e-02 -1.561128304457881644e-02 -1.486472077170863937e-02 -1.411014847894420665e-02 -1.335558882027432226e-02 -1.260171757548000926e-02 -1.185152121537191849e-02 -1.110818021655968213e-02 -1.037508190353741977e-02 -9.652321203036273722e-03 -8.943720468919558186e-03 -8.252310123818662468e-03 -7.578557030231136693e-03 -6.925736323575848452e-03 -6.295419457420070586e-03 -5.688903409120316113e-03 -5.108001457670541257e-03 -4.554133182385067258e-03 -4.028601566082867791e-03 -3.532764770359908546e-03 -3.067434916407041356e-03 -2.633920881337625808e-03 -2.232767992422002301e-03 -1.864616812933705958e-03 -1.529905173867085466e-03 -1.229143192844950327e-03 -9.621634019539859750e-04 -7.288400031215669372e-04 -5.289503024685782151e-04 -3.627326456925317189e-04 -2.288229919684692248e-04 -1.264811868383342031e-04 -5.528857093162198311e-05 -1.360489080048932209e-05 0.000000000000000000e+00 -1.285774056003496923e-05 -5.031172879099710116e-05 -1.106332278671962044e-04 -1.901555454585368565e-04 -2.878974440327919382e-04 -3.996489540152303732e-04 -5.226094441118656064e-04 -6.551881661118752476e-04 -7.886305161449724821e-04 -9.259586418172149891e-04 -1.054313296484088447e-03 -1.177011170693020858e-03 -1.283081357987159166e-03 -1.370198804143019089e-03 -1.432583543785281854e-03 -1.459751027418909608e-03 -1.452816121414124417e-03 -1.392856402274711414e-03 -1.288490790356200399e-03 -1.111191258628796419e-03 -8.761498315625892985e-04 -5.458840811564114048e-04 -1.390416899558211128e-04 3.816959717366508187e-04 1.003372153936754607e-03 1.756100636830515427e-03 2.647007734091211262e-03 3.677429980723956326e-03 4.900742903814925278e-03 6.256365546198017213e-03 7.885859105691839233e-03 9.640216762781150805e-03 1.174518072270069879e-02 1.402639861880272676e-02 1.664090984601740431e-02 1.956506935659363400e-02 2.274876484342380767e-02 2.647276778898288718e-02 3.039941876863694326e-02 3.501169367352452433e-02 4.000262037275892357e-02 4.548711255299575651e-02 5.187036775841302738e-02 5.853527207915742991e-02 6.656374103807483067e-02 7.531228554540136955e-02 8.484156070721571297e-02 9.732023080814400373e-02 1.105250585113274342e-01
-2.454642542969809327e-02 -2.460165505412192921e-02 -2.455018164389477509e-02 -2.440706680537407802e-02 -2.417919005134516741e-02 -2.387282185177419525e-02 -2.349837265910237338e-02 -2.306025304350201033e-02 -2.256886348959996624e-02 -2.202872950427336995e-02 -2.144262182471745604e-02 -2.081845062099352273e-02 -2.016418514609952251e-02 -1.947722895731018866e-02 -1.876707580299930012e-02 -1.803656954727272943e-02 -1.728954790967873745e-02 -1.652952052585243692e-02 -1.576134527773376259e-02 -1.498442812704314786e-02 -1.420688381405810219e-02 -1.342935220827312648e-02 -1.265485064653371072e-02 -1.188660306330702188e-02 -1.112805454765775082e-02 -1.037925318995414070e-02 -9.644101038490449085e-03 -8.925693555128066947e-03 -8.224469405505030473e-03 -7.543790530523231119e-03 -6.885254369727533685e-03 -6.250174825861098959e-03 -5.640411885766472011e-03 -5.057419939387575170e-03 -4.502537949766072245e-03 -3.977173105713216472e-03 -3.482196585775421127e-03 -3.018992157030830903e-03 -2.588096271237905199e-03 -2.190194644922982548e-03 -1.825768165536367782e-03 -1.495464027233328608e-03 -1.199086791573544808e-03 -9.365232642818410724e-04 -7.075939023375443782e-04 -5.127772003281627633e-04 -3.505458925240345636e-04 -2.201878351748565166e-04 -1.215692699543247102e-04 -5.295310673114617117e-05 -1.285774056003496923e-05 0.000000000000000000e+00 -1.229886097364740749e-05 -4.804585038331588009e-05 -1.040174488821099530e-04 -1.788217620127818819e-04 -2.685844661330927252e-04 -3.704628635285978078e-04 -4.827346970865953324e-04 -5.971739855881175174e-04 -7.162345293906247079e-04 -8.277355794216179063e-04 -9.344914696385320241e-04 -1.025930946376707453e-03 -1.099595145492959780e-03 -1.149753869500780290e-03 -1.166130468770676387e-03 -1.149586932601587286e-03 -1.081623765667782955e-03 -9.703917233820913424e-04 -7.879713666021359586e-04 -5.489582339478493722e-04 -2.165923009123105203e-04 1.911105020215853045e-04 7.109050825803153728e-04 1.330288016281433450e-03 2.079026367553749033e-03 2.964348802035665642e-03 3.987764472827670659e-03 5.202126706228882291e-03 6.547842873521947382e-03 8.165018226207521046e-03 9.906521921513866680e-03 1.199599694389752447e-02 1.426105411595934847e-02 1.685759525498320421e-02 1.976247481331749878e-02 2.292617208887659519e-02 2.662798151534018221e-02 3.053255389139086784e-02 3.512067535184815181e-02 4.008728073674638903e-02 4.554717351022929961e-02 5.190476691542278420e-02 5.854513634621494322e-02 6.654861712156789899e-02 7.527362985066154977e-02 8.478150757049873754e-02 9.724263860504012147e-02 1.104346925022059445e-01
-2.571280933514430433e-02 -2.575995836735178735e-02 -2.569968814894851850e-02 -2.554707743444528667e-02 -2.530896430378870576e-02 -2.499157784591599096e-02 -2.460534616153875476e-02 -2.415463001548878719e-02 -2.364987010240304777e-02 -2.309555853837885753e-02 -2.249444814165280082e-02 -2.185448189262440000e-02 -2.118366739507171470e-02 -2.047933208670493777e-02 -1.975103063232763745e-02 -1.900160563661090762e-02 -1.823494180711726642e-02 -1.745450836264283989e-02 -1.666521856678504498e-02 -1.586646602465768829e-02 -1.506645273955853348e-02 -1.426578253412302821e-02 -1.346750294892939959e-02 -1.267488069378830406e-02 -1.189141781566227518e-02 -1.111711574133888991e-02 -1.035595526023891377e-02 -9.611096135421770548e-03 -8.882948777446997290e-03 -8.174961111467871078e-03 -7.488756107832950093e-03 -6.825664165205358458e-03 -6.187591386602409038e-03 -5.576026369793818382e-03 -4.992343415839650689e-03 -4.437998060823789004e-03 -3.913923736906022022e-03 -3.421579809281372064e-03 -2.961489381609672122e-03 -2.534382537013879499e-03 -2.140782348656444789e-03 -1.781483115060322753e-03 -1.456254989313454651e-03 -1.164993160520655380e-03 -9.075605941797348919e-04 -6.846946252903052255e-04 -4.946860116532558749e-04 -3.368491280210106353e-04 -2.113549064468589478e-04 -1.163558556275257061e-04 -5.031172879099710116e-05 -1.229886097364740749e-05 0.000000000000000000e+00 -1.172550792438720180e-05 -4.472399152743999906e-05 -9.715912164165452225e-05 -1.655168919721949905e-04 -2.469063867874821128e-04 -3.394608307273339065e-04 -4.355202009790337669e-04 -5.369242026277420976e-04 -6.322204165625233685e-04 -7.236806350795488285e-04 -8.011619556617111115e-04 -8.620598732141937504e-04 -9.006964677560347354e-04 -9.070158982801279635e-04 -8.816080369670187267e-04 -8.064276956750715541e-04 -6.891223303731042193e-04 -5.024256098218327082e-04 -2.602926486092727032e-04 7.326360943415988203e-05 4.809032988095651717e-04 9.987742510738639723e-04 1.614858435422528160e-03 2.358550270133541460e-03 3.237186054314222794e-03 4.252458255777691321e-03 5.456656057041153751e-03 6.791245966758285846e-03 8.394761348427204339e-03 1.012208856701646287e-02 1.219460358602475480e-02 1.444202809535355403e-02 1.701902576874247952e-02 1.990298333301776523e-02 2.304501407629300225e-02 2.672278918173187634e-02 3.060347194197421405e-02 3.516542725666849112e-02 4.010566964622697128e-02 4.553885408989810646e-02 5.186847020842155764e-02 5.848204482702701323e-02 6.645798611189224214e-02 7.515688236741890904e-02 8.464076223563810064e-02 9.708133670501517543e-02 1.102577504273589692e-01
-2.687601804226413815e-02 -2.691532259543794048e-02 -2.684652133272003027e-02 -2.668470703865122307e-02 -2.643667549892581015e-02 -2.610861362257543838e-02 -2.571096493800184568e-02 -2.524803966906186137e-02 -2.473031608862363839e-02 -2.416225169714580900e-02 -2.354658181469171385e-02 -2.289127998280882093e-02 -2.220438932752821781e-02 -2.148316371104397327e-02 -2.073721468946476687e-02 -1.996938327440567207e-02 -1.918360157610921046e-02 -1.838329537501959265e-02 -1.757343217002016456e-02 -1.675339634195938121e-02 -1.593147250016091476e-02 -1.510822822587354342e-02 -1.428674056829026817e-02 -1.347031829789169244e-02 -1.266251958686070989e-02 -1.186329929269847039e-02 -1.107671597294790367e-02 -1.030599292336209505e-02 -9.551512172114917654e-03 -8.816806781421160366e-03 -8.103524749968782359e-03 -7.413012493320714213e-03 -6.747221599392783098e-03 -6.107674231268123144e-03 -5.495779348403950770e-03 -4.913040120259393184e-03 -4.360455204557522890e-03 -3.839560173462763792e-03 -3.350860460404447849e-03 -2.895129702671361827e-03 -2.472932267799987649e-03 -2.085219035002250365e-03 -1.731719561912536953e-03 -1.412333347541316897e-03 -1.126965197475127134e-03 -8.766290141878352316e-04 -6.594156832947506430e-04 -4.746646259069509100e-04 -3.228702484812107087e-04 -2.020617062721274948e-04 -1.106332278671962044e-04 -4.804585038331588009e-05 -1.172550792438720180e-05 0.000000000000000000e+00 -1.061759941400897134e-05 -4.126534886683685954e-05 -8.881302212615516112e-05 -1.503156056787968708e-04 -2.237493949895918988e-04 -3.020558769011305600e-04 -3.864170673529843114e-04 -4.661563466130669298e-04 -5.429646705377155769e-04 -6.071548350735644917e-04 -6.559654224116417964e-04 -6.837731880188213651e-04 -6.807554246929248265e-04 -6.472115527588195860e-04 -5.655806391309248227e-04 -4.429733459945239815e-04 -2.528189588995033432e-04 -8.390267922431249303e-06 3.254784998504289817e-04 7.321658153173205008e-04 1.247170988334600494e-03 1.858991962322531499e-03 2.596625675443942072e-03 3.467521045321442230e-03 4.473564017507092316e-03 5.666439446721183160e-03 6.988740642513202594e-03 8.577318059057703614e-03 1.028921035603147516e-02 1.234336571259064819e-02 1.457175801897869771e-02 1.712771636196430691e-02 1.998919102140273019e-02 2.310796981388230087e-02 2.675996026876503731e-02 3.061503213503768972e-02 3.514890665282144333e-02 4.006084370130491568e-02 4.546531285204835626e-02 5.176474578477285871e-02 5.834937279346752437e-02 6.629534020816285622e-02 7.496565221235207410e-02 8.442304962575153393e-02 9.684017540683131919e-02 1.099981990421668998e-01
-2.804470440679329712e-02 -2.807563684916047908e-02 -2.799782633658931541e-02 -2.782637520896913408e-02 -2.756803652379047342e-02 -2.722895468521191464e-02 -2.681958571697051763e-02 -2.634418905490787388e-02 -2.581327681520906303e-02 -2.523127070641062453e-02 -2.460089041079749350e-02 -2.393013695255541418e-02 -2.322708479850388308e-02 -2.248892004409752676e-02 -2.172530470435840577e-02 -2.093907863762611843e-02 -2.013422318649527032e-02 -1.931411609333577584e-02 -1.848377797442990467e-02 -1.764259093421083335e-02 -1.679891443505332482e-02 -1.595328047898558754e-02 -1.510879531339714976e-02 -1.426880941583197338e-02 -1.343693646575494505e-02 -1.261308593874521655e-02 -1.180139324525075750e-02 -1.100514465966095923e-02 -1.022469453557584007e-02 -9.463660321458289282e-03 -8.723714948032812444e-03 -8.006220786901607767e-03 -7.313174511595410543e-03 -6.646131401243926540e-03 -6.006534521869721921e-03 -5.395934016266368261e-03 -4.815400179116413604e-03 -4.266546601243037529e-03 -3.749853358541499482e-03 -3.266136635127869781e-03 -2.816000888431924309e-03 -2.400572379270382584e-03 -2.019528603484532780e-03 -1.672765887723359768e-03 -1.360229921367306360e-03 -1.083245797824594625e-03 -8.396702034473291221e-04 -6.288649505338250734e-04 -4.516844453978929863e-04 -3.060094933534651673e-04 -1.901555454585368565e-04 -1.040174488821099530e-04 -4.472399152743999906e-05 -1.061759941400897134e-05 0.000000000000000000e+00 -1.001863280702952608e-05 -3.797222402601718727e-05 -8.085016090231267327e-05 -1.364473286428191656e-04 -1.983753236195484604e-04 -2.670733940355329850e-04 -3.327323777224666657e-04 -3.963875267817273951e-04 -4.488597972598373786e-04 -4.872083760780743233e-04 -5.058686058833083976e-04 -4.952740895323159975e-04 -4.553973924749099567e-04 -3.692191760523710897e-04 -2.432474210348756216e-04 -5.168855291737273205e-05 1.929491800232163712e-04 5.249178007458166206e-04 9.283969988306273180e-04 1.438158371998232710e-03 2.043276184768849646e-03 2.772303082999916235e-03 3.632811568100802191e-03 4.626901813217787485e-03 5.805578424672441784e-03 7.112692878511461814e-03 8.683200871831164847e-03 1.037655408322857298e-02 1.240896642292166341e-02 1.461493613442732542e-02 1.714627474237151450e-02 1.998155776607335454e-02 2.307332618003221647e-02 2.669545913570370299e-02 3.052090276793151258e-02 3.502231583081238941e-02 3.990151926539686755e-02 4.527272934358173018e-02 5.153707149798913978e-02 5.808795379644715595e-02 6.599864232039609480e-02 7.463502375815633805e-02 8.406058637319158144e-02 9.644821902171862860e-02 1.095821184920593439e-01
-2.919923792671319518e-02 -2.922221683503067879e-02 -2.913584312328343362e-02 -2.895522590516363959e-02 -2.868707455308094900e-02 -2.833749006753694122e-02 -2.791693894390734343e-02 -2.742962898869605315e-02 -2.688610382828926504e-02 -2.629074816250120961e-02 -2.564626613282683376e-02 -2.496068422548580745e-02 -2.424210577538377098e-02 -2.348765088505910814e-02 -2.270702860676099277e-02 -2.190307714803496619e-02 -2.107982719506740210e-02 -2.024060579991660003e-02 -1.939048557299283271e-02 -1.852884858464265427e-02 -1.766412525288718616e-02 -1.679681159075330221e-02 -1.593004226384919786e-02 -1.506720867374622408e-02 -1.421197913424854242e-02 -1.336421755063221806e-02 -1.252813521779294614e-02 -1.170708057761282728e-02 -1.090137995431228468e-02 -1.011473433083043272e-02 -9.348840951967751778e-03 -8.605077544701744685e-03 -7.885485170296413493e-03 -7.191651509398155895e-03 -6.525052995752678164e-03 -5.887285995068824995e-03 -5.279494649939819872e-03 -4.703370918174520909e-03 -4.159365847011486927e-03 -3.648337352711639170e-03 -3.170929106445008472e-03 -2.728450311174412946e-03 -2.320521235403494309e-03 -1.947031590403769385e-03 -1.607967274532717816e-03 -1.304978965947056757e-03 -1.035674414477383287e-03 -7.994365013176407686e-04 -5.974950025446901236e-04 -4.275716787496275373e-04 -2.878974440327919382e-04 -1.788217620127818819e-04 -9.715912164165452225e-05 -4.126534886683685954e-05 -1.001863280702952608e-05 0.000000000000000000e+00 -8.956644782842637653e-06 -3.380746349512797622e-05 -7.215555069883805572e-05 -1.183124968406890076e-04 -1.719382476205177923e-04 -2.241310494111026230e-04 -2.752383177544448500e-04 -3.166122803754944925e-04 -3.451233542339782190e-04 -3.552675538861516102e-04 -3.377454539797986044e-04 -2.921872436943973028e-04 -2.021409002544993783e-04 -7.348322047540101210e-05 1.187656174825857391e-04 3.628977163221414060e-04 6.922095383243842548e-04 1.091718264131458227e-03 1.595431729007779076e-03 2.193026802199127268e-03 2.912589987201452679e-03 3.761821502876516732e-03 4.743044267376039791e-03 5.906547325740585386e-03 7.197499178939192888e-03 8.748863130949025013e-03 1.042262221638867725e-02 1.243211410747457890e-02 1.461448574696699865e-02 1.711994536892946783e-02 1.992772105680618022e-02 2.299114251089040550e-02 2.658193488481375155e-02 3.037629335497638028e-02 3.484361434032168248e-02 3.968842784264392520e-02 4.502466289018891565e-02 5.125201624292607949e-02 5.776730129863172358e-02 6.564059729427673684e-02 7.424089853539894701e-02 8.363245382630268843e-02 9.598802687988283733e-02 1.090953529998256455e-01
-3.034790156977573705e-02 -3.036265556246531272e-02 -3.026749150350016571e-02 -3.007752131375973637e-02 -2.979941012425979530e-02 -2.943921508125224573e-02 -2.900741049898614143e-02 -2.850815217983426741e-02 -2.795201194820506885e-02 -2.734333635475405533e-02 -2.668481535648370429e-02 -2.598449814799230762e-02 -2.525051326938376750e-02 -2.447991948733052592e-02 -2.368246735976042849e-02 -2.286099361996218882e-02 -2.201957959724176739e-02 -2.116149769682462711e-02 -2.029187138805399471e-02 -1.941008825219603384e-02 -1.852464304441325815e-02 -1.763599616717848040e-02 -1.674731024727171835e-02 -1.586201711371004741e-02 -1.498383899759536675e-02 -1.411259504850714830e-02 -1.325257147470804142e-02 -1.240717822522308111e-02 -1.157671400590354338e-02 -1.076496250895420115e-02 -9.973645029522915095e-03 -9.204154419112153818e-03 -8.458575611519525417e-03 -7.738528137184785827e-03 -7.045521164452228646e-03 -6.381196560871882362e-03 -5.746777451410500781e-03 -5.144035507752997560e-03 -4.573386228997722291e-03 -4.035728272844152364e-03 -3.531743372626516830e-03 -3.062939132380204654e-03 -2.628868964030028899e-03 -2.229409618557776085e-03 -1.864586274315183090e-03 -1.536403898202864937e-03 -1.242192653557072646e-03 -9.813541594110297694e-04 -7.555239304803951228e-04 -5.622437901584564912e-04 -3.996489540152303732e-04 -2.685844661330927252e-04 -1.655168919721949905e-04 -8.881302212615516112e-05 -3.797222402601718727e-05 -8.956644782842637653e-06 0.000000000000000000e+00 -7.940789219285093736e-06 -3.016973101732656204e-05 -6.175633093719046229e-05 -1.015095580304548051e-04 -1.415124443393533937e-04 -1.813614689113451917e-04 -2.129845232649030251e-04 -2.330443943340254620e-04 -2.361011405407342778e-04 -2.131421721635051725e-04 -1.634244744840307462e-04 -7.111232830359082158e-05 5.860462255435905377e-05 2.498227036482614238e-04 4.917043761931694235e-04 8.165112502372950942e-04 1.210168710037651252e-03 1.705852657706397046e-03 2.293894111211614018e-03 3.001872860244780838e-03 3.837626017398676481e-03 4.803716701860527571e-03 5.949652624769541376e-03 7.222032317270699053e-03 8.751643090581850970e-03 1.040322466477183738e-02 1.238697217720863275e-02 1.454291709397481647e-02 1.701950460766010753e-02 1.979666854647976759e-02 2.282859533041492472e-02 2.638462388519202673e-02 3.014452166433634339e-02 3.457405419417158843e-02 3.938073707542488755e-02 4.467815120026874531e-02 5.086434360509972663e-02 5.733995197054697623e-02 6.517131601007752906e-02 7.373095125302064901e-02 8.308389559334483643e-02 9.540215569380428029e-02 1.084779114381223541e-01
-3.148304712135829853e-02 -3.148950025145635934e-02 -3.138551028115077468e-02 -3.118618833319686257e-02 -3.089815463457457057e-02 -3.052742191125812354e-02 -3.008446984584189909e-02 -2.957340174706668545e-02 -2.900481463156900919e-02 -2.838301576651636182e-02 -2.771068191484971077e-02 -2.699588246282935700e-02 -2.624676786889401647e-02 -2.546033937503666689e-02 -2.464638416276276889e-02 -2.380773748694076097e-02 -2.294853225737358837e-02 -2.207198270557553244e-02 -2.118326203107956385e-02 -2.028176788609237224e-02 -1.937605357237670578e-02 -1.846654403756708973e-02 -1.755642932060719197e-02 -1.664918110311885968e-02 -1.574857476682545165e-02 -1.485438523573523462e-02 -1.397097265491964446e-02 -1.310180777375835603e-02 -1.224716186949070806e-02 -1.141090050444415471e-02 -1.059476865359254560e-02 -9.800173948486312625e-03 -9.029244621821641559e-03 -8.283631446073913551e-03 -7.564875649303748339e-03 -6.874663859654184250e-03 -6.214302462640208802e-03 -5.585643895675285187e-03 -4.989062401738242336e-03 -4.425496420133123721e-03 -3.895664650292784970e-03 -3.401286310441564709e-03 -2.941839583037841876e-03 -2.517182710215837282e-03 -2.127379261181450154e-03 -1.774813206982139846e-03 -1.456512335506920941e-03 -1.171894910293347358e-03 -9.230284282120138073e-04 -7.072566793198120649e-04 -5.226094441118656064e-04 -3.704628635285978078e-04 -2.469063867874821128e-04 -1.503156056787968708e-04 -8.085016090231267327e-05 -3.380746349512797622e-05 -7.940789219285093736e-06 0.000000000000000000e+00 -7.145403515318449195e-06 -2.525497152117139876e-05 -5.222409288319074250e-05 -8.118849251237403308e-05 -1.109384518275247089e-04 -1.340165578039842487e-04 -1.468615433345421550e-04 -1.441005303897124890e-04 -1.170254629564437820e-04 -6.449298931698876913e-05 2.867282382623681514e-05 1.580188982525099206e-04 3.466960709438415833e-04 5.847991210491398917e-04 9.034841546754490693e-04 1.289647481085953729e-03 1.775572121104351808e-03 2.352289019645126267e-03 3.046834743871129625e-03 3.867191320225948914e-03 4.816177355638107116e-03 5.942460095394008768e-03 7.194169125700811129e-03 8.699750584175602874e-03 1.032690316875128911e-02 1.228243930991523847e-02 1.440948724930324332e-02 1.685458446253795817e-02 1.959841822645569387e-02 2.259609277773011460e-02 2.611434968861736650e-02 2.983682169375168058e-02 3.422530745648078021e-02 3.899055941897100475e-02 4.424575400070518416e-02 5.038708523702661868e-02 5.681939819970394101e-02 6.460478319333262665e-02 7.311965631058892079e-02 8.242986886739134267e-02 9.470607498312444417e-02 1.077457419855596399e-01
-3.259541448430181010e-02 -3.259384030945577937e-02 -3.248133112004603085e-02 -3.227299424854013221e-02 -3.197540415425570437e-02 -3.159452835098508494e-02 -3.114084976749653677e-02 -3.061841849796331783e-02 -3.003785425725913338e-02 -2.940342386682404108e-02 -2.871779122914730475e-02 -2.798904378981659224e-02 -2.722535126577663167e-02 -2.642365967687787531e-02 -2.559378905552844863e-02 -2.473857281619229465e-02 -2.386219574701231583e-02 -2.296781107977396985e-02 -2.206064060901202772e-02 -2.114009485430545787e-02 -2.021478130010812002e-02 -1.928508917612570261e-02 -1.835423519650236646e-02 -1.742573014571990875e-02 -1.650340168228303650e-02 -1.558698049076712167e-02 -1.468089964416263715e-02 -1.378868987121550926e-02 -1.291059478214306999e-02 -1.205056091371670135e-02 -1.121035632769851187e-02 -1.039140285994866186e-02 -9.595871328563321256e-03 -8.825443012063005632e-03 -8.081690423750953478e-03 -7.366344147755388150e-03 -6.680796475521666444e-03 -6.026981063880332279e-03 -5.405226687611786041e-03 -4.816510649049199344e-03 -4.261587611943062903e-03 -3.742397259906327101e-03 -3.258336543938145091e-03 -2.809241167576748133e-03 -2.395212278989089505e-03 -2.019029687170048604e-03 -1.677401545344014977e-03 -1.369761156560622695e-03 -1.098625964441213299e-03 -8.611291330570258751e-04 -6.551881661118752476e-04 -4.827346970865953324e-04 -3.394608307273339065e-04 -2.237493949895918988e-04 -1.364473286428191656e-04 -7.215555069883805572e-05 -3.016973101732656204e-05 -7.145403515318449195e-06 0.000000000000000000e+00 -5.455061346970602187e-06 -2.044905170817123974e-05 -3.921758929426033546e-05 -5.970650492992390923e-05 -7.510031506319236883e-05 -8.160243256460919525e-05 -7.390930208683865743e-05 -4.362993913686885605e-05 1.079806006298866805e-05 1.038603007095240116e-04 2.318745229303864619e-04 4.170024901217761482e-04 6.503143511149556133e-04 9.618108801552338605e-04 1.339402969145808697e-03 1.814437674877544815e-03 2.378677651155958195e-03 3.058590168877439730e-03 3.862307392280772689e-03 4.792913783873697930e-03 5.898193892601488741e-03 7.127879351514820883e-03 8.607957669860111238e-03 1.020922940340629470e-02 1.213495313909329631e-02 1.423150421099694807e-02 1.664340881749026835e-02 1.935214096282666940e-02 2.231376580036847912e-02 2.579227550478702113e-02 2.947537750564654946e-02 3.382066112252313239e-02 3.854229548647181147e-02 4.375301111024476608e-02 4.984700010838238882e-02 5.623359207120970371e-02 6.397025365068320646e-02 7.243757639505443713e-02 8.170224058155350910e-02 9.393309329887644665e-02 1.069335155660940950e-01
-3.369252385237719860e-02 -3.368224776162209722e-02 -3.356060128151994171e-02 -3.334268330159406712e-02 -3.303502217110276806e-02 -3.264353999575952958e-02 -3.217871995830345888e-02 -3.164455883669881064e-02 -3.105169521291140100e-02 -3.040435439733124579e-02 -2.970518951353073867e-02 -2.896230294011958861e-02 -2.818387936574695551e-02 -2.736681588656464381e-02 -2.652095871709614361e-02 -2.564914002689766548e-02 -2.475559848782471484e-02 -2.384342167168262971e-02 -2.291787887399765467e-02 -2.197840092401026624e-02 -2.103364138776153691e-02 -2.008395461867762410e-02 -1.913258376318816012e-02 -1.818307842332222979e-02 -1.723931794354094382e-02 -1.630099016603869799e-02 -1.537260016922181727e-02 -1.445773813158901522e-02 -1.355662085131870143e-02 -1.267327508871296526e-02 -1.180949195366243210e-02 -1.096670748315831112e-02 -1.014713470369599246e-02 -9.352484959498141848e-03 -8.584361489803238321e-03 -7.844538149179625108e-03 -7.134500078331940109e-03 -6.456264171527004159e-03 -5.810105452214275878e-03 -5.197038989561364453e-03 -4.617854080710470654e-03 -4.074731371241036015e-03 -3.566974145009838004e-03 -3.094387366733175604e-03 -2.657108642994066017e-03 -2.258351682044801301e-03 -1.894467317177572774e-03 -1.564900840714811281e-03 -1.272660011905291100e-03 -1.014639780522075263e-03 -7.886305161449724821e-04 -5.971739855881175174e-04 -4.355202009790337669e-04 -3.020558769011305600e-04 -1.983753236195484604e-04 -1.183124968406890076e-04 -6.175633093719046229e-05 -2.525497152117139876e-05 -5.455061346970602187e-06 0.000000000000000000e+00 -4.774259233286670678e-06 -1.521782775448787817e-05 -2.834668757512037729e-05 -3.804730829737312803e-05 -4.026215229824270381e-05 -2.976126401021961243e-05 1.502153550658746894e-06 5.555202853069207691e-05 1.461165316827273131e-04 2.703613376811020430e-04 4.493633332481872245e-04 6.752647402816780442e-04 9.768018237106268487e-04 1.342998025035790910e-03 1.804170147926553724e-03 2.352884372372798794e-03 3.014982422915979399e-03 3.798759821674879689e-03 4.707591129699317811e-03 5.788287066031072570e-03 6.992338927372721002e-03 8.443019441343513343e-03 1.001454638563925581e-02 1.190625172413573019e-02 1.396808883689071301e-02 1.634234812994861397e-02 1.901136562159677634e-02 2.193226293670746951e-02 2.536595566540678082e-02 2.900468227587571501e-02 3.330130151337307165e-02 3.797379092316199856e-02 4.313434802662663436e-02 4.917484929690707496e-02 5.550970429997559297e-02 6.319096735377593976e-02 7.160399610503576096e-02 8.081633870641746764e-02 9.299412809190421569e-02 1.059479607022015824e-01
-3.475440540822949398e-02 -3.473594531109980288e-02 -3.460570856975631049e-02 -3.437878307925290589e-02 -3.406165006847727827e-02 -3.366018528319547620e-02 -3.318487028152350415e-02 -3.263964764349325254e-02 -3.203517270834377317e-02 -3.137562810753513620e-02 -3.066365604403442635e-02 -2.990737199055870654e-02 -2.911497342251390119e-02 -2.828330971572623476e-02 -2.742225032566869558e-02 -2.653462556198316058e-02 -2.562472781085478601e-02 -2.469557669531285971e-02 -2.375248788018902157e-02 -2.279491400119348921e-02 -2.183155140638148861e-02 -2.086271901101421911e-02 -1.989168552168274484e-02 -1.892203848433315905e-02 -1.795770797858442513e-02 -1.699833859385280199e-02 -1.604850638220556291e-02 -1.511186006564169126e-02 -1.418858907585207607e-02 -1.328279945864363487e-02 -1.239630461072216416e-02 -1.153055401911384781e-02 -1.068780209674391468e-02 -9.869789414880925094e-03 -9.078149080941955162e-03 -8.314697357779787801e-03 -7.581013678478409901e-03 -6.879198186892865330e-03 -6.209469015047708318e-03 -5.572878092723110299e-03 -4.970248395936738284e-03 -4.404007220326744410e-03 -3.873359878171278581e-03 -3.378077635077136875e-03 -2.918333769346248552e-03 -2.497787073036827898e-03 -2.112419164324363940e-03 -1.761686028998177278e-03 -1.449097811645927436e-03 -1.171302550391217778e-03 -9.259586418172149891e-04 -7.162345293906247079e-04 -5.369242026277420976e-04 -3.864170673529843114e-04 -2.670733940355329850e-04 -1.719382476205177923e-04 -1.015095580304548051e-04 -5.222409288319074250e-05 -2.044905170817123974e-05 -4.774259233286670678e-06 0.000000000000000000e+00 -2.803663526895761038e-06 -9.244730359569963696e-06 -1.393080887124309442e-05 -1.253568370196411763e-05 9.529354683124324765e-08 3.165560808671141757e-05 8.464383170780909182e-05 1.720087159502448060e-04 2.917880888624324598e-04 4.639424684872439641e-04 6.817167722483752357e-04 9.725464982006659653e-04 1.326598853673699452e-03 1.773128814332447512e-03 2.305528808016044096e-03 2.948995546746102647e-03 3.711991324289787286e-03 4.598187892211447192e-03 5.653390610464992250e-03 6.830902294707841271e-03 8.251193382295629597e-03 9.792004398144871224e-03 1.164861242402470687e-02 1.367466062263344995e-02 1.601012519286415525e-02 1.863822844507223575e-02 2.151718034262117829e-02 2.490470341426043177e-02 2.849772589648713605e-02 3.274418903591813645e-02 3.736601579717946375e-02 4.247483757127767934e-02 4.846009739116752257e-02 5.474150000185873388e-02 6.236538931222834758e-02 7.072210389489219651e-02 7.988006885001996960e-02 9.200231844489192845e-02 1.049071750496934907e-01
-3.579077464849933499e-02 -3.576337834659892856e-02 -3.562385904793852198e-02 -3.538728887655995248e-02 -3.506010161056627439e-02 -3.464812647361603659e-02 -3.416184034904501399e-02 -3.360513155748379166e-02 -3.298866829355462382e-02 -3.231658946825777257e-02 -3.159152854191971116e-02 -3.082161091084067994e-02 -3.001504247768860267e-02 -2.916863142270764708e-02 -2.829226363659553822e-02 -2.738876823482161438e-02 -2.646249339153872171e-02 -2.551638608597595059e-02 -2.455580725679340492e-02 -2.358023901887673635e-02 -2.259841222934222404e-02 -2.161061128616170723e-02 -2.062013024046527310e-02 -1.963059432804836746e-02 -1.864598378375126320e-02 -1.766590143623469888e-02 -1.669499338593760651e-02 -1.573696637868016168e-02 -1.479198340596310501e-02 -1.386422904902107067e-02 -1.295553898165635598e-02 -1.206737616839925753e-02 -1.120203604780134476e-02 -1.036128798741942081e-02 -9.546794406714798065e-03 -8.760413288947499488e-03 -8.003825532775787899e-03 -7.279216636451812938e-03 -6.586739323432344584e-03 -5.927481259226041743e-03 -5.302297724742777163e-03 -4.713883871040991380e-03 -4.161334210971312508e-03 -3.644377826274025622e-03 -3.163222489235506529e-03 -2.722011556930192810e-03 -2.316318380633952678e-03 -1.945606439853309055e-03 -1.613930211186831443e-03 -1.317662188504264975e-03 -1.054313296484088447e-03 -8.277355794216179063e-04 -6.322204165625233685e-04 -4.661563466130669298e-04 -3.327323777224666657e-04 -2.241310494111026230e-04 -1.415124443393533937e-04 -8.118849251237403308e-05 -3.921758929426033546e-05 -1.521782775448787817e-05 -2.803663526895761038e-06 0.000000000000000000e+00 -1.819702268646139487e-06 -3.654628733751330572e-06 -8.831016730104224166e-07 1.156978167682343184e-05 4.101542134671287698e-05 9.047203444878526568e-05 1.720377185198129766e-04 2.847042801368271370e-04 4.472140145681535728e-04 6.540173441764718376e-04 9.311327061409802042e-04 1.269975431154812817e-03 1.698637906110578299e-03 2.211415505173786045e-03 2.832799586725776031e-03 3.571433387359435052e-03 4.431311536063464729e-03 5.457136308889221077e-03 6.604190967787082478e-03 7.989868222570084555e-03 9.495770456807273163e-03 1.131271804371247747e-02 1.329840060546105818e-02 1.559023724761221530e-02 1.817241781568401660e-02 2.100434355351843418e-02 2.434018886701960760e-02 2.788206656475455958e-02 3.207243307562901435e-02 3.663758260682958845e-02 4.168848442043038283e-02 4.761180443961599007e-02 5.383319317694623685e-02 6.139241653890648021e-02 6.968544175495883231e-02 7.878161082790124947e-02 9.083984625898389176e-02 1.036876396445561843e-01
-3.678520572242782727e-02 -3.674915234692921473e-02 -3.660066569752817855e-02 -3.635479917673190009e-02 -3.601793821963472642e-02 -3.559586471551012821e-02 -3.509904879411185341e-02 -3.453132379033974075e-02 -3.390336834237883679e-02 -3.321927651947986782e-02 -3.248167329403883752e-02 -3.169869192933794100e-02 -3.087854422036973023e-02 -3.001799926444148614e-02 -2.912695581338653472e-02 -2.820824140120314905e-02 -2.726626018008193597e-02 -2.630388384347293051e-02 -2.532651747752656668e-02 -2.433367518451656775e-02 -2.333411821905251315e-02 -2.232809616578279588e-02 -2.131892765669363143e-02 -2.031027484471004119e-02 -1.930616721898370525e-02 -1.830616577200494532e-02 -1.731498561900413069e-02 -1.633639067553416258e-02 -1.537051719021997886e-02 -1.442162735226004688e-02 -1.349157846763948676e-02 -1.258184634833892090e-02 -1.169476669694424764e-02 -1.083213689104167710e-02 -9.995647837846011186e-03 -9.187198386835793151e-03 -8.408573259539919853e-03 -7.662043644057647818e-03 -6.947692818228712319e-03 -6.266643212440525801e-03 -5.619781356537512096e-03 -5.010078482737267969e-03 -4.436512575608508868e-03 -3.898766621901694762e-03 -3.397081992470574185e-03 -2.936102497480663764e-03 -2.510976765126460286e-03 -2.121174099661282675e-03 -1.771310386690871930e-03 -1.457470494197310451e-03 -1.177011170693020858e-03 -9.344914696385320241e-04 -7.236806350795488285e-04 -5.429646705377155769e-04 -3.963875267817273951e-04 -2.752383177544448500e-04 -1.813614689113451917e-04 -1.109384518275247089e-04 -5.970650492992390923e-05 -2.834668757512037729e-05 -9.244730359569963696e-06 -1.819702268646139487e-06 0.000000000000000000e+00 1.121148018867756946e-08 3.142276375878161332e-06 1.438620000027146517e-05 4.065949390485990023e-05 8.551901507880543818e-05 1.601810799257696871e-04 2.646263673853344045e-04 4.163342875781461672e-04 6.110048815111124298e-04 8.731881449367540071e-04 1.195592533634992627e-03 1.605103000850705008e-03 2.096950862571667074e-03 2.694894662132463203e-03 3.407764028528936784e-03 4.239886966932560064e-03 5.234818179813971462e-03 6.349895948390749112e-03 7.699310590802754817e-03 9.168677920995071950e-03 1.094417864723995493e-02 1.288770937481764634e-02 1.513402024339327578e-02 1.766830422097376285e-02 2.045119981787846264e-02 2.373316747212406153e-02 2.722173227475122026e-02 3.135359914764690448e-02 3.585963047673879078e-02 4.085008623851393850e-02 4.670868832038843621e-02 5.286734105671586637e-02 6.035880825495099078e-02 6.858499435781784115e-02 7.761617197383696709e-02 8.960661495597554982e-02 1.023937094628148969e-01
-3.773922899985981960e-02 -3.769407498525700895e-02 -3.753623135466999106e-02 -3.728072856311781536e-02 -3.693390318156664076e-02 -3.650148938498043449e-02 -3.599394780215170453e-02 -3.541505651217569106e-02 -3.477550117009176045e-02 -3.407932995572648949e-02 -3.332916090559978617e-02 -3.253313234136279153e-02 -3.169945819716801783e-02 -3.082487358683760892e-02 -2.991928438364011011e-02 -2.898551687318151604e-02 -2.802803262691566655e-02 -2.704962407572353289e-02 -2.605573934935934144e-02 -2.504593049856096432e-02 -2.402898228584116058e-02 -2.300511002455274401e-02 -2.197765653418548570e-02 -2.095032046286038341e-02 -1.992717985972469741e-02 -1.890775488383777958e-02 -1.789682868907305213e-02 -1.689822172768329356e-02 -1.591204403949864066e-02 -1.494263460179123815e-02 -1.399187213480346248e-02 -1.306124511024198132e-02 -1.215312899571030503e-02 -1.126934862640915913e-02 -1.041162274789342312e-02 -9.581890324203756748e-03 -8.782045474359123638e-03 -8.014446597194857524e-03 -7.279100476868971548e-03 -6.577163218919879206e-03 -5.909551312874294915e-03 -5.279529032550356327e-03 -4.685947325191452961e-03 -4.128436066101692781e-03 -3.607269108131583302e-03 -3.127622567820620425e-03 -2.684188596834391483e-03 -2.276439575150002170e-03 -1.909586764494930478e-03 -1.579404081509361291e-03 -1.283081357987159166e-03 -1.025930946376707453e-03 -8.011619556617111115e-04 -6.071548350735644917e-04 -4.488597972598373786e-04 -3.166122803754944925e-04 -2.129845232649030251e-04 -1.340165578039842487e-04 -7.510031506319236883e-05 -3.804730829737312803e-05 -1.393080887124309442e-05 -3.654628733751330572e-06 1.121148018867756946e-08 0.000000000000000000e+00 1.568919896888232302e-06 9.625365293808307854e-06 3.066676092633446871e-05 6.882591929413539589e-05 1.343778346744040064e-04 2.283601172156091152e-04 3.669039741527324594e-04 5.470448235390668046e-04 7.917665041806687398e-04 1.095157875763086430e-03 1.482811430819630516e-03 1.950958686624870708e-03 2.522574060298321541e-03 3.206685238238415891e-03 4.007974771968347838e-03 4.968766697651116893e-03 6.048597002246691723e-03 7.358219135670029942e-03 8.787550304361402276e-03 1.051778834996330847e-02 1.241534073950811834e-02 1.461208006263747805e-02 1.709427132633778434e-02 1.982387785999184526e-02 2.304733950261772524e-02 2.647801932639926026e-02 3.054637891334111011e-02 3.498821634696269722e-02 3.991299743065357397e-02 4.570119835750963144e-02 5.179154400500918243e-02 5.920903086485118649e-02 6.736206727852123155e-02 7.632188729666344873e-02 8.823719484974956728e-02 1.009565600200301727e-01
-3.864413345315631521e-02 -3.858974383843449818e-02 -3.842245552506662332e-02 -3.815727234446075755e-02 -3.780048129421231806e-02 -3.735776825311731830e-02 -3.683958189039482356e-02 -3.624964455274293229e-02 -3.559864594186668008e-02 -3.489058728083238581e-02 -3.412808061733574316e-02 -3.331926687514152885e-02 -3.247235893609612400e-02 -3.158406166450666852e-02 -3.066428332422532765e-02 -2.971584895944767712e-02 -2.874327840420676239e-02 -2.774928151371280904e-02 -2.673934834132729588e-02 -2.571307323295979330e-02 -2.467925887043953548e-02 -2.363808646910114941e-02 -2.259292246934352377e-02 -2.154750143052353017e-02 -2.050594916774040044e-02 -1.946774552486418841e-02 -1.843774068416614842e-02 -1.741981089066835242e-02 -1.641404013197556022e-02 -1.542484329603421855e-02 -1.445412009973401357e-02 -1.350337128113310303e-02 -1.257501145157036149e-02 -1.167089223897632699e-02 -1.079275949068092544e-02 -9.942591480394225023e-03 -9.122395789302850666e-03 -8.334618989079944917e-03 -7.579185730295368018e-03 -6.857284749083314424e-03 -6.169861300085788258e-03 -5.520485600605473664e-03 -4.907873273189422569e-03 -4.331595489481032679e-03 -3.791957546572688464e-03 -3.294692381143993209e-03 -2.834010948562171173e-03 -2.409386416588943369e-03 -2.026651679751245716e-03 -1.681251516282955549e-03 -1.370198804143019089e-03 -1.099595145492959780e-03 -8.620598732141937504e-04 -6.559654224116417964e-04 -4.872083760780743233e-04 -3.451233542339782190e-04 -2.330443943340254620e-04 -1.468615433345421550e-04 -8.160243256460919525e-05 -4.026215229824270381e-05 -1.253568370196411763e-05 -8.831016730104224166e-07 3.142276375878161332e-06 1.568919896888232302e-06 0.000000000000000000e+00 3.254283697962101485e-06 1.739078073847988293e-05 4.714780865855416891e-05 1.018113030578637890e-04 1.835299503027965073e-04 3.070182729025816570e-04 4.707155053532696698e-04 6.959606199740120402e-04 9.782927333458202312e-04 1.341943075278795305e-03 1.784194869703936703e-03 2.327196516651697245e-03 2.980182874617876010e-03 3.748207667192748893e-03 4.672296443388845866e-03 5.714298367403558565e-03 6.981338509133516723e-03 8.367869900009261563e-03 1.004982620541683414e-02 1.189837404866489479e-02 1.404233647819386199e-02 1.646910652935906771e-02 1.914204371781558223e-02 2.230331289928133565e-02 2.567246672672318653e-02 2.967331371321013656e-02 3.404689225039758682e-02 3.890180171313661894e-02 4.461501790294231107e-02 5.063256075586752836e-02 5.797100994724335710e-02 6.604575453701733156e-02 7.492901212543645606e-02 8.676310949176635479e-02 9.940891021128139826e-02
-3.949495980186557009e-02 -3.943112628758083105e-02 -3.925423454569743065e-02 -3.897925798511470141e-02 -3.861243334592179277e-02 -3.815939766102194319e-02 -3.763058511739181267e-02 -3.702966189554490750e-02 -3.636731868466192008e-02 -3.564750869961963442e-02 -3.487283904318916328e-02 -3.405145072397186556e-02 -3.319155228801162760e-02 -3.228982231776833522e-02 -3.135616657488871084e-02 -3.039340892503938907e-02 -2.940612838437539622e-02 -2.839694884922672191e-02 -2.737140116916070287e-02 -2.632912657139918622e-02 -2.527893986604479171e-02 -2.422098841678921310e-02 -2.315866174054193039e-02 -2.209572974126405853e-02 -2.103636520991847281e-02 -1.998000828091561765e-02 -1.893157514164067745e-02 -1.789499708734532124e-02 -1.687033227392453760e-02 -1.586207060998112706e-02 -1.487213241378571027e-02 -1.390203032075887357e-02 -1.295421746979485977e-02 -1.203057162171528027e-02 -1.113286498909815680e-02 -1.026311434226334640e-02 -9.423444974623107484e-03 -8.616392645495407621e-03 -7.841794036921756472e-03 -7.100869446067803459e-03 -6.394591665349946830e-03 -5.726850270394545639e-03 -5.096216965018385281e-03 -4.502198414446878516e-03 -3.945130286190590141e-03 -3.431327799460315298e-03 -2.954495044326654885e-03 -2.514103597676564661e-03 -2.116635244621356549e-03 -1.757186728730264491e-03 -1.432583543785281854e-03 -1.149753869500780290e-03 -9.006964677560347354e-04 -6.837731880188213651e-04 -5.058686058833083976e-04 -3.552675538861516102e-04 -2.361011405407342778e-04 -1.441005303897124890e-04 -7.390930208683865743e-05 -2.976126401021961243e-05 9.529354683124324765e-08 1.156978167682343184e-05 1.438620000027146517e-05 9.625365293808307854e-06 3.254283697962101485e-06 0.000000000000000000e+00 5.463070475997255926e-06 2.501805386900812778e-05 6.691226605237687863e-05 1.344617656084956536e-04 2.408932729347501578e-04 3.861209940256848938e-04 5.897572899252745415e-04 8.488641601198665398e-04 1.186240099743329779e-03 1.600273608530655700e-03 2.112243565041582727e-03 2.731601507867331691e-03 3.463789647928039450e-03 4.348464566178988910e-03 5.349908691823945794e-03 6.571419591453797615e-03 7.912229942846238373e-03 9.542716678451079737e-03 1.133906384609906226e-02 1.342686603956400049e-02 1.579470257040305192e-02 1.840740340742097469e-02 2.150259364793039030e-02 2.480638148228853090e-02 2.873549575431177949e-02 3.303653226859382119e-02 3.781714866710417233e-02 4.345055489312610320e-02 4.939056029110522328e-02 5.664465047963429534e-02 6.463569210476416416e-02 7.343690911188482939e-02 8.518340728307904897e-02 9.774950180079633455e-02
-4.028491017218971404e-02 -4.021114597647157396e-02 -4.002422154260587561e-02 -3.973907552162803114e-02 -3.936189379701093838e-02 -3.889826412360253283e-02 -3.835860340461538787e-02 -3.774652134684786109e-02 -3.707270617706781568e-02 -3.634106205514053833e-02 -3.555419265218395797e-02 -3.472023625425157967e-02 -3.384739333648112414e-02 -3.293232126278555771e-02 -3.198491759717914107e-02 -3.100800536161918419e-02 -3.000622414495246471e-02 -2.898210800118594666e-02 -2.794122747381655447e-02 -2.688327654180111548e-02 -2.581707534575872209e-02 -2.474273795314541058e-02 -2.366367656340528924e-02 -2.258369601207066424e-02 -2.150701537044652500e-02 -2.043303607767810171e-02 -1.936673935081079101e-02 -1.831211090426676513e-02 -1.726918360403395525e-02 -1.624252156627836730e-02 -1.523406549802808208e-02 -1.424533974764541355e-02 -1.327883549344210934e-02 -1.233645608157785123e-02 -1.141999944514748844e-02 -1.053152010797797633e-02 -9.673266599450780490e-03 -8.847865401055421408e-03 -8.055058233277900825e-03 -7.296095868723262434e-03 -6.571977344407842203e-03 -5.886928525738577278e-03 -5.239366746635165661e-03 -4.628727151278155816e-03 -4.055374632402353186e-03 -3.526238698319139608e-03 -3.034484736091358492e-03 -2.579579916592966704e-03 -2.168689203992268943e-03 -1.796537852370438948e-03 -1.459751027418909608e-03 -1.166130468770676387e-03 -9.070158982801279635e-04 -6.807554246929248265e-04 -4.952740895323159975e-04 -3.377454539797986044e-04 -2.131421721635051725e-04 -1.170254629564437820e-04 -4.362993913686885605e-05 1.502153550658746894e-06 3.165560808671141757e-05 4.101542134671287698e-05 4.065949390485990023e-05 3.066676092633446871e-05 1.739078073847988293e-05 5.463070475997255926e-06 0.000000000000000000e+00 7.051630801946373595e-06 3.376368480112468262e-05 8.469142526723594244e-05 1.714830663546162981e-04 2.956187667370047123e-04 4.748799795277758307e-04 7.079445999126354749e-04 1.016086974514607277e-03 1.398869732936569577e-03 1.876646544123783400e-03 2.459098166233686378e-03 3.152077509089856733e-03 3.993782119577793388e-03 4.951081960402836657e-03 6.123191482469869662e-03 7.414436794483947324e-03 8.989261843566742627e-03 1.072920100208030192e-02 1.275638982708526825e-02 1.506066960387397735e-02 1.760843653026844535e-02 2.063243458561769827e-02 2.386580047528230608e-02 2.771763201450239134e-02 3.194049328300807566e-02 3.664100229315570001e-02 4.218826014341747754e-02 4.804450649955671615e-02 5.520725419850658344e-02 6.310749421582650953e-02 7.181948551588457352e-02 8.347002043401252624e-02 9.594837445548543009e-02
-4.100729403208835944e-02 -4.092354802962494542e-02 -4.072658682895169413e-02 -4.043131080629491780e-02 -4.004385418164946309e-02 -3.956975474731960762e-02 -3.901940975339468487e-02 -3.839637187627642501e-02 -3.771132407894961514e-02 -3.696812041054953202e-02 -3.616936179334961921e-02 -3.532318147097057714e-02 -3.443776891193373046e-02 -3.350976341163536265e-02 -3.254905005451669275e-02 -3.155845089117692570e-02 -3.054266662430382695e-02 -2.950413851747613059e-02 -2.844847566763997193e-02 -2.737542839055562283e-02 -2.629381716860390572e-02 -2.520372280797966713e-02 -2.410857954075174003e-02 -2.301222646320899567e-02 -2.191892806375883573e-02 -2.082804741299626450e-02 -1.974462969325818662e-02 -1.867271421713478929e-02 -1.761230855763873393e-02 -1.656805008996553585e-02 -1.554189938775485391e-02 -1.453539201180176210e-02 -1.355105647156285009e-02 -1.259082095883579111e-02 -1.165650832723907904e-02 -1.075020999230480445e-02 -9.874300984306638718e-03 -9.031499148519972486e-03 -8.221446296634016271e-03 -7.445422617801122911e-03 -6.704452207631161897e-03 -6.003108004164370293e-03 -5.339645788386970793e-03 -4.713424270245902825e-03 -4.124836517774954636e-03 -3.581447046658636779e-03 -3.075861367903054422e-03 -2.607540133986785413e-03 -2.184353760280588475e-03 -1.800640385408169841e-03 -1.452816121414124417e-03 -1.149586932601587286e-03 -8.816080369670187267e-04 -6.472115527588195860e-04 -4.553973924749099567e-04 -2.921872436943973028e-04 -1.634244744840307462e-04 -6.449298931698876913e-05 1.079806006298866805e-05 5.555202853069207691e-05 8.464383170780909182e-05 9.047203444878526568e-05 8.551901507880543818e-05 6.882591929413539589e-05 4.714780865855416891e-05 2.501805386900812778e-05 7.051630801946373595e-06 0.000000000000000000e+00 9.865298377764730731e-06 4.248952283181228751e-05 1.078818009353499363e-04 2.091485543960214244e-04 3.621704571745709700e-04 5.673030459079075882e-04 8.442351199324793498e-04 1.193749070789729139e-03 1.635235644284471768e-03 2.178612718844785689e-03 2.830158361087908858e-03 3.626549925695665699e-03 4.537348270990948507e-03 5.657511720082109008e-03 6.896671016036415303e-03 8.413081889242723932e-03 1.009385365987702787e-02 1.205750574041319911e-02 1.429519174084348254e-02 1.677493856688383467e-02 1.972437487849687532e-02 2.288398809852443261e-02 2.665486588180854266e-02 3.079582085916565681e-02 3.541236295451388738e-02 4.086924488712406767e-02 4.663757866043327649e-02 5.370428968980678341e-02 6.150893989019290409e-02 7.012683979354761288e-02 8.167567570977762870e-02 9.406075040661088238e-02
-4.165594492414814720e-02 -4.156142695963127576e-02 -4.135370454329145851e-02 -4.104763487750384687e-02 -4.064930000211031125e-02 -4.016418743120020451e-02 -3.960267165608555295e-02 -3.896824816532462599e-02 -3.827159079464348412e-02 -3.751650246861615301e-02 -3.670558329821815846e-02 -3.584695838708851223e-02 -3.494880201374617190e-02 -3.400774152639596259e-02 -3.303364306746359169e-02 -3.202932830279348053e-02 -3.099956080193588814e-02 -2.994668478754902718e-02 -2.887634678484518602e-02 -2.778836045437038660e-02 -2.669153887735842279e-02 -2.558593048945922988e-02 -2.447499127555741172e-02 -2.336259429377962604e-02 -2.225304880068768032e-02 -2.114568093859658937e-02 -2.004559886534929003e-02 -1.895689491913565838e-02 -1.787955225183490704e-02 -1.681828069695157080e-02 -1.577506064163047839e-02 -1.475143884701246577e-02 -1.374998076393640911e-02 -1.277263897646763180e-02 -1.182126068850475331e-02 -1.089797350959931244e-02 -1.000528556225721566e-02 -9.146007994929594709e-03 -8.319674777839902724e-03 -7.527594405183246629e-03 -6.770814670241431799e-03 -6.054275455444901866e-03 -5.376059006118816264e-03 -4.735439560964671557e-03 -4.132837143336565155e-03 -3.576488780019260183e-03 -3.058403115045238430e-03 -2.578031081672871316e-03 -2.143988758536718997e-03 -1.750199874497981867e-03 -1.392856402274711414e-03 -1.081623765667782955e-03 -8.064276956750715541e-04 -5.655806391309248227e-04 -3.692191760523710897e-04 -2.021409002544993783e-04 -7.111232830359082158e-05 2.867282382623681514e-05 1.038603007095240116e-04 1.461165316827273131e-04 1.720087159502448060e-04 1.720377185198129766e-04 1.601810799257696871e-04 1.343778346744040064e-04 1.018113030578637890e-04 6.691226605237687863e-05 3.376368480112468262e-05 9.865298377764730731e-06 0.000000000000000000e+00 1.138260834765425500e-05 5.227451691824924751e-05 1.275175518794524621e-04 2.509662681831059672e-04 4.247657150590056219e-04 6.669088842966575115e-04 9.794810394858632918e-04 1.380842599890574895e-03 1.881163875466329571e-03 2.487174654825730080e-03 3.233923194411181257e-03 4.093848003070443831e-03 5.157340921344233386e-03 6.339718637142444102e-03 7.792590520065978410e-03 9.409046440746360318e-03 1.130370769306443535e-02 1.346913284777118136e-02 1.587509615141180497e-02 1.874369225215810619e-02 2.182333951955672813e-02 2.550643654728668164e-02 2.955855034408816362e-02 3.408396044846928596e-02 3.944264640347627804e-02 4.511538567603734506e-02 5.207742144761240422e-02 5.977769135587407412e-02 6.829258922001690824e-02 7.972931770864499779e-02 9.201110427270176029e-02
-4.222546324285891828e-02 -4.212018254203353518e-02 -4.190175411328866950e-02 -4.158498860441217637e-02 -4.117591501105921648e-02 -4.067996982211796730e-02 -4.010750247098915366e-02 -3.946195066278990193e-02 -3.875397643009870219e-02 -3.798733054328162773e-02 -3.716461277307425703e-02 -3.629393787119250536e-02 -3.538346218312626856e-02 -3.442980381373450527e-02 -3.344280603180560529e-02 -3.242528988342296969e-02 -3.138208207933868010e-02 -3.031542718013191529e-02 -2.923100796348732100e-02 -2.812870440121251203e-02 -2.701731765085946257e-02 -2.589686372576616158e-02 -2.477081963930871655e-02 -2.364309166175126986e-02 -2.251803288628206889e-02 -2.139493272586856509e-02 -2.027896118650940327e-02 -1.917426273467026654e-02 -1.808079599206324772e-02 -1.700334222561306063e-02 -1.594390103336296161e-02 -1.490402980038152414e-02 -1.388633014100293384e-02 -1.289277823736301176e-02 -1.192524479808898530e-02 -1.098589272077887813e-02 -1.007736581920626318e-02 -9.202568906225727652e-03 -8.360923780773688030e-03 -7.553766179148047044e-03 -6.782166423901059282e-03 -6.051440318657896889e-03 -5.359490359571950080e-03 -4.705501999947903080e-03 -4.089921174160848771e-03 -3.521674866621915534e-03 -2.992156778556243069e-03 -2.500806184717485614e-03 -2.057003642515597974e-03 -1.654245084981575964e-03 -1.288490790356200399e-03 -9.703917233820913424e-04 -6.891223303731042193e-04 -4.429733459945239815e-04 -2.432474210348756216e-04 -7.348322047540101210e-05 5.860462255435905377e-05 1.580188982525099206e-04 2.318745229303864619e-04 2.703613376811020430e-04 2.917880888624324598e-04 2.847042801368271370e-04 2.646263673853344045e-04 2.283601172156091152e-04 1.835299503027965073e-04 1.344617656084956536e-04 8.469142526723594244e-05 4.248952283181228751e-05 1.138260834765425500e-05 0.000000000000000000e+00 1.480191186842283457e-05 6.241858499667074511e-05 1.546164790179327397e-04 2.953846236239954237e-04 5.009654309874322919e-04 7.747873885779466008e-04 1.134146635996202690e-03 1.589472718661610884e-03 2.147959647898156632e-03 2.842971441013419920e-03 3.649916669729913465e-03 4.654464421005921615e-03 5.777807498405396203e-03 7.164677357201609809e-03 8.714347551386225632e-03 1.053739767050598797e-02 1.262783649747323267e-02 1.495724381934659952e-02 1.774196451304577149e-02 2.073864328492081022e-02 2.433063852829686624e-02 2.829052971140799677e-02 3.272130097611691824e-02 3.797793316824304988e-02 4.355128145412301421e-02 5.040432429034780171e-02 5.799579408580379791e-02 6.640317943292173286e-02 7.772242180980193371e-02 8.989570066161167716e-02
-4.270453911027993765e-02 -4.258748138707058040e-02 -4.235740520213127080e-02 -4.202906928314920076e-02 -4.160844905976635033e-02 -4.110092970569489967e-02 -4.051683223909252618e-02 -3.985953647435824809e-02 -3.913968846077064967e-02 -3.836098579742086567e-02 -3.752603010883703849e-02 -3.664292247547995540e-02 -3.571979680526460310e-02 -3.475326877453999153e-02 -3.375315178840365693e-02 -3.272226701510649871e-02 -3.166550627707276355e-02 -3.058500998912527802e-02 -2.948649602933284264e-02 -2.836991841921221447e-02 -2.724405803348750599e-02 -2.610889957050344101e-02 -2.496794086894027487e-02 -2.382512118392254852e-02 -2.268483682088373588e-02 -2.154634219416295959e-02 -2.041486815481341477e-02 -1.929461076374316963e-02 -1.818550521182249469e-02 -1.709240340745576958e-02 -1.601732421774237913e-02 -1.496183576134924031e-02 -1.392857550015691448e-02 -1.291954283045437801e-02 -1.193663145597378961e-02 -1.098203891050708592e-02 -1.005855198671889994e-02 -9.169171388238694931e-03 -8.313198215432970883e-03 -7.491994335886653644e-03 -6.706651211537573154e-03 -5.962882389074275480e-03 -5.258397653832069807e-03 -4.592284981005056999e-03 -3.965014957540313745e-03 -3.386245739307347513e-03 -2.846715675002053914e-03 -2.345848924123594692e-03 -1.893834790966608672e-03 -1.483711558076583614e-03 -1.111191258628796419e-03 -7.879713666021359586e-04 -5.024256098218327082e-04 -2.528189588995033432e-04 -5.168855291737273205e-05 1.187656174825857391e-04 2.498227036482614238e-04 3.466960709438415833e-04 4.170024901217761482e-04 4.493633332481872245e-04 4.639424684872439641e-04 4.472140145681535728e-04 4.163342875781461672e-04 3.669039741527324594e-04 3.070182729025816570e-04 2.408932729347501578e-04 1.714830663546162981e-04 1.078818009353499363e-04 5.227451691824924751e-05 1.480191186842283457e-05 0.000000000000000000e+00 1.641078495850933905e-05 7.357079819747536220e-05 1.774396668393629639e-04 3.423837561497000692e-04 5.732692009308149039e-04 8.862508203784091876e-04 1.292034883445758453e-03 1.798309432965994326e-03 2.436629885962826592e-03 3.185588006618278456e-03 4.125774397328862975e-03 5.184695109950232528e-03 6.499676825593270202e-03 7.976643214392620251e-03 9.721806294578860808e-03 1.173073191881079946e-02 1.397693940857180905e-02 1.667053815670238581e-02 1.957707193926760958e-02 2.307006790621413117e-02 2.692970681941919686e-02 3.125753251808172095e-02 3.640302842509623993e-02 4.186805671061410994e-02 4.860203717243904986e-02 5.607444587155352433e-02 6.436389767754591151e-02 7.555341726213637976e-02 8.760640495872629163e-02
-4.309166814437193072e-02 -4.296280104476513095e-02 -4.272109228910581091e-02 -4.238124523679154265e-02 -4.194918085667642682e-02 -4.143023223609887395e-02 -4.083468964152925373e-02 -4.016587440035601642e-02 -3.943441387550561394e-02 -3.864395148593557927e-02 -3.779709113960683098e-02 -3.690191802683240319e-02 -3.596654089052131464e-02 -3.498757564187005009e-02 -3.397480193340340904e-02 -3.293104080706166226e-02 -3.186124937998746631e-02 -3.076746142989039701e-02 -2.965542872783810679e-02 -2.852518217394528488e-02 -2.738547792069989661e-02 -2.623626932086764452e-02 -2.508107429635153540e-02 -2.392386431007442749e-02 -2.276907791361326705e-02 -2.161593474221001898e-02 -2.046972531860546951e-02 -1.933469636322071583e-02 -1.821075954003548159e-02 -1.710283632363762685e-02 -1.601296423350384579e-02 -1.494272153786080359e-02 -1.389478074552785714e-02 -1.287116365942342355e-02 -1.187378612230105546e-02 -1.090487938231443632e-02 -9.967375608564865708e-03 -9.064371663507153620e-03 -8.195043816683345028e-03 -7.360778998827366415e-03 -6.562688642685055029e-03 -5.806892469080393582e-03 -5.090901640559919450e-03 -4.413702511927519723e-03 -3.775789268156026779e-03 -3.187567724259765534e-03 -2.639103715318169563e-03 -2.129804378665500764e-03 -1.670685585431042064e-03 -1.254315221969615202e-03 -8.761498315625892985e-04 -5.489582339478493722e-04 -2.602926486092727032e-04 -8.390267922431249303e-06 1.929491800232163712e-04 3.628977163221414060e-04 4.917043761931694235e-04 5.847991210491398917e-04 6.503143511149556133e-04 6.752647402816780442e-04 6.817167722483752357e-04 6.540173441764718376e-04 6.110048815111124298e-04 5.470448235390668046e-04 4.707155053532696698e-04 3.861209940256848938e-04 2.956187667370047123e-04 2.091485543960214244e-04 1.275175518794524621e-04 6.241858499667074511e-05 1.641078495850933905e-05 0.000000000000000000e+00 2.043170881282918572e-05 8.568975429634750896e-05 2.082100660039110096e-04 3.943362947643747063e-04 6.590480000883136569e-04 1.013334827502099245e-03 1.465390982542724707e-03 2.044908111719756505e-03 2.733753231414115525e-03 3.607281621913704939e-03 4.599503181013764319e-03 5.840106473382400409e-03 7.241869669849188007e-03 8.906491592289178527e-03 1.083114062013301737e-02 1.299133410298525249e-02 1.559072572944097956e-02 1.840405902802022542e-02 2.179466968730936483e-02 2.555060361788374923e-02 2.977189626187870530e-02 3.480229938366941056e-02 4.015510787719112074e-02 4.676557380433532529e-02 5.411435235844053171e-02 6.228119309977997453e-02 7.333537036821335953e-02 8.526259446923944996e-02
-4.336691491771027529e-02 -4.322508714006867425e-02 -4.297067271654542164e-02 -4.261831390707437883e-02 -4.217387660205829114e-02 -4.164264144646945276e-02 -4.103486438673253911e-02 -4.035380811674360579e-02 -3.961007691657025820e-02 -3.880725895462244779e-02 -3.794796270947953243e-02 -3.704025401114352523e-02 -3.609221174391263887e-02 -3.510045918705839707e-02 -3.407473496310542416e-02 -3.301786079165069943e-02 -3.193486114259524999e-02 -3.082765854477031997e-02 -2.970203749271393967e-02 -2.855811383384954105e-02 -2.740461034938312945e-02 -2.624145025078850058e-02 -2.507217136613626440e-02 -2.390077717963701165e-02 -2.273174788087573006e-02 -2.156427018239037707e-02 -2.040369327680080502e-02 -1.925431404264466018e-02 -1.811602181125027133e-02 -1.699380685687124082e-02 -1.588972546979350309e-02 -1.480536623505823712e-02 -1.374343644197517644e-02 -1.270597996087996506e-02 -1.169493430300994063e-02 -1.071256381534702040e-02 -9.761953670470946420e-03 -8.846299282945446762e-03 -7.964643294367079740e-03 -7.118396606691668183e-03 -6.308689236167119851e-03 -5.542069876299238196e-03 -4.815837653654231332e-03 -4.128868305832811281e-03 -3.481678349813499551e-03 -2.885464401563231363e-03 -2.329577657141257419e-03 -1.813404646851091151e-03 -1.348834259071840513e-03 -9.279328322195912193e-04 -5.458840811564114048e-04 -2.165923009123105203e-04 7.326360943415988203e-05 3.254784998504289817e-04 5.249178007458166206e-04 6.922095383243842548e-04 8.165112502372950942e-04 9.034841546754490693e-04 9.618108801552338605e-04 9.768018237106268487e-04 9.725464982006659653e-04 9.311327061409802042e-04 8.731881449367540071e-04 7.917665041806687398e-04 6.959606199740120402e-04 5.897572899252745415e-04 4.748799795277758307e-04 3.621704571745709700e-04 2.509662681831059672e-04 1.546164790179327397e-04 7.357079819747536220e-05 2.043170881282918572e-05 0.000000000000000000e+00 2.242059896240267136e-05 9.806283553848160750e-05 2.348501844895434232e-04 4.465027295406098773e-04 7.443124796008282473e-04 1.137011669423371174e-03 1.652292432963942126e-03 2.275529308476631485e-03 3.076452617245539756e-03 3.996054800247894612e-03 5.155807172062876198e-03 6.475854939671510380e-03 8.053023679540749491e-03 9.886201982051034953e-03 1.195305228772103323e-02 1.445023360151209690e-02 1.716243502071079785e-02 2.044191889092916714e-02 2.408525185908183541e-02 2.819079658450418524e-02 3.309601248250182426e-02 3.832666927355343756e-02 4.480238646139489411e-02 5.201606940857961270e-02 6.004863069111643359e-02 7.095368461635409574e-02 8.274185272594991591e-02
-4.353393304501862460e-02 -4.337894443588286020e-02 -4.311167682400862677e-02 -4.274670757991372305e-02 -4.228984660689649733e-02 -4.174632134643241343e-02 -4.112635089669447463e-02 -4.043313876330201229e-02 -3.967726321221876074e-02 -3.886225615400717981e-02 -3.799073122885154863e-02 -3.707073253089698817e-02 -3.611030614719923371e-02 -3.510608584238472663e-02 -3.406776497515373592e-02 -3.299816579424053042e-02 -3.190238042375581617e-02 -3.078221753254883897e-02 -2.964349310301217510e-02 -2.848641120730099896e-02 -2.731965642346723122e-02 -2.614312194752566043e-02 -2.496036481275920593e-02 -2.377541978708519466e-02 -2.259280773994276625e-02 -2.141168287656958213e-02 -2.023745186216163727e-02 -1.907446081284136508e-02 -1.792257678184705494e-02 -1.678685775749455544e-02 -1.566937825333414303e-02 -1.457173666177336013e-02 -1.349667429120293694e-02 -1.244625631364049134e-02 -1.142244108683387882e-02 -1.042752515474576480e-02 -9.464749476313927268e-03 -8.537408433049287204e-03 -7.644406586262975090e-03 -6.787177737564653590e-03 -5.966869298967614199e-03 -5.190468419119520505e-03 -4.455055748726177711e-03 -3.759391905265752065e-03 -3.104014656689524365e-03 -2.500929897758075171e-03 -1.938755183589213615e-03 -1.416854387109811597e-03 -9.480094006655281902e-04 -5.237708847254385347e-04 -1.390416899558211128e-04 1.911105020215853045e-04 4.809032988095651717e-04 7.321658153173205008e-04 9.283969988306273180e-04 1.091718264131458227e-03 1.210168710037651252e-03 1.289647481085953729e-03 1.339402969145808697e-03 1.342998025035790910e-03 1.326598853673699452e-03 1.269975431154812817e-03 1.195592533634992627e-03 1.095157875763086430e-03 9.782927333458202312e-04 8.488641601198665398e-04 7.079445999126354749e-04 5.673030459079075882e-04 4.247657150590056219e-04 2.953846236239954237e-04 1.774396668393629639e-04 8.568975429634750896e-05 2.242059896240267136e-05 0.000000000000000000e+00 2.666793478400819595e-05 1.119737945828314096e-04 2.683388321165214307e-04 5.073652383008608879e-04 8.383371754473456505e-04 1.286883381893755285e-03 1.841992719770924047e-03 2.567588102751483525e-03 3.411866519972495126e-03 4.487809714665558225e-03 5.723168697214564560e-03 7.209725095250973936e-03 8.948141121972619239e-03 1.091829262582022508e-02 1.330958496409173630e-02 1.591700663806117078e-02 1.908132123691019810e-02 2.260792789371046663e-02 2.659343495336641272e-02 3.136873134938245045e-02 3.647256719918967605e-02 4.280820146446673302e-02 4.988131006478868645e-02 5.777397597913391802e-02 6.852314693414951474e-02 8.016567037719357636e-02
-4.357269630700022489e-02 -4.340334868607675922e-02 -4.312210880450206840e-02 -4.274348330280475228e-02 -4.227322540703115639e-02 -4.171650893261791282e-02 -4.108351248357300367e-02 -4.037738020356362867e-02 -3.960865988897721568e-02 -3.878082613954969560e-02 -3.789649991601307111e-02 -3.696370008013527553e-02 -3.599043524368594760e-02 -3.497335664346967743e-02 -3.392210518111549167e-02 -3.283950437749250106e-02 -3.173071582965580895e-02 -3.059742999894599080e-02 -2.944549309110033875e-02 -2.827520512133863129e-02 -2.709520398797304885e-02 -2.590535409589356242e-02 -2.470923143970671365e-02 -2.351090180505766014e-02 -2.231492603475859759e-02 -2.112042771072830671e-02 -1.993286985157505242e-02 -1.875664721128589285e-02 -1.759160578073215575e-02 -1.644287037411518160e-02 -1.531253381059505259e-02 -1.420220444118647229e-02 -1.311465727918048607e-02 -1.205197843537031410e-02 -1.101614663000372030e-02 -1.000948996637818222e-02 -9.035412378276985734e-03 -8.097309416225106915e-03 -7.193939237188362590e-03 -6.326757465941801328e-03 -5.496927554068609112e-03 -4.711896707360274661e-03 -3.968514410624512934e-03 -3.265417597574593600e-03 -2.603164044621464335e-03 -1.994609944122927025e-03 -1.427599217391994912e-03 -9.014696264961763461e-04 -4.299403224132802848e-04 -4.016649912230718655e-06 3.816959717366508187e-04 7.109050825803153728e-04 9.987742510738639723e-04 1.247170988334600494e-03 1.438158371998232710e-03 1.595431729007779076e-03 1.705852657706397046e-03 1.775572121104351808e-03 1.814437674877544815e-03 1.804170147926553724e-03 1.773128814332447512e-03 1.698637906110578299e-03 1.605103000850705008e-03 1.482811430819630516e-03 1.341943075278795305e-03 1.186240099743329779e-03 1.016086974514607277e-03 8.442351199324793498e-04 6.669088842966575115e-04 5.009654309874322919e-04 3.423837561497000692e-04 2.082100660039110096e-04 9.806283553848160750e-05 2.666793478400819595e-05 0.000000000000000000e+00 2.933587675535420658e-05 1.257134520280533962e-04 3.010638010330080050e-04 5.652539043401461072e-04 9.417127463517971364e-04 1.423275800581880191e-03 2.067665767864212967e-03 2.830766133729567535e-03 3.816482627453710030e-03 4.960690328160266560e-03 6.349759681354205654e-03 7.986245569631233998e-03 9.852385619271375461e-03 1.212977837467166253e-02 1.462447533854827064e-02 1.766483077874414498e-02 2.106575120770171061e-02 2.492191669030707768e-02 2.955705930824026328e-02 3.452399383519533238e-02 4.070807327618841676e-02 4.762886791205445114e-02 5.536965004933858125e-02 6.594863051542221299e-02 7.743167358936486888e-02
-4.348548187613099358e-02 -4.330125519993588412e-02 -4.300558367933138282e-02 -4.261289880282792542e-02 -4.212889624404136946e-02 -4.155869550185498085e-02 -4.091243180313308692e-02 -4.019318949049455192e-02 -3.941148250047399326e-02 -3.857072713281894938e-02 -3.767355262547611439e-02 -3.672794990852401575e-02 -3.574188671675881945e-02 -3.471203587471061169e-02 -3.364798083211117952e-02 -3.255254644953964327e-02 -3.143096436859782461e-02 -3.028480393944676941e-02 -2.911994028663555945e-02 -2.793677365996516393e-02 -2.674388954490392045e-02 -2.554112401390096210e-02 -2.433207141006787921e-02 -2.312082787735125766e-02 -2.191199328109871836e-02 -2.070466143065163855e-02 -1.950435044171694443e-02 -1.831550280672655795e-02 -1.713794385110911644e-02 -1.597686409596288382e-02 -1.483437426888811750e-02 -1.371209234148318412e-02 -1.261282635618299341e-02 -1.153868268902658034e-02 -1.049165967973331171e-02 -9.474116137574761787e-03 -8.489622662785412111e-03 -7.541676732779389880e-03 -6.628884898366216305e-03 -5.752723533886228147e-03 -4.914370907392218157e-03 -4.121746237288448356e-03 -3.371460170897289110e-03 -2.662020628737660211e-03 -1.994004275902683254e-03 -1.381140706474659474e-03 -8.104769529362343405e-04 -2.813223190065716750e-04 1.916418022085419892e-04 6.179726882422631462e-04 1.003372153936754607e-03 1.330288016281433450e-03 1.614858435422528160e-03 1.858991962322531499e-03 2.043276184768849646e-03 2.193026802199127268e-03 2.293894111211614018e-03 2.352289019645126267e-03 2.378677651155958195e-03 2.352884372372798794e-03 2.305528808016044096e-03 2.211415505173786045e-03 2.096950862571667074e-03 1.950958686624870708e-03 1.784194869703936703e-03 1.600273608530655700e-03 1.398869732936569577e-03 1.193749070789729139e-03 9.794810394858632918e-04 7.747873885779466008e-04 5.732692009308149039e-04 3.943362947643747063e-04 2.348501844895434232e-04 1.119737945828314096e-04 2.933587675535420658e-05 0.000000000000000000e+00 3.357015876825908407e-05 1.423166201388603724e-04 3.367068251640681353e-04 6.378880858827207234e-04 1.042679958382364269e-03 1.602369636179989953e-03 2.280814019087862299e-03 3.172490498536295611e-03 4.221707715424627416e-03 5.509203040746535329e-03 7.039493926087048159e-03 8.797268244743028376e-03 1.095598041371204090e-02 1.333320672765236914e-02 1.624433532762581400e-02 1.951418892148415463e-02 2.323541095126113731e-02 2.772421129555513453e-02 3.254813511856258224e-02 3.857366540360407381e-02 4.533495748580029794e-02 5.291647908069707640e-02 6.331636260687456552e-02 7.463124895419692706e-02
-4.325175896129329622e-02 -4.305154835741054065e-02 -4.274041764318381453e-02 -4.233271744160327366e-02 -4.183408503285390712e-02 -4.124958501686992740e-02 -4.058930564804397179e-02 -3.985627116898071698e-02 -3.906095734034464861e-02 -3.820672108956291169e-02 -3.729620173762449031e-02 -3.633735890180467276e-02 -3.533811500820249751e-02 -3.429517075437049645e-02 -3.321804542587836195e-02 -3.210956577500068132e-02 -3.097503488733821531e-02 -2.981589709863308180e-02 -2.863805511363826106e-02 -2.744201618988395541e-02 -2.623630560362510966e-02 -2.502073215884248469e-02 -2.379890818011887177e-02 -2.257495976996970466e-02 -2.135352500051224123e-02 -2.013366957939022317e-02 -1.892096550109723108e-02 -1.771990228571718173e-02 -1.653028563250402705e-02 -1.535737077358223512e-02 -1.420328630533140846e-02 -1.306965985647934314e-02 -1.195933208619237575e-02 -1.087442919790604368e-02 -9.816968609511977917e-03 -8.789339149232633375e-03 -7.795284264158874876e-03 -6.838405154813709252e-03 -5.917149400821886118e-03 -5.033013072951786349e-03 -4.187187959600158216e-03 -3.388084129948731871e-03 -2.632062222723718925e-03 -1.917493545975590408e-03 -1.244972463214644165e-03 -6.291379452467715794e-04 -5.620498182301592038e-05 4.745487145519922123e-04 9.474405917423434076e-04 1.372616654399472225e-03 1.756100636830515427e-03 2.079026367553749033e-03 2.358550270133541460e-03 2.596625675443942072e-03 2.772303082999916235e-03 2.912589987201452679e-03 3.001872860244780838e-03 3.046834743871129625e-03 3.058590168877439730e-03 3.014982422915979399e-03 2.948995546746102647e-03 2.832799586725776031e-03 2.694894662132463203e-03 2.522574060298321541e-03 2.327196516651697245e-03 2.112243565041582727e-03 1.876646544123783400e-03 1.635235644284471768e-03 1.380842599890574895e-03 1.134146635996202690e-03 8.862508203784091876e-04 6.590480000883136569e-04 4.465027295406098773e-04 2.683388321165214307e-04 1.257134520280533962e-04 3.357015876825908407e-05 0.000000000000000000e+00 3.762940902518607800e-05 1.575540854015233805e-04 3.785123801623990758e-04 7.015234725454844167e-04 1.171071092806896807e-03 1.759436162199090603e-03 2.551115704571227383e-03 3.499338823397923903e-03 4.678861453110250146e-03 6.096275333507428229e-03 7.738857638858731569e-03 9.771390102513377585e-03 1.202370119866680298e-02 1.479733724379828086e-02 1.792768378941556051e-02 2.150517598388057561e-02 2.583792939692419743e-02 3.050927097109046304e-02 3.636529185421699673e-02 4.295583193239060904e-02 5.036656099416858545e-02 6.057343092794142958e-02 7.170665932999953363e-02
-4.286429495923749222e-02 -4.264706189652334167e-02 -4.231950850127252917e-02 -4.189589897573653410e-02 -4.138181132946494589e-02 -4.078225463536855333e-02 -4.010726665542130309e-02 -3.935981121209797262e-02 -3.855032169367167416e-02 -3.768209461353422274e-02 -3.675778097548787482e-02 -3.578530580026562102e-02 -3.477254195924306401e-02 -3.371622387098316409e-02 -3.262580027896255785e-02 -3.150410026428285271e-02 -3.035649949262697600e-02 -2.918431369242269202e-02 -2.799347176263788928e-02 -2.678459414158029794e-02 -2.556613853375322432e-02 -2.433788745084186633e-02 -2.310347075508745185e-02 -2.186704401616534899e-02 -2.063328262275732072e-02 -1.940122572444169524e-02 -1.817649790369813001e-02 -1.696363490942065511e-02 -1.576242375169933929e-02 -1.457818328562376919e-02 -1.341305985215890395e-02 -1.226869069510583277e-02 -1.114794859851897524e-02 -1.005297909649560673e-02 -8.985818094087716368e-03 -7.948883699747888443e-03 -6.946097705974763059e-03 -5.981166526687009544e-03 -5.052372034996976957e-03 -4.161228939584149522e-03 -3.308941274609900063e-03 -2.504426882883104000e-03 -1.743786229624344486e-03 -1.025247047327537686e-03 -3.494202275519109335e-04 2.681134807897000982e-04 8.420029381939198032e-04 1.373004937636923550e-03 1.844400716523253436e-03 2.266948655091249876e-03 2.647007734091211262e-03 2.964348802035665642e-03 3.237186054314222794e-03 3.467521045321442230e-03 3.632811568100802191e-03 3.761821502876516732e-03 3.837626017398676481e-03 3.867191320225948914e-03 3.862307392280772689e-03 3.798759821674879689e-03 3.711991324289787286e-03 3.571433387359435052e-03 3.407764028528936784e-03 3.206685238238415891e-03 2.980182874617876010e-03 2.731601507867331691e-03 2.459098166233686378e-03 2.178612718844785689e-03 1.881163875466329571e-03 1.589472718661610884e-03 1.292034883445758453e-03 1.013334827502099245e-03 7.443124796008282473e-04 5.073652383008608879e-04 3.010638010330080050e-04 1.423166201388603724e-04 3.762940902518607800e-05 0.000000000000000000e+00 4.117748943133214823e-05 1.773745386123293244e-04 4.140068661782070336e-04 7.884174382452036056e-04 1.281723644720567101e-03 1.967935600084458336e-03 2.809648980713008726e-03 3.875318029435081968e-03 5.173710715676516081e-03 6.694820891596786616e-03 8.594270346368171332e-03 1.071480884760223073e-02 1.334333277702925979e-02 1.632638577315559392e-02 1.975203537228886752e-02 2.391977196277572659e-02 2.842967600717483112e-02 3.410603376700072076e-02 4.051538644635477304e-02 4.774460962937088215e-02 5.774550189119953547e-02 6.868446597331201442e-02
-4.231901524743564291e-02 -4.208393028327228613e-02 -4.173919405370596358e-02 -4.129897920428449165e-02 -4.076880349557321370e-02 -4.015361972007758240e-02 -3.946341184532387025e-02 -3.870108284022355516e-02 -3.787701985042168928e-02 -3.699445794692290956e-02 -3.605606097161895285e-02 -3.506971631437694192e-02 -3.404324346573195381e-02 -3.297341541096099338e-02 -3.186960472197275518e-02 -3.073464299911732311e-02 -2.957397913306869519e-02 -2.838879720981735133e-02 -2.718505089098655070e-02 -2.596347872073501151e-02 -2.473246443356669211e-02 -2.349176497493488114e-02 -2.224502715637766137e-02 -2.099643537134987525e-02 -1.975070132238088139e-02 -1.850683881167280997e-02 -1.727052363817938030e-02 -1.604633685459810888e-02 -1.483404745672622926e-02 -1.363903672214372698e-02 -1.246346844710055635e-02 -1.130898928570400752e-02 -1.017850352560067950e-02 -9.074175430081155014e-03 -7.998058717791467487e-03 -6.952599969271777702e-03 -5.941903526204495023e-03 -4.969781980325604920e-03 -4.034345956312801462e-03 -3.137127758738866845e-03 -2.279342457634725427e-03 -1.470429029382991359e-03 -7.062195085003608597e-04 1.520769089702334043e-05 6.932262612414641367e-04 1.311287846083919462e-03 1.884930741984369718e-03 2.414948746023548587e-03 2.883558852686762819e-03 3.302150904673339937e-03 3.677429980723956326e-03 3.987764472827670659e-03 4.252458255777691321e-03 4.473564017507092316e-03 4.626901813217787485e-03 4.743044267376039791e-03 4.803716701860527571e-03 4.816177355638107116e-03 4.792913783873697930e-03 4.707591129699317811e-03 4.598187892211447192e-03 4.431311536063464729e-03 4.239886966932560064e-03 4.007974771968347838e-03 3.748207667192748893e-03 3.463789647928039450e-03 3.152077509089856733e-03 2.830158361087908858e-03 2.487174654825730080e-03 2.147959647898156632e-03 1.798309432965994326e-03 1.465390982542724707e-03 1.137011669423371174e-03 8.383371754473456505e-04 5.652539043401461072e-04 3.367068251640681353e-04 1.575540854015233805e-04 4.117748943133214823e-05 0.000000000000000000e+00 4.760805149051083873e-05 1.939821447572986912e-04 4.690331349465060029e-04 8.630701652374561661e-04 1.439176415647724916e-03 2.169700610634039961e-03 3.116514615793319898e-03 4.290650714044108582e-03 5.684929426409301989e-03 7.445381940772377583e-03 9.428268380386573000e-03 1.190511578223185651e-02 1.473415335840344564e-02 1.800093508493660899e-02 2.199584579198554657e-02 2.633659248178088497e-02 3.182436493805629318e-02 3.804332830420265044e-02 4.508155601186225603e-02 5.486483021284505046e-02 6.559817209362484025e-02
-4.158008879393737534e-02 -4.132532935230703863e-02 -4.096168455736426406e-02 -4.050322815809737076e-02 -3.995541674678615429e-02 -3.932314626648192313e-02 -3.861634235429411977e-02 -3.783784694657443826e-02 -3.699799547160376179e-02 -3.609996039685614555e-02 -3.514642096706122043e-02 -3.414522272473419218e-02 -3.310412619268232604e-02 -3.201995142092606272e-02 -3.090198626077522714e-02 -2.975306581150993779e-02 -2.857871417476443021e-02 -2.737997910233769261e-02 -2.616283748149916821e-02 -2.492815502597101052e-02 -2.368423159127897026e-02 -2.243080030644362122e-02 -2.117152472649830308e-02 -1.991061782368364064e-02 -1.865282679539292943e-02 -1.739714269389447399e-02 -1.614929117686914051e-02 -1.491389794133934910e-02 -1.369071573351932081e-02 -1.248518719692548462e-02 -1.129949387369577618e-02 -1.013529223753018016e-02 -8.995517866750568636e-03 -7.882353526108665243e-03 -6.797870392363347669e-03 -5.744542961148790816e-03 -4.726666423383818483e-03 -3.748162188875414635e-03 -2.806960521818613330e-03 -1.904610297684405928e-03 -1.042336279658662157e-03 -2.301232385918394741e-04 5.364792395354811561e-04 1.259551543016934616e-03 1.938453179229027157e-03 2.555621275016406457e-03 3.127528656304501276e-03 3.655009899718120181e-03 4.119166955197317570e-03 4.532054629296622394e-03 4.900742903814925278e-03 5.202126706228882291e-03 5.456656057041153751e-03 5.666439446721183160e-03 5.805578424672441784e-03 5.906547325740585386e-03 5.949652624769541376e-03 5.942460095394008768e-03 5.898193892601488741e-03 5.788287066031072570e-03 5.653390610464992250e-03 5.457136308889221077e-03 5.234818179813971462e-03 4.968766697651116893e-03 4.672296443388845866e-03 4.348464566178988910e-03 3.993782119577793388e-03 3.626549925695665699e-03 3.233923194411181257e-03 2.842971441013419920e-03 2.436629885962826592e-03 2.044908111719756505e-03 1.652292432963942126e-03 1.286883381893755285e-03 9.417127463517971364e-04 6.378880858827207234e-04 3.785123801623990758e-04 1.773745386123293244e-04 4.760805149051083873e-05 0.000000000000000000e+00 4.938870361903546780e-05 2.177499898600165906e-04 5.052009182533456766e-04 9.631396959649540790e-04 1.574336917106067268e-03 2.393600413797991600e-03 3.434381197546465536e-03 4.692517019211472906e-03 6.303714185625808319e-03 8.138753674786336489e-03 1.045256847940378986e-02 1.311597751347448604e-02 1.621177547841012867e-02 2.002043409343823299e-02 2.417876973080723690e-02 2.946270405229622913e-02 3.547559334900252104e-02 4.230670306205930320e-02 5.185273823475455846e-02 6.236140745773266492e-02
-4.068414810742959631e-02 -4.040942582941453587e-02 -4.002663663996208765e-02 -3.954975151311002080e-02 -3.898416480839950182e-02 -3.833471470648042168e-02 -3.761126588881869015e-02 -3.681659869224851445e-02 -3.596099387862838892e-02 -3.504756042272960670e-02 -3.407899310214423938e-02 -3.306309327841627788e-02 -3.200755981010650064e-02 -3.090926222048318017e-02 -2.977739994125816470e-02 -2.861481119408315621e-02 -2.742709478768956544e-02 -2.621516050802774611e-02 -2.498500696523642262e-02 -2.373762894417719149e-02 -2.248123841630855768e-02 -2.121554483224508125e-02 -1.994422757780256461e-02 -1.867152719282549889e-02 -1.740222511942279837e-02 -1.613529005547198469e-02 -1.487649596442963684e-02 -1.363051195268705218e-02 -1.239707454742766668e-02 -1.118168628118576535e-02 -9.986545737167840109e-03 -8.813318593001606693e-03 -7.664970758302080966e-03 -6.543702623547531516e-03 -5.451601919373327831e-03 -4.391170037174707552e-03 -3.366894020780719643e-03 -2.382803692241752813e-03 -1.436646314811995673e-03 -5.299862844351244107e-04 3.359430389118234217e-04 1.150606654180874600e-03 1.918741034463655737e-03 2.642588136949397537e-03 3.321494292386484304e-03 3.936872926784351634e-03 4.506141446837808040e-03 5.030176684674314558e-03 5.488955497963576846e-03 5.895205310572193547e-03 6.256365546198017213e-03 6.547842873521947382e-03 6.791245966758285846e-03 6.988740642513202594e-03 7.112692878511461814e-03 7.197499178939192888e-03 7.222032317270699053e-03 7.194169125700811129e-03 7.127879351514820883e-03 6.992338927372721002e-03 6.830902294707841271e-03 6.604190967787082478e-03 6.349895948390749112e-03 6.048597002246691723e-03 5.714298367403558565e-03 5.349908691823945794e-03 4.951081960402836657e-03 4.537348270990948507e-03 4.093848003070443831e-03 3.649916669729913465e-03 3.185588006618278456e-03 2.733753231414115525e-03 2.275529308476631485e-03 1.841992719770924047e-03 1.423275800581880191e-03 1.042679958382364269e-03 7.015234725454844167e-04 4.140068661782070336e-04 1.939821447572986912e-04 4.938870361903546780e-05 0.000000000000000000e+00 5.971685424566164357e-05 2.386320459648594294e-04 5.762444359832530338e-04 1.065931673224773668e-03 1.755297380627518500e-03 2.660251799461166300e-03 3.779702256905381752e-03 5.238808507325498631e-03 6.923169074147472735e-03 9.070747139681034632e-03 1.156522016942251874e-02 1.448654205954824636e-02 1.810500626162936388e-02 2.207700356045116941e-02 2.715246509904611916e-02 3.295443647157347833e-02 3.957335623277524750e-02 4.887570726086276629e-02 5.915330109422145544e-02
-3.953624561638002799e-02 -3.923858581002070967e-02 -3.883380641329436944e-02 -3.833576557111217920e-02 -3.774979437440639796e-02 -3.708067269805204180e-02 -3.633819817666228413e-02 -3.552508951235144874e-02 -3.465156539118785517e-02 -3.372066990588507007e-02 -3.273511730550648924e-02 -3.170265913161918192e-02 -3.063092495472552468e-02 -2.951684614930438766e-02 -2.836952191963804104e-02 -2.719179535867555231e-02 -2.598934314655765299e-02 -2.476293079031754996e-02 -2.351857681218194607e-02 -2.225741832686400912e-02 -2.098756573403592895e-02 -1.970870767113674926e-02 -1.842453946407474064e-02 -1.713932929686567963e-02 -1.585789210073840216e-02 -1.457917835906707982e-02 -1.330900883335284224e-02 -1.205209555418840228e-02 -1.080816179693544488e-02 -9.582768941727493051e-03 -8.378133489557626490e-03 -7.195931381771991653e-03 -6.039159044633923834e-03 -4.910034650174921467e-03 -3.810662463923253362e-03 -2.743570477344636771e-03 -1.713449963214985772e-03 -7.244434690044654346e-04 2.258972960192950907e-04 1.135993380442790190e-03 2.004604256482744873e-03 2.820608739630969808e-03 3.589048965101038213e-03 4.312341586265255877e-03 4.989821053639653670e-03 5.601808966424370873e-03 6.166731747454523571e-03 6.685513494902539655e-03 7.136932082448144143e-03 7.534435397667293977e-03 7.885859105691839233e-03 8.165018226207521046e-03 8.394761348427204339e-03 8.577318059057703614e-03 8.683200871831164847e-03 8.748863130949025013e-03 8.751643090581850970e-03 8.699750584175602874e-03 8.607957669860111238e-03 8.443019441343513343e-03 8.251193382295629597e-03 7.989868222570084555e-03 7.699310590802754817e-03 7.358219135670029942e-03 6.981338509133516723e-03 6.571419591453797615e-03 6.123191482469869662e-03 5.657511720082109008e-03 5.157340921344233386e-03 4.654464421005921615e-03 4.125774397328862975e-03 3.607281621913704939e-03 3.076452617245539756e-03 2.567588102751483525e-03 2.067665767864212967e-03 1.602369636179989953e-03 1.171071092806896807e-03 7.884174382452036056e-04 4.690331349465060029e-04 2.177499898600165906e-04 5.971685424566164357e-05 0.000000000000000000e+00 5.959949187517299407e-05 2.649653590678369142e-04 6.210975020283227011e-04 1.167660183851504385e-03 1.923259328379112176e-03 2.890160225402227390e-03 4.181851418951110233e-03 5.700298349517352037e-03 7.664605655003153828e-03 9.972705145656846071e-03 1.270132226366005312e-02 1.610931787723202113e-02 1.987496334765692652e-02 2.471878487243139855e-02 3.028598410228555693e-02 3.666813802327884009e-02 4.569660962592014819e-02 5.571383807813434785e-02
-3.823400588678316225e-02 -3.791357733852140921e-02 -3.748701386785524559e-02 -3.696805806019098917e-02 -3.636197666106844029e-02 -3.567349025135835294e-02 -3.491232741601635325e-02 -3.408114460897704312e-02 -3.319009631166502938e-02 -3.224216101832899639e-02 -3.124007172873133342e-02 -3.019152845885908487e-02 -2.910408980012779701e-02 -2.797474932234689238e-02 -2.681250399319790034e-02 -2.562020093178241087e-02 -2.440359321429519390e-02 -2.316330168140878776e-02 -2.190536321336888914e-02 -2.063105657986896713e-02 -1.934838866411825453e-02 -1.805702695554745052e-02 -1.676068154229304330e-02 -1.546364693137902702e-02 -1.417077008754397127e-02 -1.288098300238771365e-02 -1.160015152825188967e-02 -1.033302911505662447e-02 -9.079325288839923402e-03 -7.844658552813355001e-03 -6.631262272751459186e-03 -5.440821693922903712e-03 -4.276362505688302562e-03 -3.140119553019071752e-03 -2.034212534160917407e-03 -9.611948318338781050e-04 7.403981230946765635e-05 1.067237736598780629e-03 2.021042914564730175e-03 2.933862907300910372e-03 3.804451026632515998e-03 4.621103233331980142e-03 5.389166914180565371e-03 6.111233616541644764e-03 6.786626839361931118e-03 7.394581715936876520e-03 7.954530214414168299e-03 8.467444286849312718e-03 8.910908561514774284e-03 9.299089083940503819e-03 9.640216762781150805e-03 9.906521921513866680e-03 1.012208856701646287e-02 1.028921035603147516e-02 1.037655408322857298e-02 1.042262221638867725e-02 1.040322466477183738e-02 1.032690316875128911e-02 1.020922940340629470e-02 1.001454638563925581e-02 9.792004398144871224e-03 9.495770456807273163e-03 9.168677920995071950e-03 8.787550304361402276e-03 8.367869900009261563e-03 7.912229942846238373e-03 7.414436794483947324e-03 6.896671016036415303e-03 6.339718637142444102e-03 5.777807498405396203e-03 5.184695109950232528e-03 4.599503181013764319e-03 3.996054800247894612e-03 3.411866519972495126e-03 2.830766133729567535e-03 2.280814019087862299e-03 1.759436162199090603e-03 1.281723644720567101e-03 8.630701652374561661e-04 5.052009182533456766e-04 2.386320459648594294e-04 5.959949187517299407e-05 0.000000000000000000e+00 7.323712385509661971e-05 2.959251030359988377e-04 6.997854794650315569e-04 1.306114406149916363e-03 2.120532513943618191e-03 3.244841132128972738e-03 4.597382277328976308e-03 6.378369127008065576e-03 8.499999470342523011e-03 1.103575651546162550e-02 1.423302323093666999e-02 1.779200241394773840e-02 2.240368842506545999e-02 2.773549620215010059e-02 3.388012169355192338e-02 4.263346282638669216e-02 5.238888663670071555e-02
-3.661862745732846758e-02 -3.627170771465337840e-02 -3.581978895411208619e-02 -3.527648616202117005e-02 -3.464700039834012202e-02 -3.393599219185994276e-02 -3.315311381571894866e-02 -3.230095935072474500e-02 -3.138961029228881650e-02 -3.042197788412004389e-02 -2.940081845612563249e-02 -2.833377385528623726e-02 -2.722832272858044522e-02 -2.608153539305280155e-02 -2.490229274320865382e-02 -2.369344801196049399e-02 -2.246083430027090433e-02 -2.120492059702805410e-02 -1.993176002093322019e-02 -1.864278846520617261e-02 -1.734589339108671968e-02 -1.604072462883954220e-02 -1.473100721929376800e-02 -1.342106215547189674e-02 -1.211576759570065498e-02 -1.081404206790737010e-02 -9.521794785425363727e-03 -8.243820143446600746e-03 -6.979817562358991978e-03 -5.735461521502061011e-03 -4.513003419573946573e-03 -3.314139213034028586e-03 -2.141924220205093654e-03 -9.986103039991700570e-04 1.136672439909780508e-04 1.192329804720837494e-03 2.232266738902199954e-03 3.229108088161458667e-03 4.185707750683276274e-03 5.100460701418452203e-03 5.972115524998766745e-03 6.788343608302493948e-03 7.554819912223509348e-03 8.274325790688430438e-03 8.946175072232498415e-03 9.548437354120586917e-03 1.010162433004901938e-02 1.060676139869809464e-02 1.104015399415692045e-02 1.141674142026471994e-02 1.174518072270069879e-02 1.199599694389752447e-02 1.219460358602475480e-02 1.234336571259064819e-02 1.240896642292166341e-02 1.243211410747457890e-02 1.238697217720863275e-02 1.228243930991523847e-02 1.213495313909329631e-02 1.190625172413573019e-02 1.164861242402470687e-02 1.131271804371247747e-02 1.094417864723995493e-02 1.051778834996330847e-02 1.004982620541683414e-02 9.542716678451079737e-03 8.989261843566742627e-03 8.413081889242723932e-03 7.792590520065978410e-03 7.164677357201609809e-03 6.499676825593270202e-03 5.840106473382400409e-03 5.155807172062876198e-03 4.487809714665558225e-03 3.816482627453710030e-03 3.172490498536295611e-03 2.551115704571227383e-03 1.967935600084458336e-03 1.439176415647724916e-03 9.631396959649540790e-04 5.762444359832530338e-04 2.649653590678369142e-04 7.323712385509661971e-05 0.000000000000000000e+00 7.473326992202267149e-05 3.203024650572094956e-04 7.609866701551171175e-04 1.406115695745668859e-03 2.344397687310650902e-03 3.512486417091231772e-03 5.089323193111727761e-03 7.003128866011398834e-03 9.323641888490219465e-03 1.228516690545067291e-02 1.561277448529507783e-02 1.996351050605105204e-02 2.503018662265199534e-02 3.090652866371790264e-02 3.934644788171082208e-02 4.880289236714008272e-02
-3.481146448536731608e-02 -3.443761848515625168e-02 -3.395996195828598907e-02 -3.339197820769190805e-02 -3.273880148302255044e-02 -3.200503129681186998e-02 -3.120024081591155074e-02 -3.032696125647404983e-02 -2.939519801673995403e-02 -2.840779431510187525e-02 -2.736752970736333612e-02 -2.628198545506388317e-02 -2.515855759771301603e-02 -2.399439538507275316e-02 -2.279826009075680560e-02 -2.157301055944560453e-02 -2.032455887637552028e-02 -1.905322118304975110e-02 -1.776506507983466321e-02 -1.646168476923781654e-02 -1.515084457564674913e-02 -1.383217692112992392e-02 -1.250942073573924063e-02 -1.118692227448125909e-02 -9.869589398822209425e-03 -8.556327687341047650e-03 -7.253087846238681635e-03 -5.964703719299468965e-03 -4.690864741549893857e-03 -3.437299549354788653e-03 -2.206276784448180095e-03 -9.995024619423586998e-04 1.799395767676514879e-04 1.329781393211826312e-03 2.447873057871086111e-03 3.531611830284497877e-03 4.575670250435148745e-03 5.575563027747199030e-03 6.534355474888897675e-03 7.450431026143622404e-03 8.322534579565221691e-03 9.137711692732697344e-03 9.901966710924803294e-03 1.061827246583435524e-02 1.128593406470823624e-02 1.188185235772865056e-02 1.242762305248357180e-02 1.292432606465421241e-02 1.334698408960077742e-02 1.371131315252449578e-02 1.402639861880272676e-02 1.426105411595934847e-02 1.444202809535355403e-02 1.457175801897869771e-02 1.461493613442732542e-02 1.461448574696699865e-02 1.454291709397481647e-02 1.440948724930324332e-02 1.423150421099694807e-02 1.396808883689071301e-02 1.367466062263344995e-02 1.329840060546105818e-02 1.288770937481764634e-02 1.241534073950811834e-02 1.189837404866489479e-02 1.133906384609906226e-02 1.072920100208030192e-02 1.009385365987702787e-02 9.409046440746360318e-03 8.714347551386225632e-03 7.976643214392620251e-03 7.241869669849188007e-03 6.475854939671510380e-03 5.723168697214564560e-03 4.960690328160266560e-03 4.221707715424627416e-03 3.499338823397923903e-03 2.809648980713008726e-03 2.169700610634039961e-03 1.574336917106067268e-03 1.065931673224773668e-03 6.210975020283227011e-04 2.959251030359988377e-04 7.473326992202267149e-05 0.000000000000000000e+00 8.562729068162244772e-05 3.589048683224627112e-04 8.329091103113084316e-04 1.583077722543624333e-03 2.564607431103205215e-03 3.934860427418973572e-03 5.638294273926924838e-03 7.740829949329897097e-03 1.046346206771775478e-02 1.355652041428956345e-02 1.764245807391562337e-02 2.243991200928929786e-02 2.804360558813490112e-02 3.616434084916297920e-02 4.531597127156206106e-02
-3.270087014006672899e-02 -3.229721347085623417e-02 -3.179105822244054913e-02 -3.119574595151097807e-02 -3.051634266549929642e-02 -2.975738588638854321e-02 -2.892836346977112338e-02 -2.803174347089698593e-02 -2.707744782186771726e-02 -2.606825029961534756e-02 -2.500695667701535729e-02 -2.390108205397944996e-02 -2.275793261856051686e-02 -2.157474736432163365e-02 -2.036015705800753306e-02 -1.911702735916909202e-02 -1.785135111935454155e-02 -1.656328668278517213e-02 -1.525891383678579238e-02 -1.393999585411009878e-02 -1.261416167210027695e-02 -1.128102890519078194e-02 -9.944350033314286463e-03 -8.608496122877840051e-03 -7.278403462623206366e-03 -5.952968484811305139e-03 -4.638181305170241409e-03 -3.338914208717791432e-03 -2.054849317658979935e-03 -7.917677743251028133e-04 4.480440319580836217e-04 1.662869259627663965e-03 2.849595735935350760e-03 4.005939546923076300e-03 5.129736337250001554e-03 6.218359751643642852e-03 7.266256124665360083e-03 8.268821839812035002e-03 9.229343292096459095e-03 1.014619330202848335e-02 1.101811434297206294e-02 1.183149849988873736e-02 1.259269448662947433e-02 1.330487683277825628e-02 1.396734303954416667e-02 1.455577243300965051e-02 1.509289435469618468e-02 1.557984719946781116e-02 1.599031341707446430e-02 1.634082277856130361e-02 1.664090984601740431e-02 1.685759525498320421e-02 1.701902576874247952e-02 1.712771636196430691e-02 1.714627474237151450e-02 1.711994536892946783e-02 1.701950460766010753e-02 1.685458446253795817e-02 1.664340881749026835e-02 1.634234812994861397e-02 1.601012519286415525e-02 1.559023724761221530e-02 1.513402024339327578e-02 1.461208006263747805e-02 1.404233647819386199e-02 1.342686603956400049e-02 1.275638982708526825e-02 1.205750574041319911e-02 1.130370769306443535e-02 1.053739767050598797e-02 9.721806294578860808e-03 8.906491592289178527e-03 8.053023679540749491e-03 7.209725095250973936e-03 6.349759681354205654e-03 5.509203040746535329e-03 4.678861453110250146e-03 3.875318029435081968e-03 3.116514615793319898e-03 2.393600413797991600e-03 1.755297380627518500e-03 1.167660183851504385e-03 6.997854794650315569e-04 3.203024650572094956e-04 8.562729068162244772e-05 0.000000000000000000e+00 9.394054397748874408e-05 3.845361200157659809e-04 9.328651672563248454e-04 1.714158224672024389e-03 2.862332601007544497e-03 4.339451524849269326e-03 6.207206928830588666e-03 8.671997733754599480e-03 1.151174992363057648e-02 1.531071217084789549e-02 1.981592603894632987e-02 2.512298395399525930e-02 3.289397075995925679e-02 4.171097615558316818e-02
-3.030214130743646983e-02 -2.986643752619777548e-02 -2.932964965638584776e-02 -2.870496906953823313e-02 -2.799739214619811900e-02 -2.721139340880784907e-02 -2.635637008746438692e-02 -2.543472675173041875e-02 -2.445629563835205467e-02 -2.342377989890609413e-02 -2.234001347643499447e-02 -2.121244059314930652e-02 -2.004827167649347874e-02 -1.884484363233296378e-02 -1.761064803210732332e-02 -1.634855797466172600e-02 -1.506464774358273750e-02 -1.375891439897936053e-02 -1.243744762769827261e-02 -1.110218736063250944e-02 -9.760617513456026906e-03 -8.412342851929710541e-03 -7.061128761537305287e-03 -5.711370316828223714e-03 -4.368030755607432702e-03 -3.030000255584974767e-03 -1.703306143197469424e-03 -3.928578433690654848e-04 9.016678715405568312e-04 2.174439244764347912e-03 3.423152068663837255e-03 4.646078352348759211e-03 5.840078137664406199e-03 7.002851925740460892e-03 8.132221400980799153e-03 9.225537337023581586e-03 1.027701379850032293e-02 1.128192730144883527e-02 1.224379202119529886e-02 1.316097112963565685e-02 1.403220584900921608e-02 1.484321648410980021e-02 1.560070633780807903e-02 1.630805880248598072e-02 1.696456480863273164e-02 1.754464692082979838e-02 1.807220153967625809e-02 1.854842844247672762e-02 1.894563142974270420e-02 1.928117908414883619e-02 1.956506935659363400e-02 1.976247481331749878e-02 1.990298333301776523e-02 1.998919102140273019e-02 1.998155776607335454e-02 1.992772105680618022e-02 1.979666854647976759e-02 1.959841822645569387e-02 1.935214096282666940e-02 1.901136562159677634e-02 1.863822844507223575e-02 1.817241781568401660e-02 1.766830422097376285e-02 1.709427132633778434e-02 1.646910652935906771e-02 1.579470257040305192e-02 1.506066960387397735e-02 1.429519174084348254e-02 1.346913284777118136e-02 1.262783649747323267e-02 1.173073191881079946e-02 1.083114062013301737e-02 9.886201982051034953e-03 8.948141121972619239e-03 7.986245569631233998e-03 7.039493926087048159e-03 6.096275333507428229e-03 5.173710715676516081e-03 4.290650714044108582e-03 3.434381197546465536e-03 2.660251799461166300e-03 1.923259328379112176e-03 1.306114406149916363e-03 7.609866701551171175e-04 3.589048683224627112e-04 9.394054397748874408e-05 0.000000000000000000e+00 9.837070197427078000e-05 4.349762374693533218e-04 1.006164437869938588e-03 1.921040165335785588e-03 3.160269682686900339e-03 4.781009915371003949e-03 6.974109275779571959e-03 9.546810163483909761e-03 1.304247026252625119e-02 1.723843800355440159e-02 2.223106929749818494e-02 2.962947767796630938e-02 3.808947614326740894e-02
-2.765145903783572390e-02 -2.718239441551661972e-02 -2.661373398664812484e-02 -2.595851279847405380e-02 -2.522165631324135848e-02 -2.440757501390944384e-02 -2.352557148900591422e-02 -2.257798642731490002e-02 -2.157455777545358444e-02 -2.051791716165218826e-02 -1.941092731930149640e-02 -1.826095810163697042e-02 -1.707512008633416123e-02 -1.585085274022601798e-02 -1.459650271640189345e-02 -1.331495044846231490e-02 -1.201235095802843933e-02 -1.068853837779182303e-02 -9.349610102249217292e-03 -7.997686195924891273e-03 -6.640099430760715293e-03 -5.276442790345670097e-03 -3.910493567724881991e-03 -2.546669643578636233e-03 -1.189959531010864602e-03 1.607512052447246376e-04 1.499400286164465079e-03 2.821042749796665028e-03 4.126006185360853173e-03 5.408410327676804741e-03 6.665933632984843982e-03 7.896837211024188008e-03 9.097954284897791233e-03 1.026697052375380448e-02 1.140169442800886834e-02 1.249945491424886423e-02 1.355423192968607804e-02 1.456118236909353936e-02 1.552405114796551189e-02 1.644119278755273861e-02 1.731134830819569537e-02 1.811955971881162863e-02 1.887288912327234058e-02 1.957493207072447117e-02 2.022497385246735391e-02 2.079616715102916569e-02 2.131358843992847696e-02 2.177850045663665135e-02 2.216181397460303959e-02 2.248174638626265764e-02 2.274876484342380767e-02 2.292617208887659519e-02 2.304501407629300225e-02 2.310796981388230087e-02 2.307332618003221647e-02 2.299114251089040550e-02 2.282859533041492472e-02 2.259609277773011460e-02 2.231376580036847912e-02 2.193226293670746951e-02 2.151718034262117829e-02 2.100434355351843418e-02 2.045119981787846264e-02 1.982387785999184526e-02 1.914204371781558223e-02 1.840740340742097469e-02 1.760843653026844535e-02 1.677493856688383467e-02 1.587509615141180497e-02 1.495724381934659952e-02 1.397693940857180905e-02 1.299133410298525249e-02 1.195305228772103323e-02 1.091829262582022508e-02 9.852385619271375461e-03 8.797268244743028376e-03 7.738857638858731569e-03 6.694820891596786616e-03 5.684929426409301989e-03 4.692517019211472906e-03 3.779702256905381752e-03 2.890160225402227390e-03 2.120532513943618191e-03 1.406115695745668859e-03 8.329091103113084316e-04 3.845361200157659809e-04 9.837070197427078000e-05 0.000000000000000000e+00 1.197411355310373793e-04 4.756653257670384605e-04 1.151273452491552440e-03 2.146402864613206063e-03 3.513485463349841353e-03 5.427239757514468188e-03 7.725245199140085006e-03 1.090829949859595249e-02 1.478521504378826901e-02 1.945300594720789089e-02 2.646495272508431196e-02 3.455417630993951050e-02
-2.454260220120352276e-02 -2.403507702442320149e-02 -2.342962787338764841e-02 -2.273911778888215718e-02 -2.196839926054094949e-02 -2.112181737504748025e-02 -2.020857054007818565e-02 -1.923093527173491690e-02 -1.819854384641927947e-02 -1.711395436204621312e-02 -1.598006331485923859e-02 -1.480415766491849361e-02 -1.359323692796754468e-02 -1.234486055935124504e-02 -1.106721335699600850e-02 -9.763185332747892353e-03 -8.439015291134666086e-03 -7.094367106071253204e-03 -5.735342542060983817e-03 -4.364259113102231247e-03 -2.988279484166356248e-03 -1.606989410802728280e-03 -2.241779587025538589e-04 1.155714490055248511e-03 2.527675789830818864e-03 3.892818418284149651e-03 5.245048070334656920e-03 6.579385383556402012e-03 7.896157525497549123e-03 9.189437904710051619e-03 1.045688633411656632e-02 1.169675124133451316e-02 1.290583879732620787e-02 1.408181945232189758e-02 1.522248828031225187e-02 1.632515254796096382e-02 1.738354281237519672e-02 1.839269103152196827e-02 1.935658740251777754e-02 2.027357863274314997e-02 2.114240689600765943e-02 2.194739184684935118e-02 2.269597720197991109e-02 2.339198606478531950e-02 2.403469921203671422e-02 2.459591570349495271e-02 2.510196940110764885e-02 2.555419162727756710e-02 2.592200872997718619e-02 2.622454454753508912e-02 2.647276778898288718e-02 2.662798151534018221e-02 2.672278918173187634e-02 2.675996026876503731e-02 2.669545913570370299e-02 2.658193488481375155e-02 2.638462388519202673e-02 2.611434968861736650e-02 2.579227550478702113e-02 2.536595566540678082e-02 2.490470341426043177e-02 2.434018886701960760e-02 2.373316747212406153e-02 2.304733950261772524e-02 2.230331289928133565e-02 2.150259364793039030e-02 2.063243458561769827e-02 1.972437487849687532e-02 1.874369225215810619e-02 1.774196451304577149e-02 1.667053815670238581e-02 1.559072572944097956e-02 1.445023360151209690e-02 1.330958496409173630e-02 1.212977837467166253e-02 1.095598041371204090e-02 9.771390102513377585e-03 8.594270346368171332e-03 7.445381940772377583e-03 6.303714185625808319e-03 5.238808507325498631e-03 4.181851418951110233e-03 3.244841132128972738e-03 2.344397687310650902e-03 1.583077722543624333e-03 9.328651672563248454e-04 4.349762374693533218e-04 1.197411355310373793e-04 0.000000000000000000e+00 1.181092628907975950e-04 5.287243008619268991e-04 1.253232323261910253e-03 2.338598590482021677e-03 3.941145781175214857e-03 5.932909217216453257e-03 8.765627870777170649e-03 1.228421842905336181e-02 1.658602077812443287e-02 2.315799871362267393e-02 3.082428481143018040e-02
-2.122327021877912223e-02 -2.067712447922820385e-02 -2.003476209003929309e-02 -1.930887098764522136e-02 -1.850422961351061435e-02 -1.762511669219013477e-02 -1.668062413059401283e-02 -1.567296392985628728e-02 -1.461166021893767208e-02 -1.349919715352010385e-02 -1.233850390960467003e-02 -1.113678266002782191e-02 -9.900920184303441118e-03 -8.628596048245062988e-03 -7.327831371936155413e-03 -6.001524708425187704e-03 -4.655996149023899910e-03 -3.290740181203566372e-03 -1.911860858287983689e-03 -5.218712570863592859e-04 8.722376251774077716e-04 2.270887269986254786e-03 3.670278297041251747e-03 5.065949560971172438e-03 6.452867227501712932e-03 7.832141725460428638e-03 9.197649091215565065e-03 1.054437760648607725e-02 1.187265422309091711e-02 1.317650846647344665e-02 1.445358268831897774e-02 1.570211361703888198e-02 1.691888190323886931e-02 1.810154399277796866e-02 1.924788271619337632e-02 2.035518508674338811e-02 2.141693598427429901e-02 2.242804510880047619e-02 2.339274589671569426e-02 2.430937829918933257e-02 2.517668654368643288e-02 2.597827712140299283e-02 2.672197158022704411e-02 2.741181874458675782e-02 2.804709568271601672e-02 2.859826426923306464e-02 2.909290153927479583e-02 2.953240720774819028e-02 2.988474107990779505e-02 3.016992332773682506e-02 3.039941876863694326e-02 3.053255389139086784e-02 3.060347194197421405e-02 3.061503213503768972e-02 3.052090276793151258e-02 3.037629335497638028e-02 3.014452166433634339e-02 2.983682169375168058e-02 2.947537750564654946e-02 2.900468227587571501e-02 2.849772589648713605e-02 2.788206656475455958e-02 2.722173227475122026e-02 2.647801932639926026e-02 2.567246672672318653e-02 2.480638148228853090e-02 2.386580047528230608e-02 2.288398809852443261e-02 2.182333951955672813e-02 2.073864328492081022e-02 1.957707193926760958e-02 1.840405902802022542e-02 1.716243502071079785e-02 1.591700663806117078e-02 1.462447533854827064e-02 1.333320672765236914e-02 1.202370119866680298e-02 1.071480884760223073e-02 9.428268380386573000e-03 8.138753674786336489e-03 6.923169074147472735e-03 5.700298349517352037e-03 4.597382277328976308e-03 3.512486417091231772e-03 2.564607431103205215e-03 1.714158224672024389e-03 1.006164437869938588e-03 4.756653257670384605e-04 1.181092628907975950e-04 0.000000000000000000e+00 1.472774726231085296e-04 6.027614367780653737e-04 1.407963307408777176e-03 2.700854169511490710e-03 4.387789134150499315e-03 6.871555811270080305e-03 1.003303921079679029e-02 1.396987200675137153e-02 2.010256847802194269e-02 2.734617960967289374e-02
-1.733521531510251457e-02 -1.674412166070582408e-02 -1.605873376498256899e-02 -1.529154550977129823e-02 -1.444725869367646798e-02 -1.353008388317911148e-02 -1.254899495735906090e-02 -1.150613898609498253e-02 -1.041091823832307472e-02 -9.265740540296607541e-03 -8.073573408939105356e-03 -6.841524005287036303e-03 -5.576352973724496565e-03 -4.275880556320887926e-03 -2.947944098055876871e-03 -1.595453265382795749e-03 -2.248125096540043444e-04 1.164661122049492903e-03 2.566865542414253909e-03 3.979072173770914489e-03 5.394483938916727617e-03 6.813524018719152586e-03 8.232382972517715558e-03 9.646579416462186529e-03 1.105105997420519071e-02 1.244692503135869099e-02 1.382802471781652276e-02 1.518931645367949113e-02 1.653112114213928230e-02 1.784742725678212238e-02 1.913585815351281916e-02 2.039463665138796511e-02 2.162051762703032232e-02 2.281114302665010474e-02 2.396428306167386335e-02 2.507720465729845749e-02 2.614312981880551057e-02 2.715683997875684152e-02 2.812282786818143254e-02 2.903942748507459815e-02 2.990538646727936012e-02 3.070354860354818083e-02 3.144213843470300418e-02 3.212544752954693550e-02 3.275275030802637932e-02 3.329307727231223257e-02 3.377533482230188344e-02 3.420099714187130324e-02 3.453645447230146992e-02 3.480268764298266593e-02 3.501169367352452433e-02 3.512067535184815181e-02 3.516542725666849112e-02 3.514890665282144333e-02 3.502231583081238941e-02 3.484361434032168248e-02 3.457405419417158843e-02 3.422530745648078021e-02 3.382066112252313239e-02 3.330130151337307165e-02 3.274418903591813645e-02 3.207243307562901435e-02 3.135359914764690448e-02 3.054637891334111011e-02 2.967331371321013656e-02 2.873549575431177949e-02 2.771763201450239134e-02 2.665486588180854266e-02 2.550643654728668164e-02 2.433063852829686624e-02 2.307006790621413117e-02 2.179466968730936483e-02 2.044191889092916714e-02 1.908132123691019810e-02 1.766483077874414498e-02 1.624433532762581400e-02 1.479733724379828086e-02 1.334333277702925979e-02 1.190511578223185651e-02 1.045256847940378986e-02 9.070747139681034632e-03 7.664605655003153828e-03 6.378369127008065576e-03 5.089323193111727761e-03 3.934860427418973572e-03 2.862332601007544497e-03 1.921040165335785588e-03 1.151273452491552440e-03 5.287243008619268991e-04 1.472774726231085296e-04 0.000000000000000000e+00 1.541894935588317139e-04 6.449073292410512082e-04 1.588804299975099532e-03 2.931935759074577597e-03 5.019401012019475417e-03 7.774273443155399477e-03 1.129384041959780038e-02 1.691727218289895696e-02 2.366992355538866111e-02
-1.310581540931632372e-02 -1.246773983082050119e-02 -1.173737795312823629e-02 -1.092702178054083539e-02 -1.004129489717842105e-02 -9.084338455409013413e-03 -8.065003171197515641e-03 -6.985370887252040362e-03 -5.854716137894677708e-03 -4.675369536150886240e-03 -3.450337528915436991e-03 -2.186627874433688667e-03 -8.908700555271265031e-04 4.389692879951390125e-04 1.795243525060441492e-03 3.175032041410563721e-03 4.571847486565028262e-03 5.986551356625513520e-03 7.413046522259492122e-03 8.848385271066683266e-03 1.028597169933398447e-02 1.172622903221665069e-02 1.316533906817363153e-02 1.459880182521611225e-02 1.602154665997268523e-02 1.743466147632177776e-02 1.883197360683297461e-02 2.020841179485965977e-02 2.156428930994935822e-02 2.289355650091240424e-02 2.419381824480248966e-02 2.546328358491023458e-02 2.669868281837539659e-02 2.789764420750684426e-02 2.905792615758762132e-02 3.017677667160945099e-02 3.124715366232022618e-02 3.226371105723835342e-02 3.323120292429893041e-02 3.414795830635608542e-02 3.501272924343434845e-02 3.580759228662366844e-02 3.654117774395715390e-02 3.721802244154348571e-02 3.783739897219728920e-02 3.836689704586193628e-02 3.883676135621794145e-02 3.924854174890313185e-02 3.956704853210557538e-02 3.981423029768826893e-02 4.000262037275892357e-02 4.008728073674638903e-02 4.010566964622697128e-02 4.006084370130491568e-02 3.990151926539686755e-02 3.968842784264392520e-02 3.938073707542488755e-02 3.899055941897100475e-02 3.854229548647181147e-02 3.797379092316199856e-02 3.736601579717946375e-02 3.663758260682958845e-02 3.585963047673879078e-02 3.498821634696269722e-02 3.404689225039758682e-02 3.303653226859382119e-02 3.194049328300807566e-02 3.079582085916565681e-02 2.955855034408816362e-02 2.829052971140799677e-02 2.692970681941919686e-02 2.555060361788374923e-02 2.408525185908183541e-02 2.260792789371046663e-02 2.106575120770171061e-02 1.951418892148415463e-02 1.792768378941556051e-02 1.632638577315559392e-02 1.473415335840344564e-02 1.311597751347448604e-02 1.156522016942251874e-02 9.972705145656846071e-03 8.499999470342523011e-03 7.003128866011398834e-03 5.638294273926924838e-03 4.339451524849269326e-03 3.160269682686900339e-03 2.146402864613206063e-03 1.253232323261910253e-03 6.027614367780653737e-04 1.541894935588317139e-04 0.000000000000000000e+00 1.685470703457481179e-04 7.544032519216647970e-04 1.744645368403130448e-03 3.424425384704554709e-03 5.760557410432798342e-03 8.849775611650678719e-03 1.394574142834936747e-02 2.018928459893798433e-02
-8.452599234327173860e-03 -7.764232776652502110e-03 -6.985706376567923925e-03 -6.129099135988802516e-03 -5.198954520511445132e-03 -4.199342796001648281e-03 -3.138984492464080844e-03 -2.019895952241501647e-03 -8.512157869168257562e-04 3.648038134475006800e-04 1.625115779054331355e-03 2.922817836405688929e-03 4.251419012800017327e-03 5.612796721274460054e-03 6.999505501037006638e-03 8.408613371942097459e-03 9.833550957404457726e-03 1.127536059875888785e-02 1.272795383922042944e-02 1.418815653902216756e-02 1.564958508128522219e-02 1.711265994248112321e-02 1.857355537403071466e-02 2.002775442586501864e-02 2.147017175092225116e-02 2.290187871176752044e-02 2.431668354806582055e-02 2.570948864952338209e-02 2.708059684393582245e-02 2.842392368739565800e-02 2.973705569332873999e-02 3.101818767934461096e-02 3.226402636501624066e-02 3.347218691368503141e-02 3.464041649994797911e-02 3.576594521592624254e-02 3.684146251157283114e-02 3.786149431434537860e-02 3.883106072636954842e-02 3.974848679511655547e-02 4.061253000572806471e-02 4.140448622438019921e-02 4.213339849054098529e-02 4.280405419833821501e-02 4.341572493536693944e-02 4.393453335884911493e-02 4.439208634362645789e-02 4.479001147713412845e-02 4.509151024669233454e-02 4.531951728068139840e-02 4.548711255299575651e-02 4.554717351022929961e-02 4.553885408989810646e-02 4.546531285204835626e-02 4.527272934358173018e-02 4.502466289018891565e-02 4.467815120026874531e-02 4.424575400070518416e-02 4.375301111024476608e-02 4.313434802662663436e-02 4.247483757127767934e-02 4.168848442043038283e-02 4.085008623851393850e-02 3.991299743065357397e-02 3.890180171313661894e-02 3.781714866710417233e-02 3.664100229315570001e-02 3.541236295451388738e-02 3.408396044846928596e-02 3.272130097611691824e-02 3.125753251808172095e-02 2.977189626187870530e-02 2.819079658450418524e-02 2.659343495336641272e-02 2.492191669030707768e-02 2.323541095126113731e-02 2.150517598388057561e-02 1.975203537228886752e-02 1.800093508493660899e-02 1.621177547841012867e-02 1.448654205954824636e-02 1.270132226366005312e-02 1.103575651546162550e-02 9.323641888490219465e-03 7.740829949329897097e-03 6.207206928830588666e-03 4.781009915371003949e-03 3.513485463349841353e-03 2.338598590482021677e-03 1.407963307408777176e-03 6.449073292410512082e-04 1.685470703457481179e-04 0.000000000000000000e+00 2.102439141421497126e-04 8.300719011326007646e-04 2.080025673704688494e-03 3.973921418325199184e-03 6.607397568775041918e-03 1.113970310049128276e-02 1.683846927868604126e-02
-3.071645090142571810e-03 -2.325339551862204424e-03 -1.491239185358983477e-03 -5.811878840509265842e-04 4.003542327942755108e-04 1.449390123854921164e-03 2.557343160817127092e-03 3.722262876361903672e-03 4.935162849371232952e-03 6.193871844749621047e-03 7.495296552052943539e-03 8.832652217295122732e-03 1.019960181292212109e-02 1.159784400158325735e-02 1.302015724871252722e-02 1.446359576743183606e-02 1.592150649909307436e-02 1.739511988022113265e-02 1.887836203957815595e-02 2.036781191268255409e-02 2.185732289711384002e-02 2.334730616354396826e-02 2.483392926711591731e-02 2.631265970291107870e-02 2.777840075648163598e-02 2.923219781256880534e-02 3.066784544352840758e-02 3.208022228600959647e-02 3.346961385101132613e-02 3.482990530249929773e-02 3.615866342283513557e-02 3.745406639792048242e-02 3.871279759215351390e-02 3.993245878733620025e-02 4.111078567457782107e-02 4.224499089263755724e-02 4.332747917111579028e-02 4.435264320711185260e-02 4.532578398952946674e-02 4.624522342920900364e-02 4.710972576232064224e-02 4.789975924459832779e-02 4.862480274228953014e-02 4.928991018132888868e-02 4.989435304261324866e-02 5.040269750175419006e-02 5.084799319024024822e-02 5.123195094593535615e-02 5.151606534583974550e-02 5.172431747445571659e-02 5.187036775841302738e-02 5.190476691542278420e-02 5.186847020842155764e-02 5.176474578477285871e-02 5.153707149798913978e-02 5.125201624292607949e-02 5.086434360509972663e-02 5.038708523702661868e-02 4.984700010838238882e-02 4.917484929690707496e-02 4.846009739116752257e-02 4.761180443961599007e-02 4.670868832038843621e-02 4.570119835750963144e-02 4.461501790294231107e-02 4.345055489312610320e-02 4.218826014341747754e-02 4.086924488712406767e-02 3.944264640347627804e-02 3.797793316824304988e-02 3.640302842509623993e-02 3.480229938366941056e-02 3.309601248250182426e-02 3.136873134938245045e-02 2.955705930824026328e-02 2.772421129555513453e-02 2.583792939692419743e-02 2.391977196277572659e-02 2.199584579198554657e-02 2.002043409343823299e-02 1.810500626162936388e-02 1.610931787723202113e-02 1.423302323093666999e-02 1.228516690545067291e-02 1.046346206771775478e-02 8.671997733754599480e-03 6.974109275779571959e-03 5.427239757514468188e-03 3.941145781175214857e-03 2.700854169511490710e-03 1.588804299975099532e-03 7.544032519216647970e-04 2.102439141421497126e-04 0.000000000000000000e+00 2.048583554449256994e-04 9.694115249724299943e-04 2.362499457884803533e-03 4.477430841335561240e-03 8.357961316462048096e-03 1.342572975316003170e-02
2.575236424099514032e-03 3.379785410193347772e-03 4.269738433268832623e-03 5.233489907526367446e-03 6.266664170833102787e-03 7.365338405625143636e-03 8.521082383527001092e-03 9.732011598142853437e-03 1.098929444542084966e-02 1.229084069373231891e-02 1.363351267918633258e-02 1.501064511145844271e-02 1.641605624767117355e-02 1.785126698916716936e-02 1.930928076681115435e-02 2.078713950167399016e-02 2.227811056071660190e-02 2.378360977267601761e-02 2.529758063502529630e-02 2.681635947502514217e-02 2.833403714302407117e-02 2.985101538822176881e-02 3.136345702885989795e-02 3.286681641829447553e-02 3.435598813376217198e-02 3.583199138717318988e-02 3.728861034069430591e-02 3.872070272378380640e-02 4.012853685730555231e-02 4.150597094766794726e-02 4.285055356571831897e-02 4.416044746426883716e-02 4.543231467387731648e-02 4.666374506945936140e-02 4.785246426022582433e-02 4.899566916860265131e-02 5.008548681231583810e-02 5.111618106191229138e-02 5.209332835789604044e-02 5.301524856049477652e-02 5.388071342977518441e-02 5.466938242996099984e-02 5.539116113111997031e-02 5.605136488858009081e-02 5.664926571542150402e-02 5.714790787898049729e-02 5.758175218226657677e-02 5.795259127435303803e-02 5.822025055770851942e-02 5.840973476082444993e-02 5.853527207915742991e-02 5.854513634621494322e-02 5.848204482702701323e-02 5.834937279346752437e-02 5.808795379644715595e-02 5.776730129863172358e-02 5.733995197054697623e-02 5.681939819970394101e-02 5.623359207120970371e-02 5.550970429997559297e-02 5.474150000185873388e-02 5.383319317694623685e-02 5.286734105671586637e-02 5.179154400500918243e-02 5.063256075586752836e-02 4.939056029110522328e-02 4.804450649955671615e-02 4.663757866043327649e-02 4.511538567603734506e-02 4.355128145412301421e-02 4.186805671061410994e-02 4.015510787719112074e-02 3.832666927355343756e-02 3.647256719918967605e-02 3.452399383519533238e-02 3.254813511856258224e-02 3.050927097109046304e-02 2.842967600717483112e-02 2.633659248178088497e-02 2.417876973080723690e-02 2.207700356045116941e-02 1.987496334765692652e-02 1.779200241394773840e-02 1.561277448529507783e-02 1.355652041428956345e-02 1.151174992363057648e-02 9.546810163483909761e-03 7.725245199140085006e-03 5.932909217216453257e-03 4.387789134150499315e-03 2.931935759074577597e-03 1.744645368403130448e-03 8.300719011326007646e-04 2.048583554449256994e-04 0.000000000000000000e+00 2.848898426177637333e-04 1.182762221557775995e-03 2.784574824485908096e-03 6.019324211715582074e-03 1.046127583607814326e-02
9.300430812754223453e-03 1.017472711193911916e-02 1.113170459622336850e-02 1.216002816475081350e-02 1.325541125745666182e-02 1.441400862573327668e-02 1.562755616785682644e-02 1.689423563249103921e-02 1.820539381837649184e-02 1.955902489559602220e-02 2.095193904300685084e-02 2.237760768997010263e-02 2.383002665326960923e-02 2.531050620320973721e-02 2.681230740132700685e-02 2.833245643268056391e-02 2.986413954758271316e-02 3.140896693636296977e-02 3.296090860196965178e-02 3.451602959669408666e-02 3.606869335923479358e-02 3.761928247253043534e-02 3.916395620316281967e-02 4.069815808950494329e-02 4.221677899791653754e-02 4.372079803127770781e-02 4.520399710676592520e-02 4.666121696828873233e-02 4.809269850692377002e-02 4.949227961530000552e-02 5.085748874073980907e-02 5.218646941056914734e-02 5.347586265092396651e-02 5.472324598383360161e-02 5.592633434178628793e-02 5.708230930189550634e-02 5.818299821165162644e-02 5.922252886540169126e-02 6.020677277509367542e-02 6.113404863755977914e-02 6.200313714909411189e-02 6.279282547546793936e-02 6.351347610242519259e-02 6.417068685846960552e-02 6.476373108686728219e-02 6.525401020559806753e-02 6.567750364584579170e-02 6.603609275151944846e-02 6.628780066390760339e-02 6.645873643853505985e-02 6.656374103807483067e-02 6.654861712156789899e-02 6.645798611189224214e-02 6.629534020816285622e-02 6.599864232039609480e-02 6.564059729427673684e-02 6.517131601007752906e-02 6.460478319333262665e-02 6.397025365068320646e-02 6.319096735377593976e-02 6.236538931222834758e-02 6.139241653890648021e-02 6.035880825495099078e-02 5.920903086485118649e-02 5.797100994724335710e-02 5.664465047963429534e-02 5.520725419850658344e-02 5.370428968980678341e-02 5.207742144761240422e-02 5.040432429034780171e-02 4.860203717243904986e-02 4.676557380433532529e-02 4.480238646139489411e-02 4.280820146446673302e-02 4.070807327618841676e-02 3.857366540360407381e-02 3.636529185421699673e-02 3.410603376700072076e-02 3.182436493805629318e-02 2.946270405229622913e-02 2.715246509904611916e-02 2.471878487243139855e-02 2.240368842506545999e-02 1.996351050605105204e-02 1.764245807391562337e-02 1.531071217084789549e-02 1.304247026252625119e-02 1.090829949859595249e-02 8.765627870777170649e-03 6.871555811270080305e-03 5.019401012019475417e-03 3.424425384704554709e-03 2.080025673704688494e-03 9.694115249724299943e-04 2.848898426177637333e-04 0.000000000000000000e+00 3.069535833218894894e-04 1.290894090702043862e-03 3.722634557588699877e-03 7.384973718696064005e-03
1.662435130202855049e-02 1.757244097652610471e-02 1.860036893619509968e-02 1.969708339888309734e-02 2.085838940420725596e-02 2.208052125944082178e-02 2.335538945534998412e-02 2.468124209976074734e-02 2.604961414544060272e-02 2.745858514853272148e-02 2.890491269089534576e-02 3.038221204215796334e-02 3.188466456555438810e-02 3.341336097762137580e-02 3.496183074185510442e-02 3.652708474628507673e-02 3.810223186368766335e-02 3.968907634068707946e-02 4.128162021638648316e-02 4.287565306412810529e-02 4.446582174989432978e-02 4.605248647227544456e-02 4.763180518732090807e-02 4.919921367299773252e-02 5.074960319341170756e-02 5.228390814484573657e-02 5.379591387323467977e-02 5.528044809347454347e-02 5.673772109275865283e-02 5.816155582923920875e-02 5.954946140808614619e-02 6.089956199863355568e-02 6.220847958948161338e-02 6.347378049975871406e-02 6.469317000483010283e-02 6.586381599247514984e-02 6.697724663969939485e-02 6.802745582778535471e-02 6.902060999563452981e-02 6.995502777453099785e-02 7.082949971635765785e-02 7.162194111966624366e-02 7.234317051002692178e-02 7.299906879646356206e-02 7.358891122532118523e-02 7.407245612297730375e-02 7.448720018793675290e-02 7.483511365817896444e-02 7.507241684313814556e-02 7.522632296472764324e-02 7.531228554540136955e-02 7.527362985066154977e-02 7.515688236741890904e-02 7.496565221235207410e-02 7.463502375815633805e-02 7.424089853539894701e-02 7.373095125302064901e-02 7.311965631058892079e-02 7.243757639505443713e-02 7.160399610503576096e-02 7.072210389489219651e-02 6.968544175495883231e-02 6.858499435781784115e-02 6.736206727852123155e-02 6.604575453701733156e-02 6.463569210476416416e-02 6.310749421582650953e-02 6.150893989019290409e-02 5.977769135587407412e-02 5.799579408580379791e-02 5.607444587155352433e-02 5.411435235844053171e-02 5.201606940857961270e-02 4.988131006478868645e-02 4.762886791205445114e-02 4.533495748580029794e-02 4.295583193239060904e-02 4.051538644635477304e-02 3.804332830420265044e-02 3.547559334900252104e-02 3.295443647157347833e-02 3.028598410228555693e-02 2.773549620215010059e-02 2.503018662265199534e-02 2.243991200928929786e-02 1.981592603894632987e-02 1.723843800355440159e-02 1.478521504378826901e-02 1.228421842905336181e-02 1.003303921079679029e-02 7.774273443155399477e-03 5.760557410432798342e-03 3.973921418325199184e-03 2.362499457884803533e-03 1.182762221557775995e-03 3.069535833218894894e-04 0.000000000000000000e+00 3.401600740781107746e-04 1.927723401378256263e-03 4.769453751270358310e-03
2.459295649046744359e-02 2.561893426543926378e-02 2.672179618483394581e-02 2.789078630932795289e-02 2.912180376067108334e-02 3.041116419755418576e-02 3.175096110001507377e-02 3.313950865439097004e-02 3.456853981436702750e-02 3.603622007859463849e-02 3.753925449227446531e-02 3.907140927856966872e-02 4.062705892746465430e-02 4.220706655360029202e-02 4.380524008156849725e-02 4.541857595642062595e-02 4.704011058756696340e-02 4.867184025782156365e-02 5.030780530040146470e-02 5.194351733824054129e-02 5.357391671162869962e-02 5.519933789377606814e-02 5.681593996487444009e-02 5.841915462185576224e-02 6.000387800262840798e-02 6.157099536430099551e-02 6.311430153729780113e-02 6.462861588205148777e-02 6.611411482698670294e-02 6.756461240410649438e-02 6.897759954377102876e-02 7.035118090430658722e-02 7.168196183208674910e-02 7.296749894649268153e-02 7.420548900676238180e-02 7.539308792624777045e-02 7.652152754303964688e-02 7.758467108064726059e-02 7.858897765524952561e-02 7.953276695302613497e-02 8.041484021687084205e-02 8.121224764618695247e-02 8.193625930301973170e-02 8.259303770269754708e-02 8.318186048643683161e-02 8.366085438237880201e-02 8.406902072054145414e-02 8.440841800836906827e-02 8.463347569489820810e-02 8.477250284905990529e-02 8.484156070721571297e-02 8.478150757049873754e-02 8.464076223563810064e-02 8.442304962575153393e-02 8.406058637319158144e-02 8.363245382630268843e-02 8.308389559334483643e-02 8.242986886739134267e-02 8.170224058155350910e-02 8.081633870641746764e-02 7.988006885001996960e-02 7.878161082790124947e-02 7.761617197383696709e-02 7.632188729666344873e-02 7.492901212543645606e-02 7.343690911188482939e-02 7.181948551588457352e-02 7.012683979354761288e-02 6.829258922001690824e-02 6.640317943292173286e-02 6.436389767754591151e-02 6.228119309977997453e-02 6.004863069111643359e-02 5.777397597913391802e-02 5.536965004933858125e-02 5.291647908069707640e-02 5.036656099416858545e-02 4.774460962937088215e-02 4.508155601186225603e-02 4.230670306205930320e-02 3.957335623277524750e-02 3.666813802327884009e-02 3.388012169355192338e-02 3.090652866371790264e-02 2.804360558813490112e-02 2.512298395399525930e-02 2.223106929749818494e-02 1.945300594720789089e-02 1.658602077812443287e-02 1.396987200675137153e-02 1.129384041959780038e-02 8.849775611650678719e-03 6.607397568775041918e-03 4.477430841335561240e-03 2.784574824485908096e-03 1.290894090702043862e-03 3.401600740781107746e-04 0.000000000000000000e+00 6.717996484471022711e-04 2.622142897136692241e-03
3.488684947923637036e-02 3.601202732273656171e-02 3.721058917106101482e-02 3.847213193729281944e-02 3.979265811290078059e-02 4.116857068288959365e-02 4.259218192669378400e-02 4.406187130095973181e-02 4.556961302597828389e-02 4.711366283951845535e-02 4.869066300589952601e-02 5.029456191974535084e-02 5.191996483468230839e-02 5.356745470219015370e-02 5.523117204082905740e-02 5.690809556450326934e-02 5.859119362714504398e-02 6.028266110353386331e-02 6.197659704401992098e-02 6.366819495772957360e-02 6.535274618858766260e-02 6.703054182598089383e-02 6.869774556108265706e-02 7.034979277639841211e-02 7.198159554656280434e-02 7.359396646396143549e-02 7.518072654740404204e-02 7.673669776794778130e-02 7.826200429858909402e-02 7.975046650222306077e-02 8.119955582449156495e-02 8.260735067164381995e-02 8.397044260436481444e-02 8.528637950193718176e-02 8.655284907032179120e-02 8.776699609370386401e-02 8.891973092331195705e-02 9.000477958609509610e-02 9.102891535599144657e-02 9.199046022314449900e-02 9.288822762372350716e-02 9.369832848146630866e-02 9.443251549123732325e-02 9.509725667129576010e-02 9.569183231320721461e-02 9.617259490758367502e-02 9.658017105315785944e-02 9.691671394687872976e-02 9.713470324373441045e-02 9.726363578059571413e-02 9.732023080814400373e-02 9.724263860504012147e-02 9.708133670501517543e-02 9.684017540683131919e-02 9.644821902171862860e-02 9.598802687988283733e-02 9.540215569380428029e-02 9.470607498312444417e-02 9.393309329887644665e-02 9.299412809190421569e-02 9.200231844489192845e-02 9.083984625898389176e-02 8.960661495597554982e-02 8.823719484974956728e-02 8.676310949176635479e-02 8.518340728307904897e-02 8.347002043401252624e-02 8.167567570977762870e-02 7.972931770864499779e-02 7.772242180980193371e-02 7.555341726213637976e-02 7.333537036821335953e-02 7.095368461635409574e-02 6.852314693414951474e-02 6.594863051542221299e-02 6.331636260687456552e-02 6.057343092794142958e-02 5.774550189119953547e-02 5.486483021284505046e-02 5.185273823475455846e-02 4.887570726086276629e-02 4.569660962592014819e-02 4.263346282638669216e-02 3.934644788171082208e-02 3.616434084916297920e-02 3.289397075995925679e-02 2.962947767796630938e-02 2.646495272508431196e-02 2.315799871362267393e-02 2.010256847802194269e-02 1.691727218289895696e-02 1.394574142834936747e-02 1.113970310049128276e-02 8.357961316462048096e-03 6.019324211715582074e-03 3.722634557588699877e-03 1.927723401378256263e-03 6.717996484471022711e-04 0.000000000000000000e+00 6.399287864615743615e-04
4.580497393582616539e-02 4.703046638049446226e-02 4.832582530922102659e-02 4.968100620639526177e-02 5.109211747693009897e-02 5.255565177930099363e-02 5.406414518340907360e-02 5.561604252655893976e-02 5.720356422698591459e-02 5.882505596112275192e-02 6.047710258747729384e-02 6.215383820207520671e-02 6.385010034149529723e-02 6.556619664613538845e-02 6.729660006898852131e-02 6.903827545101581808e-02 7.078413359924551340e-02 7.253655975420236768e-02 7.428971775567405622e-02 7.603849608903856527e-02 7.777853490814823356e-02 7.951008176758644908e-02 8.122930940629269347e-02 8.293166234787807678e-02 8.461207449798091584e-02 8.627128556220287070e-02 8.790314990398173656e-02 8.950249841459889666e-02 9.106940326528045748e-02 9.259769874765488851e-02 9.408483997914629526e-02 9.552888158632855120e-02 9.692640557806986301e-02 9.827495389573437379e-02 9.957220780731423915e-02 1.008153043756641054e-01 1.019948514734668743e-01 1.031044488934726999e-01 1.041511668627771448e-01 1.051333311556107430e-01 1.060497679808729554e-01 1.068757023343954726e-01 1.076233416727652159e-01 1.082994429252817081e-01 1.089032891849402995e-01 1.093895581322388288e-01 1.098004081755460382e-01 1.101380813154650973e-01 1.103532161407281276e-01 1.104764290100814783e-01 1.105250585113274342e-01 1.104346925022059445e-01 1.102577504273589692e-01 1.099981990421668998e-01 1.095821184920593439e-01 1.090953529998256455e-01 1.084779114381223541e-01 1.077457419855596399e-01 1.069335155660940950e-01 1.059479607022015824e-01 1.049071750496934907e-01 1.036876396445561843e-01 1.023937094628148969e-01 1.009565600200301727e-01 9.940891021128139826e-02 9.774950180079633455e-02 9.594837445548543009e-02 9.406075040661088238e-02 9.201110427270176029e-02 8.989570066161167716e-02 8.760640495872629163e-02 8.526259446923944996e-02 8.274185272594991591e-02 8.016567037719357636e-02 7.743167358936486888e-02 7.463124895419692706e-02 7.170665932999953363e-02 6.868446597331201442e-02 6.559817209362484025e-02 6.236140745773266492e-02 5.915330109422145544e-02 5.571383807813434785e-02 5.238888663670071555e-02 4.880289236714008272e-02 4.531597127156206106e-02 4.171097615558316818e-02 3.808947614326740894e-02 3.455417630993951050e-02 3.082428481143018040e-02 2.734617960967289374e-02 2.366992355538866111e-02 2.018928459893798433e-02 1.683846927868604126e-02 1.342572975316003170e-02 1.046127583607814326e-02 7.384973718696064005e-03 4.769453751270358310e-03 2.622142897136692241e-03 6.399287864615743615e-04 0.000000000000000000e+00
