1.000000000000000000e+00 9.999599038634294779e-01 9.998396347437993326e-01 9.996392504881583818e-01 9.993588474309851311e-01 9.989985602784675622e-01 9.985585619468553276e-01 9.980390633552501667e-01 9.974403131732954009e-01 9.967625975243268321e-01 9.960062396446450750e-01 9.951715994996650494e-01 9.942590733577887363e-01 9.932690933229375574e-01 9.922021268267702254e-01 9.910586760816881835e-01 9.898392774958130191e-01 9.885445010511986208e-01 9.871749496466013518e-01 9.857312584062087879e-01 9.842140939557787460e-01 9.826241536677040589e-01 9.809621648765662894e-01 9.792288840667863203e-01 9.774250960340254979e-01 9.755516130220230897e-01 9.736092738365873522e-01 9.715989429384825904e-01 9.695215095169755770e-01 9.673778865458163567e-01 9.651690098234447790e-01 9.628958369992076660e-01 9.605593465873804027e-01 9.581605369707785202e-01 9.557004253957289697e-01 9.531800469601655612e-01 9.506004535965821844e-01 9.479627130515640987e-01 9.452679078635813914e-01 9.425171343407001689e-01 9.397115015398326276e-01 9.368521302491038538e-01 9.339401519748744551e-01 9.309767079349116070e-01 9.279629480591499169e-01 9.249000299994373231e-01 9.217891181496057351e-01 9.186313826771480562e-01 9.154279985677329368e-01 9.121801446837227711e-01 9.088890028378044939e-01 9.055557568827840020e-01 9.021815918185244199e-01 8.987676929169572393e-01 8.953152448660238738e-01 8.918254309333468743e-01 8.882994321503625557e-01 8.847384265175928242e-01 8.811435882316573931e-01 8.775160869345828285e-01 8.738570869858889312e-01 8.701677467578825542e-01 8.664492179545261186e-01 8.627026449541901343e-01 8.589291641765458563e-01 8.551299034737951388e-01 8.513059815463833724e-01 8.474585073832920923e-01 8.435885797269534470e-01 8.396972865627824190e-01 8.357857046332801687e-01 8.318548989766119117e-01 8.279059224895249924e-01 8.239398155144302960e-01 8.199576054504343903e-01 8.159603063880701557e-01 8.119489187674456820e-01 8.079244290594917999e-01 8.038878094699674071e-01 7.998400176658468919e-01 7.957819965236904158e-01 7.917146738995821664e-01 7.876389624201818318e-01 7.835557592944395466e-01 7.794659461454813698e-01 7.753703888621796825e-01 7.712699374698914756e-01 7.671654260198440545e-01 7.630576724966365854e-01 7.589474787433144742e-01 7.548356304034683495e-01 7.507228968798023150e-01 7.466100313086139195e-01 7.424977705496222935e-01 7.383868351905846783e-01 7.342779295661321370e-01 7.301717417902702234e-01 7.260689438019747310e-01 7.219701914233356277e-01 7.178761244296852917e-01
9.999599038634294779e-01 1.000000000000000000e+00 9.999599038634294779e-01 9.998396347437993326e-01 9.996392504881583818e-01 9.993588474309851311e-01 9.989985602784675622e-01 9.985585619468553276e-01 9.980390633552501667e-01 9.974403131732954009e-01 9.967625975243268321e-01 9.960062396446450750e-01 9.951715994996650494e-01 9.942590733577887363e-01 9.932690933229375574e-01 9.922021268267702254e-01 9.910586760816881835e-01 9.898392774958130191e-01 9.885445010511986208e-01 9.871749496466013518e-01 9.857312584062087879e-01 9.842140939557787460e-01 9.826241536677040589e-01 9.809621648765662894e-01 9.792288840667863203e-01 9.774250960340254979e-01 9.755516130220230897e-01 9.736092738365873522e-01 9.715989429384825904e-01 9.695215095169755770e-01 9.673778865458163567e-01 9.651690098234447790e-01 9.628958369992076660e-01 9.605593465873804027e-01 9.581605369707785202e-01 9.557004253957289697e-01 9.531800469601655612e-01 9.506004535965821844e-01 9.479627130515640987e-01 9.452679078635813914e-01 9.425171343407001689e-01 9.397115015398326276e-01 9.368521302491038538e-01 9.339401519748744551e-01 9.309767079349118291e-01 9.279629480591499169e-01 9.249000299994373231e-01 9.217891181496055131e-01 9.186313826771480562e-01 9.154279985677329368e-01 9.121801446837227711e-01 9.088890028378044939e-01 9.055557568827840020e-01 9.021815918185244199e-01 8.987676929169571283e-01 8.953152448660239848e-01 8.918254309333467633e-01 8.882994321503625557e-01 8.847384265175927132e-01 8.811435882316573931e-01 8.775160869345828285e-01 8.738570869858889312e-01 8.701677467578825542e-01 8.664492179545261186e-01 8.627026449541901343e-01 8.589291641765458563e-01 8.551299034737951388e-01 8.513059815463831503e-01 8.474585073832920923e-01 8.435885797269534470e-01 8.396972865627824190e-01 8.357857046332801687e-01 8.318548989766119117e-01 8.279059224895247704e-01 8.239398155144302960e-01 8.199576054504343903e-01 8.159603063880701557e-01 8.119489187674454600e-01 8.079244290594916889e-01 8.038878094699675181e-01 7.998400176658466698e-01 7.957819965236905269e-01 7.917146738995820554e-01 7.876389624201819428e-01 7.835557592944393246e-01 7.794659461454813698e-01 7.753703888621796825e-01 7.712699374698914756e-01 7.671654260198440545e-01 7.630576724966365854e-01 7.589474787433144742e-01 7.548356304034683495e-01 7.507228968798024260e-01 7.466100313086138085e-01 7.424977705496224045e-01 7.383868351905845673e-01 7.342779295661322481e-01 7.301717417902701124e-01 7.260689438019748421e-01 7.219701914233355167e-01
9.998396347437993326e-01 9.999599038634294779e-01 1.000000000000000000e+00 9.999599038634294779e-01 9.998396347437993326e-01 9.996392504881583818e-01 9.993588474309853531e-01 9.989985602784675622e-01 9.985585619468553276e-01 9.980390633552501667e-01 9.974403131732954009e-01 9.967625975243268321e-01 9.960062396446450750e-01 9.951715994996650494e-01 9.942590733577887363e-01 9.932690933229375574e-01 9.922021268267702254e-01 9.910586760816881835e-01 9.898392774958130191e-01 9.885445010511986208e-01 9.871749496466013518e-01 9.857312584062087879e-01 9.842140939557787460e-01 9.826241536677040589e-01 9.809621648765662894e-01 9.792288840667863203e-01 9.774250960340254979e-01 9.755516130220230897e-01 9.736092738365873522e-01 9.715989429384825904e-01 9.695215095169755770e-01 9.673778865458163567e-01 9.651690098234447790e-01 9.628958369992076660e-01 9.605593465873804027e-01 9.581605369707785202e-01 9.557004253957289697e-01 9.531800469601655612e-01 9.506004535965821844e-01 9.479627130515640987e-01 9.452679078635813914e-01 9.425171343407001689e-01 9.397115015398326276e-01 9.368521302491038538e-01 9.339401519748744551e-01 9.309767079349116070e-01 9.279629480591499169e-01 9.249000299994373231e-01 9.217891181496055131e-01 9.186313826771480562e-01 9.154279985677329368e-01 9.121801446837227711e-01 9.088890028378044939e-01 9.055557568827840020e-01 9.021815918185244199e-01 8.987676929169572393e-01 8.953152448660238738e-01 8.918254309333468743e-01 8.882994321503625557e-01 8.847384265175928242e-01 8.811435882316573931e-01 8.775160869345828285e-01 8.738570869858889312e-01 8.701677467578825542e-01 8.664492179545261186e-01 8.627026449541901343e-01 8.589291641765458563e-01 8.551299034737951388e-01 8.513059815463833724e-01 8.474585073832920923e-01 8.435885797269534470e-01 8.396972865627824190e-01 8.357857046332801687e-01 8.318548989766119117e-01 8.279059224895249924e-01 8.239398155144302960e-01 8.199576054504343903e-01 8.159603063880701557e-01 8.119489187674454600e-01 8.079244290594917999e-01 8.038878094699674071e-01 7.998400176658468919e-01 7.957819965236904158e-01 7.917146738995821664e-01 7.876389624201818318e-01 7.835557592944395466e-01 7.794659461454813698e-01 7.753703888621796825e-01 7.712699374698914756e-01 7.671654260198440545e-01 7.630576724966365854e-01 7.589474787433144742e-01 7.548356304034683495e-01 7.507228968798023150e-01 7.466100313086139195e-01 7.424977705496222935e-01 7.383868351905846783e-01 7.342779295661321370e-01 7.301717417902702234e-01 7.260689438019747310e-01
9.996392504881583818e-01 9.998396347437993326e-01 9.999599038634294779e-01 1.000000000000000000e+00 9.999599038634294779e-01 9.998396347437993326e-01 9.996392504881583818e-01 9.993588474309853531e-01 9.989985602784675622e-01 9.985585619468553276e-01 9.980390633552501667e-01 9.974403131732954009e-01 9.967625975243268321e-01 9.960062396446450750e-01 9.951715994996650494e-01 9.942590733577887363e-01 9.932690933229375574e-01 9.922021268267702254e-01 9.910586760816881835e-01 9.898392774958130191e-01 9.885445010511986208e-01 9.871749496466013518e-01 9.857312584062087879e-01 9.842140939557787460e-01 9.826241536677040589e-01 9.809621648765662894e-01 9.792288840667863203e-01 9.774250960340254979e-01 9.755516130220230897e-01 9.736092738365873522e-01 9.715989429384825904e-01 9.695215095169755770e-01 9.673778865458163567e-01 9.651690098234447790e-01 9.628958369992076660e-01 9.605593465873804027e-01 9.581605369707785202e-01 9.557004253957289697e-01 9.531800469601655612e-01 9.506004535965821844e-01 9.479627130515640987e-01 9.452679078635813914e-01 9.425171343407001689e-01 9.397115015398326276e-01 9.368521302491038538e-01 9.339401519748744551e-01 9.309767079349118291e-01 9.279629480591499169e-01 9.249000299994373231e-01 9.217891181496055131e-01 9.186313826771480562e-01 9.154279985677329368e-01 9.121801446837227711e-01 9.088890028378044939e-01 9.055557568827840020e-01 9.021815918185244199e-01 8.987676929169571283e-01 8.953152448660239848e-01 8.918254309333467633e-01 8.882994321503625557e-01 8.847384265175927132e-01 8.811435882316573931e-01 8.775160869345828285e-01 8.738570869858889312e-01 8.701677467578825542e-01 8.664492179545260075e-01 8.627026449541901343e-01 8.589291641765458563e-01 8.551299034737951388e-01 8.513059815463831503e-01 8.474585073832920923e-01 8.435885797269534470e-01 8.396972865627824190e-01 8.357857046332801687e-01 8.318548989766119117e-01 8.279059224895247704e-01 8.239398155144302960e-01 8.199576054504343903e-01 8.159603063880701557e-01 8.119489187674454600e-01 8.079244290594916889e-01 8.038878094699675181e-01 7.998400176658466698e-01 7.957819965236905269e-01 7.917146738995820554e-01 7.876389624201819428e-01 7.835557592944393246e-01 7.794659461454813698e-01 7.753703888621796825e-01 7.712699374698914756e-01 7.671654260198440545e-01 7.630576724966365854e-01 7.589474787433144742e-01 7.548356304034683495e-01 7.507228968798024260e-01 7.466100313086138085e-01 7.424977705496224045e-01 7.383868351905845673e-01 7.342779295661322481e-01 7.301717417902701124e-01
9.993588474309851311e-01 9.996392504881583818e-01 9.998396347437993326e-01 9.999599038634294779e-01 1.000000000000000000e+00 9.999599038634294779e-01 9.998396347437993326e-01 9.996392504881583818e-01 9.993588474309853531e-01 9.989985602784675622e-01 9.985585619468553276e-01 9.980390633552501667e-01 9.974403131732954009e-01 9.967625975243268321e-01 9.960062396446450750e-01 9.951715994996650494e-01 9.942590733577887363e-01 9.932690933229375574e-01 9.922021268267702254e-01 9.910586760816881835e-01 9.898392774958130191e-01 9.885445010511986208e-01 9.871749496466013518e-01 9.857312584062087879e-01 9.842140939557787460e-01 9.826241536677040589e-01 9.809621648765662894e-01 9.792288840667863203e-01 9.774250960340254979e-01 9.755516130220230897e-01 9.736092738365873522e-01 9.715989429384825904e-01 9.695215095169755770e-01 9.673778865458163567e-01 9.651690098234447790e-01 9.628958369992076660e-01 9.605593465873804027e-01 9.581605369707785202e-01 9.557004253957289697e-01 9.531800469601655612e-01 9.506004535965821844e-01 9.479627130515642097e-01 9.452679078635813914e-01 9.425171343407001689e-01 9.397115015398326276e-01 9.368521302491038538e-01 9.339401519748746772e-01 9.309767079349118291e-01 9.279629480591499169e-01 9.249000299994373231e-01 9.217891181496055131e-01 9.186313826771480562e-01 9.154279985677329368e-01 9.121801446837227711e-01 9.088890028378044939e-01 9.055557568827840020e-01 9.021815918185244199e-01 8.987676929169572393e-01 8.953152448660238738e-01 8.918254309333468743e-01 8.882994321503625557e-01 8.847384265175928242e-01 8.811435882316573931e-01 8.775160869345828285e-01 8.738570869858889312e-01 8.701677467578825542e-01 8.664492179545261186e-01 8.627026449541901343e-01 8.589291641765459673e-01 8.551299034737951388e-01 8.513059815463833724e-01 8.474585073832920923e-01 8.435885797269536690e-01 8.396972865627824190e-01 8.357857046332801687e-01 8.318548989766119117e-01 8.279059224895249924e-01 8.239398155144302960e-01 8.199576054504343903e-01 8.159603063880701557e-01 8.119489187674454600e-01 8.079244290594917999e-01 8.038878094699675181e-01 7.998400176658468919e-01 7.957819965236905269e-01 7.917146738995821664e-01 7.876389624201819428e-01 7.835557592944395466e-01 7.794659461454813698e-01 7.753703888621797935e-01 7.712699374698914756e-01 7.671654260198440545e-01 7.630576724966365854e-01 7.589474787433144742e-01 7.548356304034684605e-01 7.507228968798024260e-01 7.466100313086139195e-01 7.424977705496224045e-01 7.383868351905846783e-01 7.342779295661322481e-01
9.989985602784675622e-01 9.993588474309851311e-01 9.996392504881583818e-01 9.998396347437993326e-01 9.999599038634294779e-01 1.000000000000000000e+00 9.999599038634294779e-01 9.998396347437993326e-01 9.996392504881583818e-01 9.993588474309853531e-01 9.989985602784675622e-01 9.985585619468553276e-01 9.980390633552501667e-01 9.974403131732954009e-01 9.967625975243268321e-01 9.960062396446450750e-01 9.951715994996650494e-01 9.942590733577887363e-01 9.932690933229375574e-01 9.922021268267702254e-01 9.910586760816881835e-01 9.898392774958130191e-01 9.885445010511986208e-01 9.871749496466013518e-01 9.857312584062087879e-01 9.842140939557787460e-01 9.826241536677040589e-01 9.809621648765662894e-01 9.792288840667863203e-01 9.774250960340254979e-01 9.755516130220230897e-01 9.736092738365873522e-01 9.715989429384825904e-01 9.695215095169755770e-01 9.673778865458163567e-01 9.651690098234447790e-01 9.628958369992076660e-01 9.605593465873804027e-01 9.581605369707785202e-01 9.557004253957289697e-01 9.531800469601655612e-01 9.506004535965821844e-01 9.479627130515642097e-01 9.452679078635813914e-01 9.425171343407001689e-01 9.397115015398326276e-01 9.368521302491038538e-01 9.339401519748744551e-01 9.309767079349118291e-01 9.279629480591499169e-01 9.249000299994373231e-01 9.217891181496055131e-01 9.186313826771480562e-01 9.154279985677329368e-01 9.121801446837227711e-01 9.088890028378047159e-01 9.055557568827840020e-01 9.021815918185244199e-01 8.987676929169572393e-01 8.953152448660239848e-01 8.918254309333467633e-01 8.882994321503627777e-01 8.847384265175927132e-01 8.811435882316573931e-01 8.775160869345828285e-01 8.738570869858887091e-01 8.701677467578825542e-01 8.664492179545260075e-01 8.627026449541901343e-01 8.589291641765458563e-01 8.551299034737951388e-01 8.513059815463831503e-01 8.474585073832920923e-01 8.435885797269534470e-01 8.396972865627824190e-01 8.357857046332801687e-01 8.318548989766119117e-01 8.279059224895247704e-01 8.239398155144301850e-01 8.199576054504343903e-01 8.159603063880701557e-01 8.119489187674454600e-01 8.079244290594916889e-01 8.038878094699675181e-01 7.998400176658466698e-01 7.957819965236905269e-01 7.917146738995820554e-01 7.876389624201819428e-01 7.835557592944393246e-01 7.794659461454813698e-01 7.753703888621796825e-01 7.712699374698914756e-01 7.671654260198440545e-01 7.630576724966365854e-01 7.589474787433144742e-01 7.548356304034683495e-01 7.507228968798024260e-01 7.466100313086138085e-01 7.424977705496224045e-01 7.383868351905845673e-01
9.985585619468553276e-01 9.989985602784675622e-01 9.993588474309853531e-01 9.996392504881583818e-01 9.998396347437993326e-01 9.999599038634294779e-01 1.000000000000000000e+00 9.999599038634294779e-01 9.998396347437993326e-01 9.996392504881583818e-01 9.993588474309851311e-01 9.989985602784675622e-01 9.985585619468553276e-01 9.980390633552501667e-01 9.974403131732954009e-01 9.967625975243268321e-01 9.960062396446450750e-01 9.951715994996650494e-01 9.942590733577887363e-01 9.932690933229375574e-01 9.922021268267702254e-01 9.910586760816881835e-01 9.898392774958130191e-01 9.885445010511986208e-01 9.871749496466013518e-01 9.857312584062087879e-01 9.842140939557787460e-01 9.826241536677040589e-01 9.809621648765662894e-01 9.792288840667863203e-01 9.774250960340254979e-01 9.755516130220230897e-01 9.736092738365873522e-01 9.715989429384825904e-01 9.695215095169755770e-01 9.673778865458163567e-01 9.651690098234447790e-01 9.628958369992076660e-01 9.605593465873804027e-01 9.581605369707785202e-01 9.557004253957289697e-01 9.531800469601655612e-01 9.506004535965821844e-01 9.479627130515640987e-01 9.452679078635813914e-01 9.425171343407001689e-01 9.397115015398326276e-01 9.368521302491038538e-01 9.339401519748744551e-01 9.309767079349118291e-01 9.279629480591499169e-01 9.249000299994373231e-01 9.217891181496055131e-01 9.186313826771480562e-01 9.154279985677329368e-01 9.121801446837227711e-01 9.088890028378044939e-01 9.055557568827840020e-01 9.021815918185244199e-01 8.987676929169572393e-01 8.953152448660238738e-01 8.918254309333468743e-01 8.882994321503625557e-01 8.847384265175928242e-01 8.811435882316573931e-01 8.775160869345828285e-01 8.738570869858889312e-01 8.701677467578825542e-01 8.664492179545261186e-01 8.627026449541901343e-01 8.589291641765459673e-01 8.551299034737951388e-01 8.513059815463833724e-01 8.474585073832920923e-01 8.435885797269536690e-01 8.396972865627824190e-01 8.357857046332801687e-01 8.318548989766119117e-01 8.279059224895247704e-01 8.239398155144302960e-01 8.199576054504343903e-01 8.159603063880701557e-01 8.119489187674454600e-01 8.079244290594917999e-01 8.038878094699675181e-01 7.998400176658468919e-01 7.957819965236905269e-01 7.917146738995821664e-01 7.876389624201819428e-01 7.835557592944395466e-01 7.794659461454813698e-01 7.753703888621796825e-01 7.712699374698914756e-01 7.671654260198440545e-01 7.630576724966365854e-01 7.589474787433144742e-01 7.548356304034684605e-01 7.507228968798024260e-01 7.466100313086139195e-01 7.424977705496224045e-01
9.980390633552501667e-01 9.985585619468553276e-01 9.989985602784675622e-01 9.993588474309853531e-01 9.996392504881583818e-01 9.998396347437993326e-01 9.999599038634294779e-01 1.000000000000000000e+00 9.999599038634294779e-01 9.998396347437993326e-01 9.996392504881583818e-01 9.993588474309851311e-01 9.989985602784675622e-01 9.985585619468553276e-01 9.980390633552501667e-01 9.974403131732954009e-01 9.967625975243268321e-01 9.960062396446450750e-01 9.951715994996650494e-01 9.942590733577887363e-01 9.932690933229375574e-01 9.922021268267702254e-01 9.910586760816881835e-01 9.898392774958130191e-01 9.885445010511986208e-01 9.871749496466013518e-01 9.857312584062087879e-01 9.842140939557787460e-01 9.826241536677040589e-01 9.809621648765662894e-01 9.792288840667863203e-01 9.774250960340254979e-01 9.755516130220230897e-01 9.736092738365873522e-01 9.715989429384825904e-01 9.695215095169755770e-01 9.673778865458163567e-01 9.651690098234447790e-01 9.628958369992076660e-01 9.605593465873804027e-01 9.581605369707785202e-01 9.557004253957289697e-01 9.531800469601655612e-01 9.506004535965821844e-01 9.479627130515642097e-01 9.452679078635813914e-01 9.425171343407001689e-01 9.397115015398326276e-01 9.368521302491038538e-01 9.339401519748744551e-01 9.309767079349118291e-01 9.279629480591499169e-01 9.249000299994373231e-01 9.217891181496055131e-01 9.186313826771480562e-01 9.154279985677329368e-01 9.121801446837227711e-01 9.088890028378047159e-01 9.055557568827840020e-01 9.021815918185244199e-01 8.987676929169572393e-01 8.953152448660239848e-01 8.918254309333467633e-01 8.882994321503627777e-01 8.847384265175927132e-01 8.811435882316572821e-01 8.775160869345828285e-01 8.738570869858887091e-01 8.701677467578825542e-01 8.664492179545260075e-01 8.627026449541901343e-01 8.589291641765458563e-01 8.551299034737951388e-01 8.513059815463831503e-01 8.474585073832920923e-01 8.435885797269534470e-01 8.396972865627824190e-01 8.357857046332801687e-01 8.318548989766118007e-01 8.279059224895247704e-01 8.239398155144301850e-01 8.199576054504343903e-01 8.159603063880701557e-01 8.119489187674454600e-01 8.079244290594916889e-01 8.038878094699675181e-01 7.998400176658466698e-01 7.957819965236905269e-01 7.917146738995820554e-01 7.876389624201819428e-01 7.835557592944393246e-01 7.794659461454812588e-01 7.753703888621796825e-01 7.712699374698914756e-01 7.671654260198440545e-01 7.630576724966365854e-01 7.589474787433144742e-01 7.548356304034683495e-01 7.507228968798024260e-01 7.466100313086138085e-01
9.974403131732954009e-01 9.980390633552501667e-01 9.985585619468553276e-01 9.989985602784675622e-01 9.993588474309853531e-01 9.996392504881583818e-01 9.998396347437993326e-01 9.999599038634294779e-01 1.000000000000000000e+00 9.999599038634294779e-01 9.998396347437993326e-01 9.996392504881583818e-01 9.993588474309851311e-01 9.989985602784675622e-01 9.985585619468553276e-01 9.980390633552501667e-01 9.974403131732954009e-01 9.967625975243268321e-01 9.960062396446450750e-01 9.951715994996650494e-01 9.942590733577887363e-01 9.932690933229375574e-01 9.922021268267702254e-01 9.910586760816881835e-01 9.898392774958130191e-01 9.885445010511986208e-01 9.871749496466013518e-01 9.857312584062087879e-01 9.842140939557787460e-01 9.826241536677040589e-01 9.809621648765662894e-01 9.792288840667863203e-01 9.774250960340254979e-01 9.755516130220230897e-01 9.736092738365873522e-01 9.715989429384825904e-01 9.695215095169755770e-01 9.673778865458163567e-01 9.651690098234447790e-01 9.628958369992076660e-01 9.605593465873804027e-01 9.581605369707785202e-01 9.557004253957289697e-01 9.531800469601655612e-01 9.506004535965821844e-01 9.479627130515640987e-01 9.452679078635813914e-01 9.425171343407001689e-01 9.397115015398326276e-01 9.368521302491038538e-01 9.339401519748744551e-01 9.309767079349118291e-01 9.279629480591499169e-01 9.249000299994373231e-01 9.217891181496055131e-01 9.186313826771480562e-01 9.154279985677329368e-01 9.121801446837227711e-01 9.088890028378044939e-01 9.055557568827840020e-01 9.021815918185244199e-01 8.987676929169572393e-01 8.953152448660238738e-01 8.918254309333468743e-01 8.882994321503625557e-01 8.847384265175927132e-01 8.811435882316573931e-01 8.775160869345828285e-01 8.738570869858889312e-01 8.701677467578825542e-01 8.664492179545261186e-01 8.627026449541901343e-01 8.589291641765459673e-01 8.551299034737951388e-01 8.513059815463833724e-01 8.474585073832920923e-01 8.435885797269536690e-01 8.396972865627824190e-01 8.357857046332801687e-01 8.318548989766119117e-01 8.279059224895247704e-01 8.239398155144302960e-01 8.199576054504343903e-01 8.159603063880701557e-01 8.119489187674454600e-01 8.079244290594917999e-01 8.038878094699675181e-01 7.998400176658468919e-01 7.957819965236905269e-01 7.917146738995821664e-01 7.876389624201819428e-01 7.835557592944393246e-01 7.794659461454813698e-01 7.753703888621796825e-01 7.712699374698914756e-01 7.671654260198440545e-01 7.630576724966365854e-01 7.589474787433144742e-01 7.548356304034684605e-01 7.507228968798024260e-01
9.967625975243268321e-01 9.974403131732954009e-01 9.980390633552501667e-01 9.985585619468553276e-01 9.989985602784675622e-01 9.993588474309853531e-01 9.996392504881583818e-01 9.998396347437993326e-01 9.999599038634294779e-01 1.000000000000000000e+00 9.999599038634294779e-01 9.998396347437993326e-01 9.996392504881583818e-01 9.993588474309853531e-01 9.989985602784675622e-01 9.985585619468553276e-01 9.980390633552501667e-01 9.974403131732954009e-01 9.967625975243268321e-01 9.960062396446450750e-01 9.951715994996650494e-01 9.942590733577887363e-01 9.932690933229375574e-01 9.922021268267702254e-01 9.910586760816881835e-01 9.898392774958130191e-01 9.885445010511986208e-01 9.871749496466013518e-01 9.857312584062087879e-01 9.842140939557787460e-01 9.826241536677040589e-01 9.809621648765662894e-01 9.792288840667863203e-01 9.774250960340254979e-01 9.755516130220230897e-01 9.736092738365873522e-01 9.715989429384825904e-01 9.695215095169755770e-01 9.673778865458163567e-01 9.651690098234447790e-01 9.628958369992076660e-01 9.605593465873804027e-01 9.581605369707785202e-01 9.557004253957289697e-01 9.531800469601655612e-01 9.506004535965821844e-01 9.479627130515642097e-01 9.452679078635813914e-01 9.425171343407001689e-01 9.397115015398326276e-01 9.368521302491038538e-01 9.339401519748744551e-01 9.309767079349118291e-01 9.279629480591499169e-01 9.249000299994373231e-01 9.217891181496057351e-01 9.186313826771480562e-01 9.154279985677329368e-01 9.121801446837227711e-01 9.088890028378047159e-01 9.055557568827840020e-01 9.021815918185244199e-01 8.987676929169572393e-01 8.953152448660239848e-01 8.918254309333468743e-01 8.882994321503625557e-01 8.847384265175928242e-01 8.811435882316573931e-01 8.775160869345828285e-01 8.738570869858889312e-01 8.701677467578825542e-01 8.664492179545261186e-01 8.627026449541901343e-01 8.589291641765458563e-01 8.551299034737951388e-01 8.513059815463833724e-01 8.474585073832923143e-01 8.435885797269534470e-01 8.396972865627824190e-01 8.357857046332801687e-01 8.318548989766119117e-01 8.279059224895249924e-01 8.239398155144302960e-01 8.199576054504343903e-01 8.159603063880701557e-01 8.119489187674456820e-01 8.079244290594917999e-01 8.038878094699675181e-01 7.998400176658468919e-01 7.957819965236907489e-01 7.917146738995821664e-01 7.876389624201818318e-01 7.835557592944395466e-01 7.794659461454813698e-01 7.753703888621796825e-01 7.712699374698914756e-01 7.671654260198440545e-01 7.630576724966365854e-01 7.589474787433144742e-01 7.548356304034683495e-01
9.960062396446450750e-01 9.967625975243268321e-01 9.974403131732954009e-01 9.980390633552501667e-01 9.985585619468553276e-01 9.989985602784675622e-01 9.993588474309851311e-01 9.996392504881583818e-01 9.998396347437993326e-01 9.999599038634294779e-01 1.000000000000000000e+00 9.999599038634294779e-01 9.998396347437993326e-01 9.996392504881583818e-01 9.993588474309853531e-01 9.989985602784675622e-01 9.985585619468553276e-01 9.980390633552501667e-01 9.974403131732954009e-01 9.967625975243268321e-01 9.960062396446450750e-01 9.951715994996650494e-01 9.942590733577887363e-01 9.932690933229375574e-01 9.922021268267702254e-01 9.910586760816881835e-01 9.898392774958130191e-01 9.885445010511986208e-01 9.871749496466013518e-01 9.857312584062087879e-01 9.842140939557787460e-01 9.826241536677040589e-01 9.809621648765662894e-01 9.792288840667863203e-01 9.774250960340254979e-01 9.755516130220230897e-01 9.736092738365873522e-01 9.715989429384825904e-01 9.695215095169755770e-01 9.673778865458163567e-01 9.651690098234447790e-01 9.628958369992076660e-01 9.605593465873804027e-01 9.581605369707785202e-01 9.557004253957289697e-01 9.531800469601655612e-01 9.506004535965821844e-01 9.479627130515640987e-01 9.452679078635813914e-01 9.425171343407001689e-01 9.397115015398326276e-01 9.368521302491038538e-01 9.339401519748744551e-01 9.309767079349118291e-01 9.279629480591499169e-01 9.249000299994373231e-01 9.217891181496055131e-01 9.186313826771480562e-01 9.154279985677329368e-01 9.121801446837227711e-01 9.088890028378044939e-01 9.055557568827840020e-01 9.021815918185244199e-01 8.987676929169572393e-01 8.953152448660239848e-01 8.918254309333467633e-01 8.882994321503625557e-01 8.847384265175927132e-01 8.811435882316573931e-01 8.775160869345828285e-01 8.738570869858889312e-01 8.701677467578825542e-01 8.664492179545261186e-01 8.627026449541901343e-01 8.589291641765459673e-01 8.551299034737951388e-01 8.513059815463833724e-01 8.474585073832920923e-01 8.435885797269534470e-01 8.396972865627824190e-01 8.357857046332801687e-01 8.318548989766119117e-01 8.279059224895247704e-01 8.239398155144302960e-01 8.199576054504343903e-01 8.159603063880701557e-01 8.119489187674454600e-01 8.079244290594917999e-01 8.038878094699675181e-01 7.998400176658468919e-01 7.957819965236905269e-01 7.917146738995820554e-01 7.876389624201819428e-01 7.835557592944393246e-01 7.794659461454813698e-01 7.753703888621796825e-01 7.712699374698914756e-01 7.671654260198440545e-01 7.630576724966365854e-01 7.589474787433144742e-01
9.951715994996650494e-01 9.960062396446450750e-01 9.967625975243268321e-01 9.974403131732954009e-01 9.980390633552501667e-01 9.985585619468553276e-01 9.989985602784675622e-01 9.993588474309851311e-01 9.996392504881583818e-01 9.998396347437993326e-01 9.999599038634294779e-01 1.000000000000000000e+00 9.999599038634294779e-01 9.998396347437993326e-01 9.996392504881583818e-01 9.993588474309853531e-01 9.989985602784675622e-01 9.985585619468553276e-01 9.980390633552501667e-01 9.974403131732954009e-01 9.967625975243268321e-01 9.960062396446450750e-01 9.951715994996650494e-01 9.942590733577887363e-01 9.932690933229375574e-01 9.922021268267702254e-01 9.910586760816881835e-01 9.898392774958130191e-01 9.885445010511986208e-01 9.871749496466013518e-01 9.857312584062087879e-01 9.842140939557787460e-01 9.826241536677040589e-01 9.809621648765662894e-01 9.792288840667863203e-01 9.774250960340254979e-01 9.755516130220230897e-01 9.736092738365873522e-01 9.715989429384825904e-01 9.695215095169755770e-01 9.673778865458163567e-01 9.651690098234447790e-01 9.628958369992076660e-01 9.605593465873804027e-01 9.581605369707785202e-01 9.557004253957289697e-01 9.531800469601655612e-01 9.506004535965821844e-01 9.479627130515640987e-01 9.452679078635813914e-01 9.425171343407001689e-01 9.397115015398326276e-01 9.368521302491038538e-01 9.339401519748744551e-01 9.309767079349116070e-01 9.279629480591499169e-01 9.249000299994373231e-01 9.217891181496057351e-01 9.186313826771480562e-01 9.154279985677329368e-01 9.121801446837227711e-01 9.088890028378047159e-01 9.055557568827840020e-01 9.021815918185244199e-01 8.987676929169572393e-01 8.953152448660238738e-01 8.918254309333468743e-01 8.882994321503625557e-01 8.847384265175928242e-01 8.811435882316573931e-01 8.775160869345828285e-01 8.738570869858889312e-01 8.701677467578825542e-01 8.664492179545261186e-01 8.627026449541901343e-01 8.589291641765458563e-01 8.551299034737951388e-01 8.513059815463833724e-01 8.474585073832920923e-01 8.435885797269534470e-01 8.396972865627824190e-01 8.357857046332801687e-01 8.318548989766119117e-01 8.279059224895249924e-01 8.239398155144302960e-01 8.199576054504343903e-01 8.159603063880701557e-01 8.119489187674456820e-01 8.079244290594917999e-01 8.038878094699675181e-01 7.998400176658468919e-01 7.957819965236904158e-01 7.917146738995821664e-01 7.876389624201818318e-01 7.835557592944395466e-01 7.794659461454813698e-01 7.753703888621796825e-01 7.712699374698914756e-01 7.671654260198440545e-01 7.630576724966365854e-01
9.942590733577887363e-01 9.951715994996650494e-01 9.960062396446450750e-01 9.967625975243268321e-01 9.974403131732954009e-01 9.980390633552501667e-01 9.985585619468553276e-01 9.989985602784675622e-01 9.993588474309851311e-01 9.996392504881583818e-01 9.998396347437993326e-01 9.999599038634294779e-01 1.000000000000000000e+00 9.999599038634294779e-01 9.998396347437993326e-01 9.996392504881583818e-01 9.993588474309853531e-01 9.989985602784675622e-01 9.985585619468553276e-01 9.980390633552501667e-01 9.974403131732954009e-01 9.967625975243268321e-01 9.960062396446450750e-01 9.951715994996650494e-01 9.942590733577887363e-01 9.932690933229375574e-01 9.922021268267702254e-01 9.910586760816881835e-01 9.898392774958130191e-01 9.885445010511986208e-01 9.871749496466013518e-01 9.857312584062087879e-01 9.842140939557787460e-01 9.826241536677040589e-01 9.809621648765662894e-01 9.792288840667863203e-01 9.774250960340254979e-01 9.755516130220230897e-01 9.736092738365873522e-01 9.715989429384825904e-01 9.695215095169755770e-01 9.673778865458163567e-01 9.651690098234447790e-01 9.628958369992076660e-01 9.605593465873804027e-01 9.581605369707785202e-01 9.557004253957289697e-01 9.531800469601655612e-01 9.506004535965821844e-01 9.479627130515640987e-01 9.452679078635813914e-01 9.425171343407001689e-01 9.397115015398326276e-01 9.368521302491038538e-01 9.339401519748744551e-01 9.309767079349118291e-01 9.279629480591499169e-01 9.249000299994373231e-01 9.217891181496055131e-01 9.186313826771480562e-01 9.154279985677329368e-01 9.121801446837227711e-01 9.088890028378044939e-01 9.055557568827840020e-01 9.021815918185244199e-01 8.987676929169571283e-01 8.953152448660239848e-01 8.918254309333467633e-01 8.882994321503625557e-01 8.847384265175927132e-01 8.811435882316573931e-01 8.775160869345828285e-01 8.738570869858889312e-01 8.701677467578825542e-01 8.664492179545261186e-01 8.627026449541901343e-01 8.589291641765459673e-01 8.551299034737951388e-01 8.513059815463831503e-01 8.474585073832920923e-01 8.435885797269534470e-01 8.396972865627824190e-01 8.357857046332801687e-01 8.318548989766119117e-01 8.279059224895247704e-01 8.239398155144302960e-01 8.199576054504343903e-01 8.159603063880701557e-01 8.119489187674454600e-01 8.079244290594917999e-01 8.038878094699675181e-01 7.998400176658466698e-01 7.957819965236905269e-01 7.917146738995820554e-01 7.876389624201819428e-01 7.835557592944393246e-01 7.794659461454813698e-01 7.753703888621796825e-01 7.712699374698914756e-01 7.671654260198440545e-01
9.932690933229375574e-01 9.942590733577887363e-01 9.951715994996650494e-01 9.960062396446450750e-01 9.967625975243268321e-01 9.974403131732954009e-01 9.980390633552501667e-01 9.985585619468553276e-01 9.989985602784675622e-01 9.993588474309853531e-01 9.996392504881583818e-01 9.998396347437993326e-01 9.999599038634294779e-01 1.000000000000000000e+00 9.999599038634294779e-01 9.998396347437993326e-01 9.996392504881583818e-01 9.993588474309853531e-01 9.989985602784675622e-01 9.985585619468553276e-01 9.980390633552501667e-01 9.974403131732954009e-01 9.967625975243268321e-01 9.960062396446450750e-01 9.951715994996650494e-01 9.942590733577887363e-01 9.932690933229375574e-01 9.922021268267702254e-01 9.910586760816881835e-01 9.898392774958130191e-01 9.885445010511986208e-01 9.871749496466013518e-01 9.857312584062087879e-01 9.842140939557787460e-01 9.826241536677040589e-01 9.809621648765662894e-01 9.792288840667863203e-01 9.774250960340254979e-01 9.755516130220230897e-01 9.736092738365873522e-01 9.715989429384825904e-01 9.695215095169755770e-01 9.673778865458163567e-01 9.651690098234447790e-01 9.628958369992076660e-01 9.605593465873804027e-01 9.581605369707785202e-01 9.557004253957289697e-01 9.531800469601655612e-01 9.506004535965821844e-01 9.479627130515640987e-01 9.452679078635813914e-01 9.425171343407001689e-01 9.397115015398326276e-01 9.368521302491038538e-01 9.339401519748744551e-01 9.309767079349116070e-01 9.279629480591499169e-01 9.249000299994373231e-01 9.217891181496057351e-01 9.186313826771480562e-01 9.154279985677329368e-01 9.121801446837227711e-01 9.088890028378047159e-01 9.055557568827840020e-01 9.021815918185244199e-01 8.987676929169572393e-01 8.953152448660238738e-01 8.918254309333468743e-01 8.882994321503625557e-01 8.847384265175928242e-01 8.811435882316573931e-01 8.775160869345828285e-01 8.738570869858889312e-01 8.701677467578825542e-01 8.664492179545261186e-01 8.627026449541901343e-01 8.589291641765458563e-01 8.551299034737951388e-01 8.513059815463833724e-01 8.474585073832920923e-01 8.435885797269534470e-01 8.396972865627824190e-01 8.357857046332801687e-01 8.318548989766119117e-01 8.279059224895249924e-01 8.239398155144302960e-01 8.199576054504343903e-01 8.159603063880701557e-01 8.119489187674456820e-01 8.079244290594917999e-01 8.038878094699674071e-01 7.998400176658468919e-01 7.957819965236904158e-01 7.917146738995821664e-01 7.876389624201818318e-01 7.835557592944395466e-01 7.794659461454813698e-01 7.753703888621796825e-01 7.712699374698914756e-01
9.922021268267702254e-01 9.932690933229375574e-01 9.942590733577887363e-01 9.951715994996650494e-01 9.960062396446450750e-01 9.967625975243268321e-01 9.974403131732954009e-01 9.980390633552501667e-01 9.985585619468553276e-01 9.989985602784675622e-01 9.993588474309853531e-01 9.996392504881583818e-01 9.998396347437993326e-01 9.999599038634294779e-01 1.000000000000000000e+00 9.999599038634294779e-01 9.998396347437993326e-01 9.996392504881583818e-01 9.993588474309851311e-01 9.989985602784675622e-01 9.985585619468553276e-01 9.980390633552501667e-01 9.974403131732954009e-01 9.967625975243268321e-01 9.960062396446450750e-01 9.951715994996650494e-01 9.942590733577887363e-01 9.932690933229375574e-01 9.922021268267702254e-01 9.910586760816881835e-01 9.898392774958130191e-01 9.885445010511986208e-01 9.871749496466013518e-01 9.857312584062087879e-01 9.842140939557787460e-01 9.826241536677040589e-01 9.809621648765662894e-01 9.792288840667863203e-01 9.774250960340254979e-01 9.755516130220230897e-01 9.736092738365873522e-01 9.715989429384825904e-01 9.695215095169755770e-01 9.673778865458163567e-01 9.651690098234447790e-01 9.628958369992076660e-01 9.605593465873804027e-01 9.581605369707785202e-01 9.557004253957289697e-01 9.531800469601655612e-01 9.506004535965821844e-01 9.479627130515640987e-01 9.452679078635813914e-01 9.425171343407001689e-01 9.397115015398326276e-01 9.368521302491038538e-01 9.339401519748744551e-01 9.309767079349118291e-01 9.279629480591499169e-01 9.249000299994373231e-01 9.217891181496055131e-01 9.186313826771480562e-01 9.154279985677329368e-01 9.121801446837227711e-01 9.088890028378044939e-01 9.055557568827840020e-01 9.021815918185244199e-01 8.987676929169571283e-01 8.953152448660239848e-01 8.918254309333467633e-01 8.882994321503625557e-01 8.847384265175927132e-01 8.811435882316573931e-01 8.775160869345828285e-01 8.738570869858889312e-01 8.701677467578825542e-01 8.664492179545261186e-01 8.627026449541901343e-01 8.589291641765458563e-01 8.551299034737951388e-01 8.513059815463831503e-01 8.474585073832920923e-01 8.435885797269534470e-01 8.396972865627824190e-01 8.357857046332801687e-01 8.318548989766119117e-01 8.279059224895247704e-01 8.239398155144302960e-01 8.199576054504343903e-01 8.159603063880701557e-01 8.119489187674454600e-01 8.079244290594916889e-01 8.038878094699675181e-01 7.998400176658466698e-01 7.957819965236905269e-01 7.917146738995820554e-01 7.876389624201819428e-01 7.835557592944393246e-01 7.794659461454813698e-01 7.753703888621796825e-01
9.910586760816881835e-01 9.922021268267702254e-01 9.932690933229375574e-01 9.942590733577887363e-01 9.951715994996650494e-01 9.960062396446450750e-01 9.967625975243268321e-01 9.974403131732954009e-01 9.980390633552501667e-01 9.985585619468553276e-01 9.989985602784675622e-01 9.993588474309853531e-01 9.996392504881583818e-01 9.998396347437993326e-01 9.999599038634294779e-01 1.000000000000000000e+00 9.999599038634294779e-01 9.998396347437993326e-01 9.996392504881583818e-01 9.993588474309851311e-01 9.989985602784675622e-01 9.985585619468553276e-01 9.980390633552501667e-01 9.974403131732954009e-01 9.967625975243268321e-01 9.960062396446450750e-01 9.951715994996650494e-01 9.942590733577887363e-01 9.932690933229375574e-01 9.922021268267702254e-01 9.910586760816881835e-01 9.898392774958130191e-01 9.885445010511986208e-01 9.871749496466013518e-01 9.857312584062087879e-01 9.842140939557787460e-01 9.826241536677040589e-01 9.809621648765662894e-01 9.792288840667863203e-01 9.774250960340254979e-01 9.755516130220230897e-01 9.736092738365873522e-01 9.715989429384825904e-01 9.695215095169753550e-01 9.673778865458163567e-01 9.651690098234447790e-01 9.628958369992076660e-01 9.605593465873804027e-01 9.581605369707785202e-01 9.557004253957289697e-01 9.531800469601655612e-01 9.506004535965821844e-01 9.479627130515640987e-01 9.452679078635813914e-01 9.425171343407001689e-01 9.397115015398326276e-01 9.368521302491038538e-01 9.339401519748744551e-01 9.309767079349116070e-01 9.279629480591499169e-01 9.249000299994373231e-01 9.217891181496057351e-01 9.186313826771480562e-01 9.154279985677329368e-01 9.121801446837227711e-01 9.088890028378044939e-01 9.055557568827840020e-01 9.021815918185244199e-01 8.987676929169572393e-01 8.953152448660238738e-01 8.918254309333468743e-01 8.882994321503625557e-01 8.847384265175928242e-01 8.811435882316573931e-01 8.775160869345828285e-01 8.738570869858889312e-01 8.701677467578825542e-01 8.664492179545261186e-01 8.627026449541901343e-01 8.589291641765458563e-01 8.551299034737951388e-01 8.513059815463833724e-01 8.474585073832920923e-01 8.435885797269534470e-01 8.396972865627824190e-01 8.357857046332801687e-01 8.318548989766119117e-01 8.279059224895249924e-01 8.239398155144302960e-01 8.199576054504343903e-01 8.159603063880701557e-01 8.119489187674454600e-01 8.079244290594917999e-01 8.038878094699674071e-01 7.998400176658468919e-01 7.957819965236904158e-01 7.917146738995821664e-01 7.876389624201818318e-01 7.835557592944395466e-01 7.794659461454813698e-01
9.898392774958130191e-01 9.910586760816881835e-01 9.922021268267702254e-01 9.932690933229375574e-01 9.942590733577887363e-01 9.951715994996650494e-01 9.960062396446450750e-01 9.967625975243268321e-01 9.974403131732954009e-01 9.980390633552501667e-01 9.985585619468553276e-01 9.989985602784675622e-01 9.993588474309853531e-01 9.996392504881583818e-01 9.998396347437993326e-01 9.999599038634294779e-01 1.000000000000000000e+00 9.999599038634294779e-01 9.998396347437993326e-01 9.996392504881583818e-01 9.993588474309851311e-01 9.989985602784675622e-01 9.985585619468553276e-01 9.980390633552501667e-01 9.974403131732954009e-01 9.967625975243268321e-01 9.960062396446450750e-01 9.951715994996650494e-01 9.942590733577887363e-01 9.932690933229375574e-01 9.922021268267702254e-01 9.910586760816881835e-01 9.898392774958130191e-01 9.885445010511986208e-01 9.871749496466013518e-01 9.857312584062087879e-01 9.842140939557787460e-01 9.826241536677040589e-01 9.809621648765662894e-01 9.792288840667863203e-01 9.774250960340254979e-01 9.755516130220230897e-01 9.736092738365873522e-01 9.715989429384825904e-01 9.695215095169755770e-01 9.673778865458163567e-01 9.651690098234447790e-01 9.628958369992076660e-01 9.605593465873804027e-01 9.581605369707785202e-01 9.557004253957289697e-01 9.531800469601655612e-01 9.506004535965821844e-01 9.479627130515640987e-01 9.452679078635813914e-01 9.425171343407001689e-01 9.397115015398326276e-01 9.368521302491038538e-01 9.339401519748744551e-01 9.309767079349118291e-01 9.279629480591499169e-01 9.249000299994373231e-01 9.217891181496055131e-01 9.186313826771480562e-01 9.154279985677329368e-01 9.121801446837227711e-01 9.088890028378044939e-01 9.055557568827840020e-01 9.021815918185244199e-01 8.987676929169571283e-01 8.953152448660239848e-01 8.918254309333467633e-01 8.882994321503625557e-01 8.847384265175927132e-01 8.811435882316573931e-01 8.775160869345828285e-01 8.738570869858889312e-01 8.701677467578825542e-01 8.664492179545260075e-01 8.627026449541901343e-01 8.589291641765458563e-01 8.551299034737951388e-01 8.513059815463831503e-01 8.474585073832920923e-01 8.435885797269534470e-01 8.396972865627824190e-01 8.357857046332801687e-01 8.318548989766119117e-01 8.279059224895247704e-01 8.239398155144302960e-01 8.199576054504343903e-01 8.159603063880701557e-01 8.119489187674454600e-01 8.079244290594916889e-01 8.038878094699675181e-01 7.998400176658466698e-01 7.957819965236905269e-01 7.917146738995820554e-01 7.876389624201819428e-01 7.835557592944393246e-01
9.885445010511986208e-01 9.898392774958130191e-01 9.910586760816881835e-01 9.922021268267702254e-01 9.932690933229375574e-01 9.942590733577887363e-01 9.951715994996650494e-01 9.960062396446450750e-01 9.967625975243268321e-01 9.974403131732954009e-01 9.980390633552501667e-01 9.985585619468553276e-01 9.989985602784675622e-01 9.993588474309853531e-01 9.996392504881583818e-01 9.998396347437993326e-01 9.999599038634294779e-01 1.000000000000000000e+00 9.999599038634294779e-01 9.998396347437993326e-01 9.996392504881583818e-01 9.993588474309851311e-01 9.989985602784675622e-01 9.985585619468553276e-01 9.980390633552501667e-01 9.974403131732954009e-01 9.967625975243268321e-01 9.960062396446450750e-01 9.951715994996650494e-01 9.942590733577885143e-01 9.932690933229375574e-01 9.922021268267702254e-01 9.910586760816881835e-01 9.898392774958130191e-01 9.885445010511986208e-01 9.871749496466013518e-01 9.857312584062087879e-01 9.842140939557787460e-01 9.826241536677040589e-01 9.809621648765662894e-01 9.792288840667863203e-01 9.774250960340254979e-01 9.755516130220230897e-01 9.736092738365873522e-01 9.715989429384825904e-01 9.695215095169753550e-01 9.673778865458163567e-01 9.651690098234447790e-01 9.628958369992076660e-01 9.605593465873804027e-01 9.581605369707785202e-01 9.557004253957289697e-01 9.531800469601655612e-01 9.506004535965821844e-01 9.479627130515640987e-01 9.452679078635813914e-01 9.425171343407001689e-01 9.397115015398326276e-01 9.368521302491038538e-01 9.339401519748744551e-01 9.309767079349116070e-01 9.279629480591499169e-01 9.249000299994373231e-01 9.217891181496057351e-01 9.186313826771480562e-01 9.154279985677329368e-01 9.121801446837227711e-01 9.088890028378044939e-01 9.055557568827840020e-01 9.021815918185244199e-01 8.987676929169572393e-01 8.953152448660238738e-01 8.918254309333468743e-01 8.882994321503625557e-01 8.847384265175928242e-01 8.811435882316573931e-01 8.775160869345828285e-01 8.738570869858889312e-01 8.701677467578825542e-01 8.664492179545261186e-01 8.627026449541901343e-01 8.589291641765458563e-01 8.551299034737951388e-01 8.513059815463833724e-01 8.474585073832920923e-01 8.435885797269534470e-01 8.396972865627824190e-01 8.357857046332801687e-01 8.318548989766119117e-01 8.279059224895249924e-01 8.239398155144302960e-01 8.199576054504341682e-01 8.159603063880701557e-01 8.119489187674454600e-01 8.079244290594917999e-01 8.038878094699674071e-01 7.998400176658468919e-01 7.957819965236904158e-01 7.917146738995821664e-01 7.876389624201818318e-01
9.871749496466013518e-01 9.885445010511986208e-01 9.898392774958130191e-01 9.910586760816881835e-01 9.922021268267702254e-01 9.932690933229375574e-01 9.942590733577887363e-01 9.951715994996650494e-01 9.960062396446450750e-01 9.967625975243268321e-01 9.974403131732954009e-01 9.980390633552501667e-01 9.985585619468553276e-01 9.989985602784675622e-01 9.993588474309851311e-01 9.996392504881583818e-01 9.998396347437993326e-01 9.999599038634294779e-01 1.000000000000000000e+00 9.999599038634294779e-01 9.998396347437993326e-01 9.996392504881583818e-01 9.993588474309851311e-01 9.989985602784675622e-01 9.985585619468553276e-01 9.980390633552501667e-01 9.974403131732954009e-01 9.967625975243268321e-01 9.960062396446450750e-01 9.951715994996650494e-01 9.942590733577887363e-01 9.932690933229375574e-01 9.922021268267702254e-01 9.910586760816881835e-01 9.898392774958130191e-01 9.885445010511986208e-01 9.871749496466013518e-01 9.857312584062087879e-01 9.842140939557787460e-01 9.826241536677040589e-01 9.809621648765662894e-01 9.792288840667863203e-01 9.774250960340254979e-01 9.755516130220230897e-01 9.736092738365873522e-01 9.715989429384825904e-01 9.695215095169755770e-01 9.673778865458163567e-01 9.651690098234447790e-01 9.628958369992076660e-01 9.605593465873804027e-01 9.581605369707785202e-01 9.557004253957289697e-01 9.531800469601655612e-01 9.506004535965821844e-01 9.479627130515642097e-01 9.452679078635813914e-01 9.425171343407001689e-01 9.397115015398326276e-01 9.368521302491038538e-01 9.339401519748744551e-01 9.309767079349118291e-01 9.279629480591499169e-01 9.249000299994373231e-01 9.217891181496055131e-01 9.186313826771480562e-01 9.154279985677329368e-01 9.121801446837227711e-01 9.088890028378047159e-01 9.055557568827840020e-01 9.021815918185244199e-01 8.987676929169572393e-01 8.953152448660239848e-01 8.918254309333467633e-01 8.882994321503627777e-01 8.847384265175927132e-01 8.811435882316573931e-01 8.775160869345828285e-01 8.738570869858887091e-01 8.701677467578825542e-01 8.664492179545260075e-01 8.627026449541901343e-01 8.589291641765458563e-01 8.551299034737951388e-01 8.513059815463831503e-01 8.474585073832920923e-01 8.435885797269534470e-01 8.396972865627824190e-01 8.357857046332801687e-01 8.318548989766119117e-01 8.279059224895247704e-01 8.239398155144301850e-01 8.199576054504343903e-01 8.159603063880701557e-01 8.119489187674454600e-01 8.079244290594916889e-01 8.038878094699675181e-01 7.998400176658466698e-01 7.957819965236905269e-01 7.917146738995820554e-01
9.857312584062087879e-01 9.871749496466013518e-01 9.885445010511986208e-01 9.898392774958130191e-01 9.910586760816881835e-01 9.922021268267702254e-01 9.932690933229375574e-01 9.942590733577887363e-01 9.951715994996650494e-01 9.960062396446450750e-01 9.967625975243268321e-01 9.974403131732954009e-01 9.980390633552501667e-01 9.985585619468553276e-01 9.989985602784675622e-01 9.993588474309851311e-01 9.996392504881583818e-01 9.998396347437993326e-01 9.999599038634294779e-01 1.000000000000000000e+00 9.999599038634294779e-01 9.998396347437993326e-01 9.996392504881583818e-01 9.993588474309851311e-01 9.989985602784675622e-01 9.985585619468553276e-01 9.980390633552501667e-01 9.974403131732954009e-01 9.967625975243268321e-01 9.960062396446450750e-01 9.951715994996650494e-01 9.942590733577887363e-01 9.932690933229375574e-01 9.922021268267702254e-01 9.910586760816881835e-01 9.898392774958130191e-01 9.885445010511986208e-01 9.871749496466013518e-01 9.857312584062087879e-01 9.842140939557787460e-01 9.826241536677040589e-01 9.809621648765662894e-01 9.792288840667863203e-01 9.774250960340254979e-01 9.755516130220230897e-01 9.736092738365873522e-01 9.715989429384825904e-01 9.695215095169755770e-01 9.673778865458163567e-01 9.651690098234447790e-01 9.628958369992076660e-01 9.605593465873804027e-01 9.581605369707785202e-01 9.557004253957289697e-01 9.531800469601655612e-01 9.506004535965821844e-01 9.479627130515640987e-01 9.452679078635813914e-01 9.425171343407001689e-01 9.397115015398326276e-01 9.368521302491038538e-01 9.339401519748746772e-01 9.309767079349118291e-01 9.279629480591499169e-01 9.249000299994373231e-01 9.217891181496055131e-01 9.186313826771480562e-01 9.154279985677329368e-01 9.121801446837227711e-01 9.088890028378044939e-01 9.055557568827840020e-01 9.021815918185244199e-01 8.987676929169572393e-01 8.953152448660238738e-01 8.918254309333468743e-01 8.882994321503625557e-01 8.847384265175928242e-01 8.811435882316573931e-01 8.775160869345828285e-01 8.738570869858889312e-01 8.701677467578825542e-01 8.664492179545261186e-01 8.627026449541901343e-01 8.589291641765459673e-01 8.551299034737951388e-01 8.513059815463833724e-01 8.474585073832920923e-01 8.435885797269536690e-01 8.396972865627824190e-01 8.357857046332801687e-01 8.318548989766119117e-01 8.279059224895247704e-01 8.239398155144302960e-01 8.199576054504343903e-01 8.159603063880701557e-01 8.119489187674454600e-01 8.079244290594917999e-01 8.038878094699675181e-01 7.998400176658468919e-01 7.957819965236905269e-01
9.842140939557787460e-01 9.857312584062087879e-01 9.871749496466013518e-01 9.885445010511986208e-01 9.898392774958130191e-01 9.910586760816881835e-01 9.922021268267702254e-01 9.932690933229375574e-01 9.942590733577887363e-01 9.951715994996650494e-01 9.960062396446450750e-01 9.967625975243268321e-01 9.974403131732954009e-01 9.980390633552501667e-01 9.985585619468553276e-01 9.989985602784675622e-01 9.993588474309851311e-01 9.996392504881583818e-01 9.998396347437993326e-01 9.999599038634294779e-01 1.000000000000000000e+00 9.999599038634294779e-01 9.998396347437993326e-01 9.996392504881583818e-01 9.993588474309851311e-01 9.989985602784675622e-01 9.985585619468553276e-01 9.980390633552501667e-01 9.974403131732954009e-01 9.967625975243268321e-01 9.960062396446450750e-01 9.951715994996650494e-01 9.942590733577887363e-01 9.932690933229375574e-01 9.922021268267702254e-01 9.910586760816881835e-01 9.898392774958130191e-01 9.885445010511986208e-01 9.871749496466013518e-01 9.857312584062087879e-01 9.842140939557787460e-01 9.826241536677040589e-01 9.809621648765662894e-01 9.792288840667863203e-01 9.774250960340254979e-01 9.755516130220230897e-01 9.736092738365873522e-01 9.715989429384825904e-01 9.695215095169755770e-01 9.673778865458163567e-01 9.651690098234447790e-01 9.628958369992076660e-01 9.605593465873804027e-01 9.581605369707785202e-01 9.557004253957289697e-01 9.531800469601655612e-01 9.506004535965821844e-01 9.479627130515642097e-01 9.452679078635813914e-01 9.425171343407001689e-01 9.397115015398326276e-01 9.368521302491038538e-01 9.339401519748744551e-01 9.309767079349118291e-01 9.279629480591499169e-01 9.249000299994373231e-01 9.217891181496055131e-01 9.186313826771480562e-01 9.154279985677329368e-01 9.121801446837227711e-01 9.088890028378047159e-01 9.055557568827840020e-01 9.021815918185244199e-01 8.987676929169572393e-01 8.953152448660239848e-01 8.918254309333467633e-01 8.882994321503627777e-01 8.847384265175927132e-01 8.811435882316572821e-01 8.775160869345828285e-01 8.738570869858887091e-01 8.701677467578825542e-01 8.664492179545260075e-01 8.627026449541901343e-01 8.589291641765458563e-01 8.551299034737951388e-01 8.513059815463831503e-01 8.474585073832920923e-01 8.435885797269534470e-01 8.396972865627824190e-01 8.357857046332801687e-01 8.318548989766118007e-01 8.279059224895247704e-01 8.239398155144301850e-01 8.199576054504343903e-01 8.159603063880701557e-01 8.119489187674454600e-01 8.079244290594916889e-01 8.038878094699675181e-01 7.998400176658466698e-01
9.826241536677040589e-01 9.842140939557787460e-01 9.857312584062087879e-01 9.871749496466013518e-01 9.885445010511986208e-01 9.898392774958130191e-01 9.910586760816881835e-01 9.922021268267702254e-01 9.932690933229375574e-01 9.942590733577887363e-01 9.951715994996650494e-01 9.960062396446450750e-01 9.967625975243268321e-01 9.974403131732954009e-01 9.980390633552501667e-01 9.985585619468553276e-01 9.989985602784675622e-01 9.993588474309851311e-01 9.996392504881583818e-01 9.998396347437993326e-01 9.999599038634294779e-01 1.000000000000000000e+00 9.999599038634294779e-01 9.998396347437993326e-01 9.996392504881583818e-01 9.993588474309853531e-01 9.989985602784675622e-01 9.985585619468553276e-01 9.980390633552501667e-01 9.974403131732954009e-01 9.967625975243268321e-01 9.960062396446450750e-01 9.951715994996650494e-01 9.942590733577887363e-01 9.932690933229375574e-01 9.922021268267702254e-01 9.910586760816881835e-01 9.898392774958130191e-01 9.885445010511986208e-01 9.871749496466013518e-01 9.857312584062087879e-01 9.842140939557787460e-01 9.826241536677040589e-01 9.809621648765662894e-01 9.792288840667863203e-01 9.774250960340254979e-01 9.755516130220230897e-01 9.736092738365873522e-01 9.715989429384825904e-01 9.695215095169755770e-01 9.673778865458163567e-01 9.651690098234447790e-01 9.628958369992076660e-01 9.605593465873804027e-01 9.581605369707785202e-01 9.557004253957289697e-01 9.531800469601655612e-01 9.506004535965821844e-01 9.479627130515640987e-01 9.452679078635815024e-01 9.425171343407001689e-01 9.397115015398326276e-01 9.368521302491038538e-01 9.339401519748746772e-01 9.309767079349118291e-01 9.279629480591499169e-01 9.249000299994373231e-01 9.217891181496055131e-01 9.186313826771480562e-01 9.154279985677329368e-01 9.121801446837227711e-01 9.088890028378044939e-01 9.055557568827840020e-01 9.021815918185244199e-01 8.987676929169572393e-01 8.953152448660239848e-01 8.918254309333468743e-01 8.882994321503625557e-01 8.847384265175927132e-01 8.811435882316573931e-01 8.775160869345828285e-01 8.738570869858889312e-01 8.701677467578825542e-01 8.664492179545261186e-01 8.627026449541901343e-01 8.589291641765459673e-01 8.551299034737951388e-01 8.513059815463833724e-01 8.474585073832920923e-01 8.435885797269536690e-01 8.396972865627824190e-01 8.357857046332801687e-01 8.318548989766119117e-01 8.279059224895247704e-01 8.239398155144302960e-01 8.199576054504343903e-01 8.159603063880701557e-01 8.119489187674454600e-01 8.079244290594917999e-01 8.038878094699675181e-01
9.809621648765662894e-01 9.826241536677040589e-01 9.842140939557787460e-01 9.857312584062087879e-01 9.871749496466013518e-01 9.885445010511986208e-01 9.898392774958130191e-01 9.910586760816881835e-01 9.922021268267702254e-01 9.932690933229375574e-01 9.942590733577887363e-01 9.951715994996650494e-01 9.960062396446450750e-01 9.967625975243268321e-01 9.974403131732954009e-01 9.980390633552501667e-01 9.985585619468553276e-01 9.989985602784675622e-01 9.993588474309851311e-01 9.996392504881583818e-01 9.998396347437993326e-01 9.999599038634294779e-01 1.000000000000000000e+00 9.999599038634294779e-01 9.998396347437993326e-01 9.996392504881583818e-01 9.993588474309853531e-01 9.989985602784675622e-01 9.985585619468553276e-01 9.980390633552501667e-01 9.974403131732954009e-01 9.967625975243268321e-01 9.960062396446450750e-01 9.951715994996650494e-01 9.942590733577887363e-01 9.932690933229375574e-01 9.922021268267702254e-01 9.910586760816881835e-01 9.898392774958130191e-01 9.885445010511986208e-01 9.871749496466013518e-01 9.857312584062087879e-01 9.842140939557787460e-01 9.826241536677040589e-01 9.809621648765662894e-01 9.792288840667863203e-01 9.774250960340254979e-01 9.755516130220230897e-01 9.736092738365873522e-01 9.715989429384825904e-01 9.695215095169755770e-01 9.673778865458163567e-01 9.651690098234447790e-01 9.628958369992076660e-01 9.605593465873804027e-01 9.581605369707785202e-01 9.557004253957289697e-01 9.531800469601655612e-01 9.506004535965821844e-01 9.479627130515642097e-01 9.452679078635813914e-01 9.425171343407001689e-01 9.397115015398326276e-01 9.368521302491039648e-01 9.339401519748744551e-01 9.309767079349116070e-01 9.279629480591499169e-01 9.249000299994373231e-01 9.217891181496057351e-01 9.186313826771480562e-01 9.154279985677329368e-01 9.121801446837227711e-01 9.088890028378047159e-01 9.055557568827840020e-01 9.021815918185244199e-01 8.987676929169572393e-01 8.953152448660239848e-01 8.918254309333468743e-01 8.882994321503625557e-01 8.847384265175928242e-01 8.811435882316573931e-01 8.775160869345828285e-01 8.738570869858889312e-01 8.701677467578825542e-01 8.664492179545261186e-01 8.627026449541901343e-01 8.589291641765458563e-01 8.551299034737951388e-01 8.513059815463833724e-01 8.474585073832923143e-01 8.435885797269534470e-01 8.396972865627824190e-01 8.357857046332801687e-01 8.318548989766119117e-01 8.279059224895249924e-01 8.239398155144302960e-01 8.199576054504343903e-01 8.159603063880701557e-01 8.119489187674456820e-01 8.079244290594917999e-01
9.792288840667863203e-01 9.809621648765662894e-01 9.826241536677040589e-01 9.842140939557787460e-01 9.857312584062087879e-01 9.871749496466013518e-01 9.885445010511986208e-01 9.898392774958130191e-01 9.910586760816881835e-01 9.922021268267702254e-01 9.932690933229375574e-01 9.942590733577887363e-01 9.951715994996650494e-01 9.960062396446450750e-01 9.967625975243268321e-01 9.974403131732954009e-01 9.980390633552501667e-01 9.985585619468553276e-01 9.989985602784675622e-01 9.993588474309851311e-01 9.996392504881583818e-01 9.998396347437993326e-01 9.999599038634294779e-01 1.000000000000000000e+00 9.999599038634294779e-01 9.998396347437993326e-01 9.996392504881583818e-01 9.993588474309853531e-01 9.989985602784675622e-01 9.985585619468553276e-01 9.980390633552501667e-01 9.974403131732954009e-01 9.967625975243268321e-01 9.960062396446450750e-01 9.951715994996650494e-01 9.942590733577887363e-01 9.932690933229375574e-01 9.922021268267702254e-01 9.910586760816881835e-01 9.898392774958130191e-01 9.885445010511986208e-01 9.871749496466013518e-01 9.857312584062087879e-01 9.842140939557787460e-01 9.826241536677040589e-01 9.809621648765662894e-01 9.792288840667863203e-01 9.774250960340254979e-01 9.755516130220230897e-01 9.736092738365873522e-01 9.715989429384825904e-01 9.695215095169755770e-01 9.673778865458163567e-01 9.651690098234447790e-01 9.628958369992076660e-01 9.605593465873804027e-01 9.581605369707785202e-01 9.557004253957289697e-01 9.531800469601655612e-01 9.506004535965821844e-01 9.479627130515640987e-01 9.452679078635815024e-01 9.425171343407001689e-01 9.397115015398326276e-01 9.368521302491038538e-01 9.339401519748744551e-01 9.309767079349118291e-01 9.279629480591499169e-01 9.249000299994373231e-01 9.217891181496055131e-01 9.186313826771480562e-01 9.154279985677329368e-01 9.121801446837227711e-01 9.088890028378044939e-01 9.055557568827840020e-01 9.021815918185244199e-01 8.987676929169572393e-01 8.953152448660239848e-01 8.918254309333467633e-01 8.882994321503625557e-01 8.847384265175927132e-01 8.811435882316573931e-01 8.775160869345828285e-01 8.738570869858889312e-01 8.701677467578825542e-01 8.664492179545261186e-01 8.627026449541901343e-01 8.589291641765459673e-01 8.551299034737951388e-01 8.513059815463833724e-01 8.474585073832920923e-01 8.435885797269534470e-01 8.396972865627824190e-01 8.357857046332801687e-01 8.318548989766119117e-01 8.279059224895247704e-01 8.239398155144302960e-01 8.199576054504343903e-01 8.159603063880701557e-01 8.119489187674454600e-01
9.774250960340254979e-01 9.792288840667863203e-01 9.809621648765662894e-01 9.826241536677040589e-01 9.842140939557787460e-01 9.857312584062087879e-01 9.871749496466013518e-01 9.885445010511986208e-01 9.898392774958130191e-01 9.910586760816881835e-01 9.922021268267702254e-01 9.932690933229375574e-01 9.942590733577887363e-01 9.951715994996650494e-01 9.960062396446450750e-01 9.967625975243268321e-01 9.974403131732954009e-01 9.980390633552501667e-01 9.985585619468553276e-01 9.989985602784675622e-01 9.993588474309851311e-01 9.996392504881583818e-01 9.998396347437993326e-01 9.999599038634294779e-01 1.000000000000000000e+00 9.999599038634294779e-01 9.998396347437993326e-01 9.996392504881583818e-01 9.993588474309853531e-01 9.989985602784675622e-01 9.985585619468553276e-01 9.980390633552501667e-01 9.974403131732954009e-01 9.967625975243268321e-01 9.960062396446450750e-01 9.951715994996650494e-01 9.942590733577887363e-01 9.932690933229375574e-01 9.922021268267702254e-01 9.910586760816881835e-01 9.898392774958130191e-01 9.885445010511986208e-01 9.871749496466013518e-01 9.857312584062087879e-01 9.842140939557787460e-01 9.826241536677040589e-01 9.809621648765662894e-01 9.792288840667863203e-01 9.774250960340254979e-01 9.755516130220230897e-01 9.736092738365873522e-01 9.715989429384825904e-01 9.695215095169755770e-01 9.673778865458163567e-01 9.651690098234447790e-01 9.628958369992076660e-01 9.605593465873804027e-01 9.581605369707785202e-01 9.557004253957289697e-01 9.531800469601655612e-01 9.506004535965821844e-01 9.479627130515642097e-01 9.452679078635813914e-01 9.425171343407001689e-01 9.397115015398326276e-01 9.368521302491038538e-01 9.339401519748744551e-01 9.309767079349116070e-01 9.279629480591499169e-01 9.249000299994373231e-01 9.217891181496057351e-01 9.186313826771480562e-01 9.154279985677329368e-01 9.121801446837227711e-01 9.088890028378047159e-01 9.055557568827840020e-01 9.021815918185244199e-01 8.987676929169572393e-01 8.953152448660238738e-01 8.918254309333468743e-01 8.882994321503625557e-01 8.847384265175928242e-01 8.811435882316573931e-01 8.775160869345828285e-01 8.738570869858889312e-01 8.701677467578825542e-01 8.664492179545261186e-01 8.627026449541901343e-01 8.589291641765458563e-01 8.551299034737951388e-01 8.513059815463833724e-01 8.474585073832920923e-01 8.435885797269534470e-01 8.396972865627824190e-01 8.357857046332801687e-01 8.318548989766119117e-01 8.279059224895249924e-01 8.239398155144302960e-01 8.199576054504343903e-01 8.159603063880701557e-01
9.755516130220230897e-01 9.774250960340254979e-01 9.792288840667863203e-01 9.809621648765662894e-01 9.826241536677040589e-01 9.842140939557787460e-01 9.857312584062087879e-01 9.871749496466013518e-01 9.885445010511986208e-01 9.898392774958130191e-01 9.910586760816881835e-01 9.922021268267702254e-01 9.932690933229375574e-01 9.942590733577887363e-01 9.951715994996650494e-01 9.960062396446450750e-01 9.967625975243268321e-01 9.974403131732954009e-01 9.980390633552501667e-01 9.985585619468553276e-01 9.989985602784675622e-01 9.993588474309853531e-01 9.996392504881583818e-01 9.998396347437993326e-01 9.999599038634294779e-01 1.000000000000000000e+00 9.999599038634294779e-01 9.998396347437993326e-01 9.996392504881583818e-01 9.993588474309851311e-01 9.989985602784675622e-01 9.985585619468553276e-01 9.980390633552501667e-01 9.974403131732954009e-01 9.967625975243268321e-01 9.960062396446450750e-01 9.951715994996650494e-01 9.942590733577887363e-01 9.932690933229375574e-01 9.922021268267702254e-01 9.910586760816881835e-01 9.898392774958130191e-01 9.885445010511986208e-01 9.871749496466013518e-01 9.857312584062087879e-01 9.842140939557787460e-01 9.826241536677040589e-01 9.809621648765662894e-01 9.792288840667863203e-01 9.774250960340254979e-01 9.755516130220230897e-01 9.736092738365873522e-01 9.715989429384825904e-01 9.695215095169755770e-01 9.673778865458163567e-01 9.651690098234447790e-01 9.628958369992076660e-01 9.605593465873804027e-01 9.581605369707785202e-01 9.557004253957289697e-01 9.531800469601655612e-01 9.506004535965821844e-01 9.479627130515640987e-01 9.452679078635815024e-01 9.425171343407001689e-01 9.397115015398326276e-01 9.368521302491038538e-01 9.339401519748744551e-01 9.309767079349118291e-01 9.279629480591499169e-01 9.249000299994373231e-01 9.217891181496055131e-01 9.186313826771480562e-01 9.154279985677329368e-01 9.121801446837227711e-01 9.088890028378044939e-01 9.055557568827840020e-01 9.021815918185244199e-01 8.987676929169571283e-01 8.953152448660239848e-01 8.918254309333467633e-01 8.882994321503625557e-01 8.847384265175927132e-01 8.811435882316573931e-01 8.775160869345828285e-01 8.738570869858889312e-01 8.701677467578825542e-01 8.664492179545261186e-01 8.627026449541901343e-01 8.589291641765459673e-01 8.551299034737951388e-01 8.513059815463831503e-01 8.474585073832920923e-01 8.435885797269534470e-01 8.396972865627824190e-01 8.357857046332801687e-01 8.318548989766119117e-01 8.279059224895247704e-01 8.239398155144302960e-01 8.199576054504343903e-01
9.736092738365873522e-01 9.755516130220230897e-01 9.774250960340254979e-01 9.792288840667863203e-01 9.809621648765662894e-01 9.826241536677040589e-01 9.842140939557787460e-01 9.857312584062087879e-01 9.871749496466013518e-01 9.885445010511986208e-01 9.898392774958130191e-01 9.910586760816881835e-01 9.922021268267702254e-01 9.932690933229375574e-01 9.942590733577887363e-01 9.951715994996650494e-01 9.960062396446450750e-01 9.967625975243268321e-01 9.974403131732954009e-01 9.980390633552501667e-01 9.985585619468553276e-01 9.989985602784675622e-01 9.993588474309853531e-01 9.996392504881583818e-01 9.998396347437993326e-01 9.999599038634294779e-01 1.000000000000000000e+00 9.999599038634294779e-01 9.998396347437993326e-01 9.996392504881583818e-01 9.993588474309851311e-01 9.989985602784675622e-01 9.985585619468553276e-01 9.980390633552501667e-01 9.974403131732954009e-01 9.967625975243268321e-01 9.960062396446450750e-01 9.951715994996650494e-01 9.942590733577887363e-01 9.932690933229375574e-01 9.922021268267702254e-01 9.910586760816881835e-01 9.898392774958130191e-01 9.885445010511986208e-01 9.871749496466013518e-01 9.857312584062087879e-01 9.842140939557787460e-01 9.826241536677040589e-01 9.809621648765662894e-01 9.792288840667863203e-01 9.774250960340254979e-01 9.755516130220230897e-01 9.736092738365873522e-01 9.715989429384825904e-01 9.695215095169753550e-01 9.673778865458163567e-01 9.651690098234447790e-01 9.628958369992076660e-01 9.605593465873804027e-01 9.581605369707785202e-01 9.557004253957289697e-01 9.531800469601655612e-01 9.506004535965821844e-01 9.479627130515642097e-01 9.452679078635813914e-01 9.425171343407001689e-01 9.397115015398326276e-01 9.368521302491038538e-01 9.339401519748744551e-01 9.309767079349116070e-01 9.279629480591499169e-01 9.249000299994373231e-01 9.217891181496057351e-01 9.186313826771480562e-01 9.154279985677329368e-01 9.121801446837227711e-01 9.088890028378047159e-01 9.055557568827840020e-01 9.021815918185244199e-01 8.987676929169572393e-01 8.953152448660238738e-01 8.918254309333468743e-01 8.882994321503625557e-01 8.847384265175928242e-01 8.811435882316573931e-01 8.775160869345828285e-01 8.738570869858889312e-01 8.701677467578825542e-01 8.664492179545261186e-01 8.627026449541901343e-01 8.589291641765458563e-01 8.551299034737951388e-01 8.513059815463833724e-01 8.474585073832920923e-01 8.435885797269534470e-01 8.396972865627824190e-01 8.357857046332801687e-01 8.318548989766119117e-01 8.279059224895249924e-01 8.239398155144302960e-01
9.715989429384825904e-01 9.736092738365873522e-01 9.755516130220230897e-01 9.774250960340254979e-01 9.792288840667863203e-01 9.809621648765662894e-01 9.826241536677040589e-01 9.842140939557787460e-01 9.857312584062087879e-01 9.871749496466013518e-01 9.885445010511986208e-01 9.898392774958130191e-01 9.910586760816881835e-01 9.922021268267702254e-01 9.932690933229375574e-01 9.942590733577887363e-01 9.951715994996650494e-01 9.960062396446450750e-01 9.967625975243268321e-01 9.974403131732954009e-01 9.980390633552501667e-01 9.985585619468553276e-01 9.989985602784675622e-01 9.993588474309853531e-01 9.996392504881583818e-01 9.998396347437993326e-01 9.999599038634294779e-01 1.000000000000000000e+00 9.999599038634294779e-01 9.998396347437993326e-01 9.996392504881583818e-01 9.993588474309851311e-01 9.989985602784675622e-01 9.985585619468553276e-01 9.980390633552501667e-01 9.974403131732954009e-01 9.967625975243268321e-01 9.960062396446450750e-01 9.951715994996650494e-01 9.942590733577887363e-01 9.932690933229375574e-01 9.922021268267702254e-01 9.910586760816881835e-01 9.898392774958130191e-01 9.885445010511986208e-01 9.871749496466013518e-01 9.857312584062087879e-01 9.842140939557787460e-01 9.826241536677040589e-01 9.809621648765662894e-01 9.792288840667863203e-01 9.774250960340254979e-01 9.755516130220230897e-01 9.736092738365873522e-01 9.715989429384825904e-01 9.695215095169755770e-01 9.673778865458163567e-01 9.651690098234447790e-01 9.628958369992076660e-01 9.605593465873804027e-01 9.581605369707785202e-01 9.557004253957289697e-01 9.531800469601655612e-01 9.506004535965821844e-01 9.479627130515640987e-01 9.452679078635813914e-01 9.425171343407001689e-01 9.397115015398326276e-01 9.368521302491038538e-01 9.339401519748744551e-01 9.309767079349118291e-01 9.279629480591499169e-01 9.249000299994373231e-01 9.217891181496055131e-01 9.186313826771480562e-01 9.154279985677329368e-01 9.121801446837227711e-01 9.088890028378044939e-01 9.055557568827840020e-01 9.021815918185244199e-01 8.987676929169571283e-01 8.953152448660239848e-01 8.918254309333467633e-01 8.882994321503625557e-01 8.847384265175927132e-01 8.811435882316573931e-01 8.775160869345828285e-01 8.738570869858889312e-01 8.701677467578825542e-01 8.664492179545261186e-01 8.627026449541901343e-01 8.589291641765458563e-01 8.551299034737951388e-01 8.513059815463831503e-01 8.474585073832920923e-01 8.435885797269534470e-01 8.396972865627824190e-01 8.357857046332801687e-01 8.318548989766119117e-01 8.279059224895247704e-01
9.695215095169755770e-01 9.715989429384825904e-01 9.736092738365873522e-01 9.755516130220230897e-01 9.774250960340254979e-01 9.792288840667863203e-01 9.809621648765662894e-01 9.826241536677040589e-01 9.842140939557787460e-01 9.857312584062087879e-01 9.871749496466013518e-01 9.885445010511986208e-01 9.898392774958130191e-01 9.910586760816881835e-01 9.922021268267702254e-01 9.932690933229375574e-01 9.942590733577887363e-01 9.951715994996650494e-01 9.960062396446450750e-01 9.967625975243268321e-01 9.974403131732954009e-01 9.980390633552501667e-01 9.985585619468553276e-01 9.989985602784675622e-01 9.993588474309853531e-01 9.996392504881583818e-01 9.998396347437993326e-01 9.999599038634294779e-01 1.000000000000000000e+00 9.999599038634294779e-01 9.998396347437993326e-01 9.996392504881583818e-01 9.993588474309851311e-01 9.989985602784675622e-01 9.985585619468553276e-01 9.980390633552501667e-01 9.974403131732954009e-01 9.967625975243268321e-01 9.960062396446450750e-01 9.951715994996650494e-01 9.942590733577887363e-01 9.932690933229375574e-01 9.922021268267702254e-01 9.910586760816879615e-01 9.898392774958130191e-01 9.885445010511986208e-01 9.871749496466013518e-01 9.857312584062087879e-01 9.842140939557787460e-01 9.826241536677040589e-01 9.809621648765662894e-01 9.792288840667863203e-01 9.774250960340254979e-01 9.755516130220230897e-01 9.736092738365873522e-01 9.715989429384825904e-01 9.695215095169753550e-01 9.673778865458163567e-01 9.651690098234447790e-01 9.628958369992076660e-01 9.605593465873804027e-01 9.581605369707785202e-01 9.557004253957289697e-01 9.531800469601655612e-01 9.506004535965821844e-01 9.479627130515640987e-01 9.452679078635813914e-01 9.425171343407001689e-01 9.397115015398326276e-01 9.368521302491038538e-01 9.339401519748744551e-01 9.309767079349116070e-01 9.279629480591499169e-01 9.249000299994373231e-01 9.217891181496057351e-01 9.186313826771480562e-01 9.154279985677329368e-01 9.121801446837227711e-01 9.088890028378044939e-01 9.055557568827840020e-01 9.021815918185244199e-01 8.987676929169572393e-01 8.953152448660238738e-01 8.918254309333468743e-01 8.882994321503625557e-01 8.847384265175928242e-01 8.811435882316573931e-01 8.775160869345828285e-01 8.738570869858889312e-01 8.701677467578825542e-01 8.664492179545261186e-01 8.627026449541901343e-01 8.589291641765458563e-01 8.551299034737951388e-01 8.513059815463833724e-01 8.474585073832920923e-01 8.435885797269534470e-01 8.396972865627824190e-01 8.357857046332801687e-01 8.318548989766119117e-01
9.673778865458163567e-01 9.695215095169755770e-01 9.715989429384825904e-01 9.736092738365873522e-01 9.755516130220230897e-01 9.774250960340254979e-01 9.792288840667863203e-01 9.809621648765662894e-01 9.826241536677040589e-01 9.842140939557787460e-01 9.857312584062087879e-01 9.871749496466013518e-01 9.885445010511986208e-01 9.898392774958130191e-01 9.910586760816881835e-01 9.922021268267702254e-01 9.932690933229375574e-01 9.942590733577885143e-01 9.951715994996650494e-01 9.960062396446450750e-01 9.967625975243268321e-01 9.974403131732954009e-01 9.980390633552501667e-01 9.985585619468553276e-01 9.989985602784675622e-01 9.993588474309851311e-01 9.996392504881583818e-01 9.998396347437993326e-01 9.999599038634294779e-01 1.000000000000000000e+00 9.999599038634294779e-01 9.998396347437993326e-01 9.996392504881583818e-01 9.993588474309853531e-01 9.989985602784675622e-01 9.985585619468553276e-01 9.980390633552501667e-01 9.974403131732954009e-01 9.967625975243268321e-01 9.960062396446450750e-01 9.951715994996650494e-01 9.942590733577887363e-01 9.932690933229375574e-01 9.922021268267702254e-01 9.910586760816881835e-01 9.898392774958130191e-01 9.885445010511986208e-01 9.871749496466013518e-01 9.857312584062087879e-01 9.842140939557787460e-01 9.826241536677040589e-01 9.809621648765662894e-01 9.792288840667863203e-01 9.774250960340254979e-01 9.755516130220230897e-01 9.736092738365873522e-01 9.715989429384825904e-01 9.695215095169755770e-01 9.673778865458163567e-01 9.651690098234447790e-01 9.628958369992076660e-01 9.605593465873804027e-01 9.581605369707785202e-01 9.557004253957289697e-01 9.531800469601655612e-01 9.506004535965821844e-01 9.479627130515642097e-01 9.452679078635813914e-01 9.425171343407001689e-01 9.397115015398326276e-01 9.368521302491038538e-01 9.339401519748744551e-01 9.309767079349118291e-01 9.279629480591499169e-01 9.249000299994373231e-01 9.217891181496055131e-01 9.186313826771480562e-01 9.154279985677329368e-01 9.121801446837227711e-01 9.088890028378047159e-01 9.055557568827840020e-01 9.021815918185244199e-01 8.987676929169572393e-01 8.953152448660239848e-01 8.918254309333467633e-01 8.882994321503627777e-01 8.847384265175927132e-01 8.811435882316573931e-01 8.775160869345828285e-01 8.738570869858889312e-01 8.701677467578825542e-01 8.664492179545260075e-01 8.627026449541901343e-01 8.589291641765458563e-01 8.551299034737951388e-01 8.513059815463831503e-01 8.474585073832920923e-01 8.435885797269534470e-01 8.396972865627824190e-01 8.357857046332801687e-01
9.651690098234447790e-01 9.673778865458163567e-01 9.695215095169755770e-01 9.715989429384825904e-01 9.736092738365873522e-01 9.755516130220230897e-01 9.774250960340254979e-01 9.792288840667863203e-01 9.809621648765662894e-01 9.826241536677040589e-01 9.842140939557787460e-01 9.857312584062087879e-01 9.871749496466013518e-01 9.885445010511986208e-01 9.898392774958130191e-01 9.910586760816881835e-01 9.922021268267702254e-01 9.932690933229375574e-01 9.942590733577887363e-01 9.951715994996650494e-01 9.960062396446450750e-01 9.967625975243268321e-01 9.974403131732954009e-01 9.980390633552501667e-01 9.985585619468553276e-01 9.989985602784675622e-01 9.993588474309851311e-01 9.996392504881583818e-01 9.998396347437993326e-01 9.999599038634294779e-01 1.000000000000000000e+00 9.999599038634294779e-01 9.998396347437993326e-01 9.996392504881583818e-01 9.993588474309853531e-01 9.989985602784675622e-01 9.985585619468553276e-01 9.980390633552501667e-01 9.974403131732954009e-01 9.967625975243268321e-01 9.960062396446450750e-01 9.951715994996650494e-01 9.942590733577887363e-01 9.932690933229375574e-01 9.922021268267702254e-01 9.910586760816881835e-01 9.898392774958130191e-01 9.885445010511986208e-01 9.871749496466013518e-01 9.857312584062087879e-01 9.842140939557787460e-01 9.826241536677040589e-01 9.809621648765662894e-01 9.792288840667863203e-01 9.774250960340254979e-01 9.755516130220230897e-01 9.736092738365873522e-01 9.715989429384825904e-01 9.695215095169755770e-01 9.673778865458163567e-01 9.651690098234447790e-01 9.628958369992076660e-01 9.605593465873804027e-01 9.581605369707785202e-01 9.557004253957289697e-01 9.531800469601655612e-01 9.506004535965821844e-01 9.479627130515640987e-01 9.452679078635813914e-01 9.425171343407001689e-01 9.397115015398326276e-01 9.368521302491038538e-01 9.339401519748746772e-01 9.309767079349118291e-01 9.279629480591499169e-01 9.249000299994373231e-01 9.217891181496057351e-01 9.186313826771480562e-01 9.154279985677329368e-01 9.121801446837227711e-01 9.088890028378044939e-01 9.055557568827840020e-01 9.021815918185244199e-01 8.987676929169572393e-01 8.953152448660238738e-01 8.918254309333468743e-01 8.882994321503625557e-01 8.847384265175928242e-01 8.811435882316573931e-01 8.775160869345828285e-01 8.738570869858889312e-01 8.701677467578825542e-01 8.664492179545261186e-01 8.627026449541901343e-01 8.589291641765459673e-01 8.551299034737951388e-01 8.513059815463833724e-01 8.474585073832920923e-01 8.435885797269536690e-01 8.396972865627824190e-01
9.628958369992076660e-01 9.651690098234447790e-01 9.673778865458163567e-01 9.695215095169755770e-01 9.715989429384825904e-01 9.736092738365873522e-01 9.755516130220230897e-01 9.774250960340254979e-01 9.792288840667863203e-01 9.809621648765662894e-01 9.826241536677040589e-01 9.842140939557787460e-01 9.857312584062087879e-01 9.871749496466013518e-01 9.885445010511986208e-01 9.898392774958130191e-01 9.910586760816881835e-01 9.922021268267702254e-01 9.932690933229375574e-01 9.942590733577887363e-01 9.951715994996650494e-01 9.960062396446450750e-01 9.967625975243268321e-01 9.974403131732954009e-01 9.980390633552501667e-01 9.985585619468553276e-01 9.989985602784675622e-01 9.993588474309851311e-01 9.996392504881583818e-01 9.998396347437993326e-01 9.999599038634294779e-01 1.000000000000000000e+00 9.999599038634294779e-01 9.998396347437993326e-01 9.996392504881583818e-01 9.993588474309851311e-01 9.989985602784675622e-01 9.985585619468553276e-01 9.980390633552501667e-01 9.974403131732954009e-01 9.967625975243268321e-01 9.960062396446450750e-01 9.951715994996650494e-01 9.942590733577885143e-01 9.932690933229375574e-01 9.922021268267702254e-01 9.910586760816881835e-01 9.898392774958130191e-01 9.885445010511986208e-01 9.871749496466013518e-01 9.857312584062087879e-01 9.842140939557787460e-01 9.826241536677040589e-01 9.809621648765662894e-01 9.792288840667863203e-01 9.774250960340254979e-01 9.755516130220230897e-01 9.736092738365873522e-01 9.715989429384825904e-01 9.695215095169755770e-01 9.673778865458163567e-01 9.651690098234447790e-01 9.628958369992076660e-01 9.605593465873804027e-01 9.581605369707785202e-01 9.557004253957289697e-01 9.531800469601655612e-01 9.506004535965821844e-01 9.479627130515642097e-01 9.452679078635813914e-01 9.425171343407001689e-01 9.397115015398326276e-01 9.368521302491038538e-01 9.339401519748744551e-01 9.309767079349118291e-01 9.279629480591499169e-01 9.249000299994373231e-01 9.217891181496055131e-01 9.186313826771480562e-01 9.154279985677329368e-01 9.121801446837227711e-01 9.088890028378047159e-01 9.055557568827840020e-01 9.021815918185244199e-01 8.987676929169572393e-01 8.953152448660239848e-01 8.918254309333467633e-01 8.882994321503627777e-01 8.847384265175927132e-01 8.811435882316573931e-01 8.775160869345828285e-01 8.738570869858887091e-01 8.701677467578825542e-01 8.664492179545260075e-01 8.627026449541901343e-01 8.589291641765458563e-01 8.551299034737951388e-01 8.513059815463831503e-01 8.474585073832920923e-01 8.435885797269534470e-01
9.605593465873804027e-01 9.628958369992076660e-01 9.651690098234447790e-01 9.673778865458163567e-01 9.695215095169755770e-01 9.715989429384825904e-01 9.736092738365873522e-01 9.755516130220230897e-01 9.774250960340254979e-01 9.792288840667863203e-01 9.809621648765662894e-01 9.826241536677040589e-01 9.842140939557787460e-01 9.857312584062087879e-01 9.871749496466013518e-01 9.885445010511986208e-01 9.898392774958130191e-01 9.910586760816881835e-01 9.922021268267702254e-01 9.932690933229375574e-01 9.942590733577887363e-01 9.951715994996650494e-01 9.960062396446450750e-01 9.967625975243268321e-01 9.974403131732954009e-01 9.980390633552501667e-01 9.985585619468553276e-01 9.989985602784675622e-01 9.993588474309851311e-01 9.996392504881583818e-01 9.998396347437993326e-01 9.999599038634294779e-01 1.000000000000000000e+00 9.999599038634294779e-01 9.998396347437993326e-01 9.996392504881583818e-01 9.993588474309851311e-01 9.989985602784675622e-01 9.985585619468553276e-01 9.980390633552501667e-01 9.974403131732954009e-01 9.967625975243268321e-01 9.960062396446450750e-01 9.951715994996650494e-01 9.942590733577887363e-01 9.932690933229375574e-01 9.922021268267702254e-01 9.910586760816881835e-01 9.898392774958130191e-01 9.885445010511986208e-01 9.871749496466013518e-01 9.857312584062087879e-01 9.842140939557787460e-01 9.826241536677040589e-01 9.809621648765662894e-01 9.792288840667863203e-01 9.774250960340254979e-01 9.755516130220230897e-01 9.736092738365873522e-01 9.715989429384825904e-01 9.695215095169755770e-01 9.673778865458163567e-01 9.651690098234447790e-01 9.628958369992076660e-01 9.605593465873804027e-01 9.581605369707785202e-01 9.557004253957289697e-01 9.531800469601655612e-01 9.506004535965821844e-01 9.479627130515640987e-01 9.452679078635813914e-01 9.425171343407001689e-01 9.397115015398326276e-01 9.368521302491038538e-01 9.339401519748746772e-01 9.309767079349118291e-01 9.279629480591499169e-01 9.249000299994373231e-01 9.217891181496055131e-01 9.186313826771480562e-01 9.154279985677329368e-01 9.121801446837227711e-01 9.088890028378044939e-01 9.055557568827840020e-01 9.021815918185244199e-01 8.987676929169572393e-01 8.953152448660238738e-01 8.918254309333468743e-01 8.882994321503625557e-01 8.847384265175928242e-01 8.811435882316573931e-01 8.775160869345828285e-01 8.738570869858889312e-01 8.701677467578825542e-01 8.664492179545261186e-01 8.627026449541901343e-01 8.589291641765459673e-01 8.551299034737951388e-01 8.513059815463833724e-01 8.474585073832920923e-01
9.581605369707785202e-01 9.605593465873804027e-01 9.628958369992076660e-01 9.651690098234447790e-01 9.673778865458163567e-01 9.695215095169755770e-01 9.715989429384825904e-01 9.736092738365873522e-01 9.755516130220230897e-01 9.774250960340254979e-01 9.792288840667863203e-01 9.809621648765662894e-01 9.826241536677040589e-01 9.842140939557787460e-01 9.857312584062087879e-01 9.871749496466013518e-01 9.885445010511986208e-01 9.898392774958130191e-01 9.910586760816881835e-01 9.922021268267702254e-01 9.932690933229375574e-01 9.942590733577887363e-01 9.951715994996650494e-01 9.960062396446450750e-01 9.967625975243268321e-01 9.974403131732954009e-01 9.980390633552501667e-01 9.985585619468553276e-01 9.989985602784675622e-01 9.993588474309853531e-01 9.996392504881583818e-01 9.998396347437993326e-01 9.999599038634294779e-01 1.000000000000000000e+00 9.999599038634294779e-01 9.998396347437993326e-01 9.996392504881583818e-01 9.993588474309851311e-01 9.989985602784675622e-01 9.985585619468553276e-01 9.980390633552501667e-01 9.974403131732954009e-01 9.967625975243268321e-01 9.960062396446450750e-01 9.951715994996650494e-01 9.942590733577885143e-01 9.932690933229375574e-01 9.922021268267702254e-01 9.910586760816881835e-01 9.898392774958130191e-01 9.885445010511986208e-01 9.871749496466013518e-01 9.857312584062087879e-01 9.842140939557787460e-01 9.826241536677040589e-01 9.809621648765662894e-01 9.792288840667863203e-01 9.774250960340254979e-01 9.755516130220230897e-01 9.736092738365873522e-01 9.715989429384825904e-01 9.695215095169755770e-01 9.673778865458163567e-01 9.651690098234447790e-01 9.628958369992076660e-01 9.605593465873804027e-01 9.581605369707785202e-01 9.557004253957289697e-01 9.531800469601655612e-01 9.506004535965821844e-01 9.479627130515642097e-01 9.452679078635813914e-01 9.425171343407001689e-01 9.397115015398326276e-01 9.368521302491038538e-01 9.339401519748744551e-01 9.309767079349118291e-01 9.279629480591499169e-01 9.249000299994373231e-01 9.217891181496055131e-01 9.186313826771480562e-01 9.154279985677329368e-01 9.121801446837227711e-01 9.088890028378047159e-01 9.055557568827840020e-01 9.021815918185244199e-01 8.987676929169572393e-01 8.953152448660239848e-01 8.918254309333467633e-01 8.882994321503627777e-01 8.847384265175927132e-01 8.811435882316572821e-01 8.775160869345828285e-01 8.738570869858887091e-01 8.701677467578825542e-01 8.664492179545260075e-01 8.627026449541901343e-01 8.589291641765458563e-01 8.551299034737951388e-01 8.513059815463831503e-01
9.557004253957289697e-01 9.581605369707785202e-01 9.605593465873804027e-01 9.628958369992076660e-01 9.651690098234447790e-01 9.673778865458163567e-01 9.695215095169755770e-01 9.715989429384825904e-01 9.736092738365873522e-01 9.755516130220230897e-01 9.774250960340254979e-01 9.792288840667863203e-01 9.809621648765662894e-01 9.826241536677040589e-01 9.842140939557787460e-01 9.857312584062087879e-01 9.871749496466013518e-01 9.885445010511986208e-01 9.898392774958130191e-01 9.910586760816881835e-01 9.922021268267702254e-01 9.932690933229375574e-01 9.942590733577887363e-01 9.951715994996650494e-01 9.960062396446450750e-01 9.967625975243268321e-01 9.974403131732954009e-01 9.980390633552501667e-01 9.985585619468553276e-01 9.989985602784675622e-01 9.993588474309853531e-01 9.996392504881583818e-01 9.998396347437993326e-01 9.999599038634294779e-01 1.000000000000000000e+00 9.999599038634294779e-01 9.998396347437993326e-01 9.996392504881583818e-01 9.993588474309851311e-01 9.989985602784675622e-01 9.985585619468553276e-01 9.980390633552501667e-01 9.974403131732954009e-01 9.967625975243268321e-01 9.960062396446450750e-01 9.951715994996650494e-01 9.942590733577887363e-01 9.932690933229375574e-01 9.922021268267702254e-01 9.910586760816881835e-01 9.898392774958130191e-01 9.885445010511986208e-01 9.871749496466013518e-01 9.857312584062087879e-01 9.842140939557785240e-01 9.826241536677040589e-01 9.809621648765662894e-01 9.792288840667863203e-01 9.774250960340254979e-01 9.755516130220230897e-01 9.736092738365873522e-01 9.715989429384825904e-01 9.695215095169755770e-01 9.673778865458163567e-01 9.651690098234447790e-01 9.628958369992076660e-01 9.605593465873804027e-01 9.581605369707785202e-01 9.557004253957289697e-01 9.531800469601655612e-01 9.506004535965821844e-01 9.479627130515640987e-01 9.452679078635813914e-01 9.425171343407001689e-01 9.397115015398326276e-01 9.368521302491038538e-01 9.339401519748746772e-01 9.309767079349118291e-01 9.279629480591496948e-01 9.249000299994373231e-01 9.217891181496055131e-01 9.186313826771480562e-01 9.154279985677329368e-01 9.121801446837227711e-01 9.088890028378044939e-01 9.055557568827840020e-01 9.021815918185244199e-01 8.987676929169572393e-01 8.953152448660238738e-01 8.918254309333468743e-01 8.882994321503625557e-01 8.847384265175927132e-01 8.811435882316573931e-01 8.775160869345828285e-01 8.738570869858889312e-01 8.701677467578825542e-01 8.664492179545261186e-01 8.627026449541901343e-01 8.589291641765459673e-01 8.551299034737951388e-01
9.531800469601655612e-01 9.557004253957289697e-01 9.581605369707785202e-01 9.605593465873804027e-01 9.628958369992076660e-01 9.651690098234447790e-01 9.673778865458163567e-01 9.695215095169755770e-01 9.715989429384825904e-01 9.736092738365873522e-01 9.755516130220230897e-01 9.774250960340254979e-01 9.792288840667863203e-01 9.809621648765662894e-01 9.826241536677040589e-01 9.842140939557787460e-01 9.857312584062087879e-01 9.871749496466013518e-01 9.885445010511986208e-01 9.898392774958130191e-01 9.910586760816881835e-01 9.922021268267702254e-01 9.932690933229375574e-01 9.942590733577887363e-01 9.951715994996650494e-01 9.960062396446450750e-01 9.967625975243268321e-01 9.974403131732954009e-01 9.980390633552501667e-01 9.985585619468553276e-01 9.989985602784675622e-01 9.993588474309851311e-01 9.996392504881583818e-01 9.998396347437993326e-01 9.999599038634294779e-01 1.000000000000000000e+00 9.999599038634294779e-01 9.998396347437993326e-01 9.996392504881583818e-01 9.993588474309853531e-01 9.989985602784675622e-01 9.985585619468553276e-01 9.980390633552501667e-01 9.974403131732954009e-01 9.967625975243268321e-01 9.960062396446450750e-01 9.951715994996650494e-01 9.942590733577887363e-01 9.932690933229375574e-01 9.922021268267702254e-01 9.910586760816881835e-01 9.898392774958130191e-01 9.885445010511986208e-01 9.871749496466013518e-01 9.857312584062087879e-01 9.842140939557787460e-01 9.826241536677040589e-01 9.809621648765662894e-01 9.792288840667863203e-01 9.774250960340254979e-01 9.755516130220230897e-01 9.736092738365873522e-01 9.715989429384825904e-01 9.695215095169755770e-01 9.673778865458163567e-01 9.651690098234447790e-01 9.628958369992076660e-01 9.605593465873804027e-01 9.581605369707785202e-01 9.557004253957289697e-01 9.531800469601655612e-01 9.506004535965821844e-01 9.479627130515642097e-01 9.452679078635813914e-01 9.425171343407001689e-01 9.397115015398326276e-01 9.368521302491039648e-01 9.339401519748744551e-01 9.309767079349116070e-01 9.279629480591499169e-01 9.249000299994373231e-01 9.217891181496057351e-01 9.186313826771480562e-01 9.154279985677329368e-01 9.121801446837227711e-01 9.088890028378047159e-01 9.055557568827840020e-01 9.021815918185244199e-01 8.987676929169572393e-01 8.953152448660239848e-01 8.918254309333468743e-01 8.882994321503625557e-01 8.847384265175928242e-01 8.811435882316573931e-01 8.775160869345828285e-01 8.738570869858889312e-01 8.701677467578825542e-01 8.664492179545261186e-01 8.627026449541901343e-01 8.589291641765458563e-01
9.506004535965821844e-01 9.531800469601655612e-01 9.557004253957289697e-01 9.581605369707785202e-01 9.605593465873804027e-01 9.628958369992076660e-01 9.651690098234447790e-01 9.673778865458163567e-01 9.695215095169755770e-01 9.715989429384825904e-01 9.736092738365873522e-01 9.755516130220230897e-01 9.774250960340254979e-01 9.792288840667863203e-01 9.809621648765662894e-01 9.826241536677040589e-01 9.842140939557787460e-01 9.857312584062087879e-01 9.871749496466013518e-01 9.885445010511986208e-01 9.898392774958130191e-01 9.910586760816881835e-01 9.922021268267702254e-01 9.932690933229375574e-01 9.942590733577887363e-01 9.951715994996650494e-01 9.960062396446450750e-01 9.967625975243268321e-01 9.974403131732954009e-01 9.980390633552501667e-01 9.985585619468553276e-01 9.989985602784675622e-01 9.993588474309851311e-01 9.996392504881583818e-01 9.998396347437993326e-01 9.999599038634294779e-01 1.000000000000000000e+00 9.999599038634294779e-01 9.998396347437993326e-01 9.996392504881583818e-01 9.993588474309853531e-01 9.989985602784675622e-01 9.985585619468553276e-01 9.980390633552501667e-01 9.974403131732954009e-01 9.967625975243268321e-01 9.960062396446450750e-01 9.951715994996650494e-01 9.942590733577887363e-01 9.932690933229375574e-01 9.922021268267702254e-01 9.910586760816881835e-01 9.898392774958130191e-01 9.885445010511986208e-01 9.871749496466013518e-01 9.857312584062087879e-01 9.842140939557787460e-01 9.826241536677040589e-01 9.809621648765662894e-01 9.792288840667863203e-01 9.774250960340254979e-01 9.755516130220230897e-01 9.736092738365873522e-01 9.715989429384828124e-01 9.695215095169755770e-01 9.673778865458163567e-01 9.651690098234447790e-01 9.628958369992076660e-01 9.605593465873804027e-01 9.581605369707785202e-01 9.557004253957289697e-01 9.531800469601655612e-01 9.506004535965821844e-01 9.479627130515640987e-01 9.452679078635815024e-01 9.425171343407001689e-01 9.397115015398326276e-01 9.368521302491038538e-01 9.339401519748744551e-01 9.309767079349118291e-01 9.279629480591499169e-01 9.249000299994373231e-01 9.217891181496055131e-01 9.186313826771480562e-01 9.154279985677329368e-01 9.121801446837227711e-01 9.088890028378044939e-01 9.055557568827840020e-01 9.021815918185244199e-01 8.987676929169572393e-01 8.953152448660239848e-01 8.918254309333467633e-01 8.882994321503625557e-01 8.847384265175927132e-01 8.811435882316573931e-01 8.775160869345828285e-01 8.738570869858889312e-01 8.701677467578825542e-01 8.664492179545261186e-01 8.627026449541901343e-01
9.479627130515640987e-01 9.506004535965821844e-01 9.531800469601655612e-01 9.557004253957289697e-01 9.581605369707785202e-01 9.605593465873804027e-01 9.628958369992076660e-01 9.651690098234447790e-01 9.673778865458163567e-01 9.695215095169755770e-01 9.715989429384825904e-01 9.736092738365873522e-01 9.755516130220230897e-01 9.774250960340254979e-01 9.792288840667863203e-01 9.809621648765662894e-01 9.826241536677040589e-01 9.842140939557787460e-01 9.857312584062087879e-01 9.871749496466013518e-01 9.885445010511986208e-01 9.898392774958130191e-01 9.910586760816881835e-01 9.922021268267702254e-01 9.932690933229375574e-01 9.942590733577887363e-01 9.951715994996650494e-01 9.960062396446450750e-01 9.967625975243268321e-01 9.974403131732954009e-01 9.980390633552501667e-01 9.985585619468553276e-01 9.989985602784675622e-01 9.993588474309851311e-01 9.996392504881583818e-01 9.998396347437993326e-01 9.999599038634294779e-01 1.000000000000000000e+00 9.999599038634294779e-01 9.998396347437993326e-01 9.996392504881583818e-01 9.993588474309853531e-01 9.989985602784675622e-01 9.985585619468553276e-01 9.980390633552501667e-01 9.974403131732954009e-01 9.967625975243268321e-01 9.960062396446450750e-01 9.951715994996650494e-01 9.942590733577887363e-01 9.932690933229375574e-01 9.922021268267702254e-01 9.910586760816881835e-01 9.898392774958130191e-01 9.885445010511986208e-01 9.871749496466013518e-01 9.857312584062087879e-01 9.842140939557787460e-01 9.826241536677040589e-01 9.809621648765662894e-01 9.792288840667863203e-01 9.774250960340254979e-01 9.755516130220230897e-01 9.736092738365873522e-01 9.715989429384825904e-01 9.695215095169753550e-01 9.673778865458163567e-01 9.651690098234447790e-01 9.628958369992076660e-01 9.605593465873804027e-01 9.581605369707785202e-01 9.557004253957289697e-01 9.531800469601655612e-01 9.506004535965821844e-01 9.479627130515642097e-01 9.452679078635813914e-01 9.425171343407001689e-01 9.397115015398326276e-01 9.368521302491038538e-01 9.339401519748744551e-01 9.309767079349116070e-01 9.279629480591499169e-01 9.249000299994373231e-01 9.217891181496057351e-01 9.186313826771480562e-01 9.154279985677329368e-01 9.121801446837227711e-01 9.088890028378047159e-01 9.055557568827840020e-01 9.021815918185244199e-01 8.987676929169572393e-01 8.953152448660238738e-01 8.918254309333468743e-01 8.882994321503625557e-01 8.847384265175928242e-01 8.811435882316573931e-01 8.775160869345828285e-01 8.738570869858889312e-01 8.701677467578825542e-01 8.664492179545261186e-01
9.452679078635813914e-01 9.479627130515640987e-01 9.506004535965821844e-01 9.531800469601655612e-01 9.557004253957289697e-01 9.581605369707785202e-01 9.605593465873804027e-01 9.628958369992076660e-01 9.651690098234447790e-01 9.673778865458163567e-01 9.695215095169755770e-01 9.715989429384825904e-01 9.736092738365873522e-01 9.755516130220230897e-01 9.774250960340254979e-01 9.792288840667863203e-01 9.809621648765662894e-01 9.826241536677040589e-01 9.842140939557787460e-01 9.857312584062087879e-01 9.871749496466013518e-01 9.885445010511986208e-01 9.898392774958130191e-01 9.910586760816881835e-01 9.922021268267702254e-01 9.932690933229375574e-01 9.942590733577887363e-01 9.951715994996650494e-01 9.960062396446450750e-01 9.967625975243268321e-01 9.974403131732954009e-01 9.980390633552501667e-01 9.985585619468553276e-01 9.989985602784675622e-01 9.993588474309851311e-01 9.996392504881583818e-01 9.998396347437993326e-01 9.999599038634294779e-01 1.000000000000000000e+00 9.999599038634294779e-01 9.998396347437993326e-01 9.996392504881583818e-01 9.993588474309853531e-01 9.989985602784675622e-01 9.985585619468553276e-01 9.980390633552501667e-01 9.974403131732954009e-01 9.967625975243268321e-01 9.960062396446450750e-01 9.951715994996650494e-01 9.942590733577887363e-01 9.932690933229375574e-01 9.922021268267702254e-01 9.910586760816881835e-01 9.898392774958130191e-01 9.885445010511986208e-01 9.871749496466013518e-01 9.857312584062087879e-01 9.842140939557787460e-01 9.826241536677040589e-01 9.809621648765662894e-01 9.792288840667863203e-01 9.774250960340254979e-01 9.755516130220230897e-01 9.736092738365873522e-01 9.715989429384825904e-01 9.695215095169755770e-01 9.673778865458163567e-01 9.651690098234447790e-01 9.628958369992076660e-01 9.605593465873804027e-01 9.581605369707785202e-01 9.557004253957289697e-01 9.531800469601655612e-01 9.506004535965821844e-01 9.479627130515640987e-01 9.452679078635815024e-01 9.425171343407001689e-01 9.397115015398326276e-01 9.368521302491038538e-01 9.339401519748744551e-01 9.309767079349118291e-01 9.279629480591499169e-01 9.249000299994373231e-01 9.217891181496055131e-01 9.186313826771480562e-01 9.154279985677329368e-01 9.121801446837227711e-01 9.088890028378044939e-01 9.055557568827840020e-01 9.021815918185244199e-01 8.987676929169571283e-01 8.953152448660239848e-01 8.918254309333467633e-01 8.882994321503625557e-01 8.847384265175927132e-01 8.811435882316573931e-01 8.775160869345828285e-01 8.738570869858889312e-01 8.701677467578825542e-01
9.425171343407001689e-01 9.452679078635813914e-01 9.479627130515640987e-01 9.506004535965821844e-01 9.531800469601655612e-01 9.557004253957289697e-01 9.581605369707785202e-01 9.605593465873804027e-01 9.628958369992076660e-01 9.651690098234447790e-01 9.673778865458163567e-01 9.695215095169755770e-01 9.715989429384825904e-01 9.736092738365873522e-01 9.755516130220230897e-01 9.774250960340254979e-01 9.792288840667863203e-01 9.809621648765662894e-01 9.826241536677040589e-01 9.842140939557787460e-01 9.857312584062087879e-01 9.871749496466013518e-01 9.885445010511986208e-01 9.898392774958130191e-01 9.910586760816881835e-01 9.922021268267702254e-01 9.932690933229375574e-01 9.942590733577887363e-01 9.951715994996650494e-01 9.960062396446450750e-01 9.967625975243268321e-01 9.974403131732954009e-01 9.980390633552501667e-01 9.985585619468553276e-01 9.989985602784675622e-01 9.993588474309853531e-01 9.996392504881583818e-01 9.998396347437993326e-01 9.999599038634294779e-01 1.000000000000000000e+00 9.999599038634294779e-01 9.998396347437993326e-01 9.996392504881583818e-01 9.993588474309851311e-01 9.989985602784675622e-01 9.985585619468553276e-01 9.980390633552501667e-01 9.974403131732954009e-01 9.967625975243268321e-01 9.960062396446450750e-01 9.951715994996650494e-01 9.942590733577887363e-01 9.932690933229375574e-01 9.922021268267702254e-01 9.910586760816879615e-01 9.898392774958130191e-01 9.885445010511986208e-01 9.871749496466013518e-01 9.857312584062087879e-01 9.842140939557787460e-01 9.826241536677040589e-01 9.809621648765662894e-01 9.792288840667863203e-01 9.774250960340254979e-01 9.755516130220230897e-01 9.736092738365873522e-01 9.715989429384825904e-01 9.695215095169753550e-01 9.673778865458163567e-01 9.651690098234447790e-01 9.628958369992076660e-01 9.605593465873804027e-01 9.581605369707785202e-01 9.557004253957289697e-01 9.531800469601655612e-01 9.506004535965821844e-01 9.479627130515642097e-01 9.452679078635813914e-01 9.425171343407001689e-01 9.397115015398326276e-01 9.368521302491038538e-01 9.339401519748744551e-01 9.309767079349116070e-01 9.279629480591499169e-01 9.249000299994373231e-01 9.217891181496057351e-01 9.186313826771480562e-01 9.154279985677329368e-01 9.121801446837227711e-01 9.088890028378047159e-01 9.055557568827840020e-01 9.021815918185244199e-01 8.987676929169572393e-01 8.953152448660238738e-01 8.918254309333468743e-01 8.882994321503625557e-01 8.847384265175928242e-01 8.811435882316573931e-01 8.775160869345828285e-01 8.738570869858889312e-01
9.397115015398326276e-01 9.425171343407001689e-01 9.452679078635813914e-01 9.479627130515640987e-01 9.506004535965821844e-01 9.531800469601655612e-01 9.557004253957289697e-01 9.581605369707785202e-01 9.605593465873804027e-01 9.628958369992076660e-01 9.651690098234447790e-01 9.673778865458163567e-01 9.695215095169755770e-01 9.715989429384825904e-01 9.736092738365873522e-01 9.755516130220230897e-01 9.774250960340254979e-01 9.792288840667863203e-01 9.809621648765662894e-01 9.826241536677040589e-01 9.842140939557787460e-01 9.857312584062087879e-01 9.871749496466013518e-01 9.885445010511986208e-01 9.898392774958130191e-01 9.910586760816881835e-01 9.922021268267702254e-01 9.932690933229375574e-01 9.942590733577887363e-01 9.951715994996650494e-01 9.960062396446450750e-01 9.967625975243268321e-01 9.974403131732954009e-01 9.980390633552501667e-01 9.985585619468553276e-01 9.989985602784675622e-01 9.993588474309853531e-01 9.996392504881583818e-01 9.998396347437993326e-01 9.999599038634294779e-01 1.000000000000000000e+00 9.999599038634294779e-01 9.998396347437993326e-01 9.996392504881583818e-01 9.993588474309853531e-01 9.989985602784675622e-01 9.985585619468553276e-01 9.980390633552501667e-01 9.974403131732954009e-01 9.967625975243268321e-01 9.960062396446450750e-01 9.951715994996650494e-01 9.942590733577887363e-01 9.932690933229375574e-01 9.922021268267702254e-01 9.910586760816881835e-01 9.898392774958130191e-01 9.885445010511986208e-01 9.871749496466013518e-01 9.857312584062087879e-01 9.842140939557787460e-01 9.826241536677040589e-01 9.809621648765662894e-01 9.792288840667863203e-01 9.774250960340254979e-01 9.755516130220230897e-01 9.736092738365873522e-01 9.715989429384825904e-01 9.695215095169755770e-01 9.673778865458163567e-01 9.651690098234447790e-01 9.628958369992076660e-01 9.605593465873804027e-01 9.581605369707785202e-01 9.557004253957289697e-01 9.531800469601655612e-01 9.506004535965821844e-01 9.479627130515640987e-01 9.452679078635813914e-01 9.425171343407001689e-01 9.397115015398326276e-01 9.368521302491038538e-01 9.339401519748744551e-01 9.309767079349118291e-01 9.279629480591499169e-01 9.249000299994373231e-01 9.217891181496055131e-01 9.186313826771480562e-01 9.154279985677329368e-01 9.121801446837227711e-01 9.088890028378044939e-01 9.055557568827840020e-01 9.021815918185244199e-01 8.987676929169571283e-01 8.953152448660239848e-01 8.918254309333467633e-01 8.882994321503625557e-01 8.847384265175927132e-01 8.811435882316573931e-01 8.775160869345828285e-01
9.368521302491038538e-01 9.397115015398326276e-01 9.425171343407001689e-01 9.452679078635813914e-01 9.479627130515642097e-01 9.506004535965821844e-01 9.531800469601655612e-01 9.557004253957289697e-01 9.581605369707785202e-01 9.605593465873804027e-01 9.628958369992076660e-01 9.651690098234447790e-01 9.673778865458163567e-01 9.695215095169755770e-01 9.715989429384825904e-01 9.736092738365873522e-01 9.755516130220230897e-01 9.774250960340254979e-01 9.792288840667863203e-01 9.809621648765662894e-01 9.826241536677040589e-01 9.842140939557787460e-01 9.857312584062087879e-01 9.871749496466013518e-01 9.885445010511986208e-01 9.898392774958130191e-01 9.910586760816881835e-01 9.922021268267702254e-01 9.932690933229375574e-01 9.942590733577887363e-01 9.951715994996650494e-01 9.960062396446450750e-01 9.967625975243268321e-01 9.974403131732954009e-01 9.980390633552501667e-01 9.985585619468553276e-01 9.989985602784675622e-01 9.993588474309853531e-01 9.996392504881583818e-01 9.998396347437993326e-01 9.999599038634294779e-01 1.000000000000000000e+00 9.999599038634294779e-01 9.998396347437993326e-01 9.996392504881583818e-01 9.993588474309851311e-01 9.989985602784675622e-01 9.985585619468553276e-01 9.980390633552501667e-01 9.974403131732954009e-01 9.967625975243268321e-01 9.960062396446450750e-01 9.951715994996650494e-01 9.942590733577887363e-01 9.932690933229375574e-01 9.922021268267702254e-01 9.910586760816879615e-01 9.898392774958130191e-01 9.885445010511986208e-01 9.871749496466013518e-01 9.857312584062087879e-01 9.842140939557787460e-01 9.826241536677040589e-01 9.809621648765662894e-01 9.792288840667863203e-01 9.774250960340254979e-01 9.755516130220230897e-01 9.736092738365873522e-01 9.715989429384825904e-01 9.695215095169753550e-01 9.673778865458163567e-01 9.651690098234447790e-01 9.628958369992076660e-01 9.605593465873804027e-01 9.581605369707785202e-01 9.557004253957289697e-01 9.531800469601655612e-01 9.506004535965821844e-01 9.479627130515640987e-01 9.452679078635813914e-01 9.425171343407001689e-01 9.397115015398326276e-01 9.368521302491038538e-01 9.339401519748744551e-01 9.309767079349116070e-01 9.279629480591499169e-01 9.249000299994373231e-01 9.217891181496057351e-01 9.186313826771480562e-01 9.154279985677329368e-01 9.121801446837227711e-01 9.088890028378044939e-01 9.055557568827840020e-01 9.021815918185244199e-01 8.987676929169572393e-01 8.953152448660238738e-01 8.918254309333468743e-01 8.882994321503625557e-01 8.847384265175928242e-01 8.811435882316573931e-01
9.339401519748744551e-01 9.368521302491038538e-01 9.397115015398326276e-01 9.425171343407001689e-01 9.452679078635813914e-01 9.479627130515642097e-01 9.506004535965821844e-01 9.531800469601655612e-01 9.557004253957289697e-01 9.581605369707785202e-01 9.605593465873804027e-01 9.628958369992076660e-01 9.651690098234447790e-01 9.673778865458163567e-01 9.695215095169755770e-01 9.715989429384825904e-01 9.736092738365873522e-01 9.755516130220230897e-01 9.774250960340254979e-01 9.792288840667863203e-01 9.809621648765662894e-01 9.826241536677040589e-01 9.842140939557787460e-01 9.857312584062087879e-01 9.871749496466013518e-01 9.885445010511986208e-01 9.898392774958130191e-01 9.910586760816881835e-01 9.922021268267702254e-01 9.932690933229375574e-01 9.942590733577887363e-01 9.951715994996650494e-01 9.960062396446450750e-01 9.967625975243268321e-01 9.974403131732954009e-01 9.980390633552501667e-01 9.985585619468553276e-01 9.989985602784675622e-01 9.993588474309853531e-01 9.996392504881583818e-01 9.998396347437993326e-01 9.999599038634294779e-01 1.000000000000000000e+00 9.999599038634294779e-01 9.998396347437993326e-01 9.996392504881583818e-01 9.993588474309853531e-01 9.989985602784675622e-01 9.985585619468553276e-01 9.980390633552501667e-01 9.974403131732954009e-01 9.967625975243268321e-01 9.960062396446450750e-01 9.951715994996650494e-01 9.942590733577885143e-01 9.932690933229375574e-01 9.922021268267702254e-01 9.910586760816881835e-01 9.898392774958130191e-01 9.885445010511986208e-01 9.871749496466013518e-01 9.857312584062087879e-01 9.842140939557787460e-01 9.826241536677040589e-01 9.809621648765662894e-01 9.792288840667863203e-01 9.774250960340254979e-01 9.755516130220230897e-01 9.736092738365873522e-01 9.715989429384825904e-01 9.695215095169755770e-01 9.673778865458163567e-01 9.651690098234447790e-01 9.628958369992076660e-01 9.605593465873804027e-01 9.581605369707785202e-01 9.557004253957289697e-01 9.531800469601655612e-01 9.506004535965819624e-01 9.479627130515640987e-01 9.452679078635813914e-01 9.425171343407001689e-01 9.397115015398326276e-01 9.368521302491038538e-01 9.339401519748744551e-01 9.309767079349118291e-01 9.279629480591499169e-01 9.249000299994373231e-01 9.217891181496055131e-01 9.186313826771480562e-01 9.154279985677329368e-01 9.121801446837227711e-01 9.088890028378044939e-01 9.055557568827840020e-01 9.021815918185244199e-01 8.987676929169571283e-01 8.953152448660239848e-01 8.918254309333467633e-01 8.882994321503625557e-01 8.847384265175927132e-01
9.309767079349116070e-01 9.339401519748744551e-01 9.368521302491038538e-01 9.397115015398326276e-01 9.425171343407001689e-01 9.452679078635813914e-01 9.479627130515640987e-01 9.506004535965821844e-01 9.531800469601655612e-01 9.557004253957289697e-01 9.581605369707785202e-01 9.605593465873804027e-01 9.628958369992076660e-01 9.651690098234447790e-01 9.673778865458163567e-01 9.695215095169753550e-01 9.715989429384825904e-01 9.736092738365873522e-01 9.755516130220230897e-01 9.774250960340254979e-01 9.792288840667863203e-01 9.809621648765662894e-01 9.826241536677040589e-01 9.842140939557787460e-01 9.857312584062087879e-01 9.871749496466013518e-01 9.885445010511986208e-01 9.898392774958130191e-01 9.910586760816879615e-01 9.922021268267702254e-01 9.932690933229375574e-01 9.942590733577885143e-01 9.951715994996650494e-01 9.960062396446450750e-01 9.967625975243268321e-01 9.974403131732954009e-01 9.980390633552501667e-01 9.985585619468553276e-01 9.989985602784675622e-01 9.993588474309851311e-01 9.996392504881583818e-01 9.998396347437993326e-01 9.999599038634294779e-01 1.000000000000000000e+00 9.999599038634294779e-01 9.998396347437993326e-01 9.996392504881583818e-01 9.993588474309853531e-01 9.989985602784675622e-01 9.985585619468553276e-01 9.980390633552501667e-01 9.974403131732954009e-01 9.967625975243268321e-01 9.960062396446450750e-01 9.951715994996650494e-01 9.942590733577887363e-01 9.932690933229375574e-01 9.922021268267702254e-01 9.910586760816881835e-01 9.898392774958130191e-01 9.885445010511986208e-01 9.871749496466013518e-01 9.857312584062087879e-01 9.842140939557787460e-01 9.826241536677040589e-01 9.809621648765662894e-01 9.792288840667863203e-01 9.774250960340254979e-01 9.755516130220230897e-01 9.736092738365873522e-01 9.715989429384828124e-01 9.695215095169755770e-01 9.673778865458163567e-01 9.651690098234447790e-01 9.628958369992076660e-01 9.605593465873804027e-01 9.581605369707785202e-01 9.557004253957289697e-01 9.531800469601655612e-01 9.506004535965821844e-01 9.479627130515640987e-01 9.452679078635815024e-01 9.425171343407001689e-01 9.397115015398326276e-01 9.368521302491038538e-01 9.339401519748746772e-01 9.309767079349118291e-01 9.279629480591499169e-01 9.249000299994373231e-01 9.217891181496057351e-01 9.186313826771480562e-01 9.154279985677329368e-01 9.121801446837227711e-01 9.088890028378044939e-01 9.055557568827840020e-01 9.021815918185244199e-01 8.987676929169572393e-01 8.953152448660239848e-01 8.918254309333468743e-01 8.882994321503625557e-01
9.279629480591499169e-01 9.309767079349118291e-01 9.339401519748744551e-01 9.368521302491038538e-01 9.397115015398326276e-01 9.425171343407001689e-01 9.452679078635813914e-01 9.479627130515642097e-01 9.506004535965821844e-01 9.531800469601655612e-01 9.557004253957289697e-01 9.581605369707785202e-01 9.605593465873804027e-01 9.628958369992076660e-01 9.651690098234447790e-01 9.673778865458163567e-01 9.695215095169755770e-01 9.715989429384825904e-01 9.736092738365873522e-01 9.755516130220230897e-01 9.774250960340254979e-01 9.792288840667863203e-01 9.809621648765662894e-01 9.826241536677040589e-01 9.842140939557787460e-01 9.857312584062087879e-01 9.871749496466013518e-01 9.885445010511986208e-01 9.898392774958130191e-01 9.910586760816881835e-01 9.922021268267702254e-01 9.932690933229375574e-01 9.942590733577887363e-01 9.951715994996650494e-01 9.960062396446450750e-01 9.967625975243268321e-01 9.974403131732954009e-01 9.980390633552501667e-01 9.985585619468553276e-01 9.989985602784675622e-01 9.993588474309853531e-01 9.996392504881583818e-01 9.998396347437993326e-01 9.999599038634294779e-01 1.000000000000000000e+00 9.999599038634294779e-01 9.998396347437993326e-01 9.996392504881583818e-01 9.993588474309851311e-01 9.989985602784675622e-01 9.985585619468553276e-01 9.980390633552501667e-01 9.974403131732954009e-01 9.967625975243268321e-01 9.960062396446450750e-01 9.951715994996650494e-01 9.942590733577885143e-01 9.932690933229375574e-01 9.922021268267702254e-01 9.910586760816881835e-01 9.898392774958130191e-01 9.885445010511986208e-01 9.871749496466013518e-01 9.857312584062087879e-01 9.842140939557787460e-01 9.826241536677040589e-01 9.809621648765662894e-01 9.792288840667863203e-01 9.774250960340254979e-01 9.755516130220230897e-01 9.736092738365873522e-01 9.715989429384825904e-01 9.695215095169755770e-01 9.673778865458163567e-01 9.651690098234447790e-01 9.628958369992076660e-01 9.605593465873804027e-01 9.581605369707785202e-01 9.557004253957289697e-01 9.531800469601655612e-01 9.506004535965819624e-01 9.479627130515640987e-01 9.452679078635813914e-01 9.425171343407001689e-01 9.397115015398326276e-01 9.368521302491038538e-01 9.339401519748744551e-01 9.309767079349118291e-01 9.279629480591499169e-01 9.249000299994373231e-01 9.217891181496055131e-01 9.186313826771480562e-01 9.154279985677329368e-01 9.121801446837227711e-01 9.088890028378044939e-01 9.055557568827840020e-01 9.021815918185244199e-01 8.987676929169571283e-01 8.953152448660239848e-01 8.918254309333467633e-01
9.249000299994373231e-01 9.279629480591499169e-01 9.309767079349116070e-01 9.339401519748744551e-01 9.368521302491038538e-01 9.397115015398326276e-01 9.425171343407001689e-01 9.452679078635813914e-01 9.479627130515640987e-01 9.506004535965821844e-01 9.531800469601655612e-01 9.557004253957289697e-01 9.581605369707785202e-01 9.605593465873804027e-01 9.628958369992076660e-01 9.651690098234447790e-01 9.673778865458163567e-01 9.695215095169753550e-01 9.715989429384825904e-01 9.736092738365873522e-01 9.755516130220230897e-01 9.774250960340254979e-01 9.792288840667863203e-01 9.809621648765662894e-01 9.826241536677040589e-01 9.842140939557787460e-01 9.857312584062087879e-01 9.871749496466013518e-01 9.885445010511986208e-01 9.898392774958130191e-01 9.910586760816881835e-01 9.922021268267702254e-01 9.932690933229375574e-01 9.942590733577885143e-01 9.951715994996650494e-01 9.960062396446450750e-01 9.967625975243268321e-01 9.974403131732954009e-01 9.980390633552501667e-01 9.985585619468553276e-01 9.989985602784675622e-01 9.993588474309851311e-01 9.996392504881583818e-01 9.998396347437993326e-01 9.999599038634294779e-01 1.000000000000000000e+00 9.999599038634294779e-01 9.998396347437993326e-01 9.996392504881583818e-01 9.993588474309853531e-01 9.989985602784675622e-01 9.985585619468553276e-01 9.980390633552501667e-01 9.974403131732954009e-01 9.967625975243268321e-01 9.960062396446450750e-01 9.951715994996650494e-01 9.942590733577887363e-01 9.932690933229375574e-01 9.922021268267702254e-01 9.910586760816881835e-01 9.898392774958130191e-01 9.885445010511986208e-01 9.871749496466013518e-01 9.857312584062087879e-01 9.842140939557787460e-01 9.826241536677040589e-01 9.809621648765662894e-01 9.792288840667863203e-01 9.774250960340254979e-01 9.755516130220230897e-01 9.736092738365873522e-01 9.715989429384828124e-01 9.695215095169755770e-01 9.673778865458163567e-01 9.651690098234447790e-01 9.628958369992076660e-01 9.605593465873804027e-01 9.581605369707785202e-01 9.557004253957289697e-01 9.531800469601655612e-01 9.506004535965821844e-01 9.479627130515640987e-01 9.452679078635815024e-01 9.425171343407001689e-01 9.397115015398326276e-01 9.368521302491038538e-01 9.339401519748746772e-01 9.309767079349118291e-01 9.279629480591499169e-01 9.249000299994373231e-01 9.217891181496055131e-01 9.186313826771480562e-01 9.154279985677329368e-01 9.121801446837227711e-01 9.088890028378044939e-01 9.055557568827840020e-01 9.021815918185244199e-01 8.987676929169572393e-01 8.953152448660239848e-01
9.217891181496057351e-01 9.249000299994373231e-01 9.279629480591499169e-01 9.309767079349118291e-01 9.339401519748746772e-01 9.368521302491038538e-01 9.397115015398326276e-01 9.425171343407001689e-01 9.452679078635813914e-01 9.479627130515642097e-01 9.506004535965821844e-01 9.531800469601655612e-01 9.557004253957289697e-01 9.581605369707785202e-01 9.605593465873804027e-01 9.628958369992076660e-01 9.651690098234447790e-01 9.673778865458163567e-01 9.695215095169755770e-01 9.715989429384825904e-01 9.736092738365873522e-01 9.755516130220230897e-01 9.774250960340254979e-01 9.792288840667863203e-01 9.809621648765662894e-01 9.826241536677040589e-01 9.842140939557787460e-01 9.857312584062087879e-01 9.871749496466013518e-01 9.885445010511986208e-01 9.898392774958130191e-01 9.910586760816881835e-01 9.922021268267702254e-01 9.932690933229375574e-01 9.942590733577887363e-01 9.951715994996650494e-01 9.960062396446450750e-01 9.967625975243268321e-01 9.974403131732954009e-01 9.980390633552501667e-01 9.985585619468553276e-01 9.989985602784675622e-01 9.993588474309853531e-01 9.996392504881583818e-01 9.998396347437993326e-01 9.999599038634294779e-01 1.000000000000000000e+00 9.999599038634294779e-01 9.998396347437993326e-01 9.996392504881583818e-01 9.993588474309851311e-01 9.989985602784675622e-01 9.985585619468553276e-01 9.980390633552501667e-01 9.974403131732954009e-01 9.967625975243268321e-01 9.960062396446450750e-01 9.951715994996650494e-01 9.942590733577885143e-01 9.932690933229375574e-01 9.922021268267702254e-01 9.910586760816881835e-01 9.898392774958130191e-01 9.885445010511986208e-01 9.871749496466013518e-01 9.857312584062087879e-01 9.842140939557787460e-01 9.826241536677040589e-01 9.809621648765662894e-01 9.792288840667863203e-01 9.774250960340254979e-01 9.755516130220230897e-01 9.736092738365873522e-01 9.715989429384825904e-01 9.695215095169755770e-01 9.673778865458163567e-01 9.651690098234447790e-01 9.628958369992076660e-01 9.605593465873804027e-01 9.581605369707785202e-01 9.557004253957289697e-01 9.531800469601655612e-01 9.506004535965819624e-01 9.479627130515640987e-01 9.452679078635813914e-01 9.425171343407001689e-01 9.397115015398326276e-01 9.368521302491038538e-01 9.339401519748744551e-01 9.309767079349118291e-01 9.279629480591499169e-01 9.249000299994373231e-01 9.217891181496055131e-01 9.186313826771480562e-01 9.154279985677329368e-01 9.121801446837227711e-01 9.088890028378044939e-01 9.055557568827840020e-01 9.021815918185244199e-01 8.987676929169571283e-01
9.186313826771480562e-01 9.217891181496055131e-01 9.249000299994373231e-01 9.279629480591499169e-01 9.309767079349118291e-01 9.339401519748744551e-01 9.368521302491038538e-01 9.397115015398326276e-01 9.425171343407001689e-01 9.452679078635813914e-01 9.479627130515640987e-01 9.506004535965821844e-01 9.531800469601655612e-01 9.557004253957289697e-01 9.581605369707785202e-01 9.605593465873804027e-01 9.628958369992076660e-01 9.651690098234447790e-01 9.673778865458163567e-01 9.695215095169755770e-01 9.715989429384825904e-01 9.736092738365873522e-01 9.755516130220230897e-01 9.774250960340254979e-01 9.792288840667863203e-01 9.809621648765662894e-01 9.826241536677040589e-01 9.842140939557787460e-01 9.857312584062087879e-01 9.871749496466013518e-01 9.885445010511986208e-01 9.898392774958130191e-01 9.910586760816881835e-01 9.922021268267702254e-01 9.932690933229375574e-01 9.942590733577887363e-01 9.951715994996650494e-01 9.960062396446450750e-01 9.967625975243268321e-01 9.974403131732954009e-01 9.980390633552501667e-01 9.985585619468553276e-01 9.989985602784675622e-01 9.993588474309853531e-01 9.996392504881583818e-01 9.998396347437993326e-01 9.999599038634294779e-01 1.000000000000000000e+00 9.999599038634294779e-01 9.998396347437993326e-01 9.996392504881583818e-01 9.993588474309853531e-01 9.989985602784675622e-01 9.985585619468553276e-01 9.980390633552501667e-01 9.974403131732954009e-01 9.967625975243268321e-01 9.960062396446450750e-01 9.951715994996650494e-01 9.942590733577887363e-01 9.932690933229375574e-01 9.922021268267702254e-01 9.910586760816881835e-01 9.898392774958130191e-01 9.885445010511986208e-01 9.871749496466013518e-01 9.857312584062087879e-01 9.842140939557787460e-01 9.826241536677040589e-01 9.809621648765662894e-01 9.792288840667863203e-01 9.774250960340254979e-01 9.755516130220230897e-01 9.736092738365873522e-01 9.715989429384828124e-01 9.695215095169755770e-01 9.673778865458163567e-01 9.651690098234447790e-01 9.628958369992076660e-01 9.605593465873804027e-01 9.581605369707785202e-01 9.557004253957289697e-01 9.531800469601655612e-01 9.506004535965821844e-01 9.479627130515640987e-01 9.452679078635815024e-01 9.425171343407001689e-01 9.397115015398326276e-01 9.368521302491038538e-01 9.339401519748746772e-01 9.309767079349118291e-01 9.279629480591499169e-01 9.249000299994373231e-01 9.217891181496055131e-01 9.186313826771480562e-01 9.154279985677329368e-01 9.121801446837227711e-01 9.088890028378044939e-01 9.055557568827840020e-01 9.021815918185244199e-01
9.154279985677329368e-01 9.186313826771480562e-01 9.217891181496055131e-01 9.249000299994373231e-01 9.279629480591499169e-01 9.309767079349118291e-01 9.339401519748744551e-01 9.368521302491038538e-01 9.397115015398326276e-01 9.425171343407001689e-01 9.452679078635813914e-01 9.479627130515640987e-01 9.506004535965821844e-01 9.531800469601655612e-01 9.557004253957289697e-01 9.581605369707785202e-01 9.605593465873804027e-01 9.628958369992076660e-01 9.651690098234447790e-01 9.673778865458163567e-01 9.695215095169755770e-01 9.715989429384825904e-01 9.736092738365873522e-01 9.755516130220230897e-01 9.774250960340254979e-01 9.792288840667863203e-01 9.809621648765662894e-01 9.826241536677040589e-01 9.842140939557787460e-01 9.857312584062087879e-01 9.871749496466013518e-01 9.885445010511986208e-01 9.898392774958130191e-01 9.910586760816881835e-01 9.922021268267702254e-01 9.932690933229375574e-01 9.942590733577887363e-01 9.951715994996650494e-01 9.960062396446450750e-01 9.967625975243268321e-01 9.974403131732954009e-01 9.980390633552501667e-01 9.985585619468553276e-01 9.989985602784675622e-01 9.993588474309851311e-01 9.996392504881583818e-01 9.998396347437993326e-01 9.999599038634294779e-01 1.000000000000000000e+00 9.999599038634294779e-01 9.998396347437993326e-01 9.996392504881583818e-01 9.993588474309853531e-01 9.989985602784675622e-01 9.985585619468553276e-01 9.980390633552501667e-01 9.974403131732954009e-01 9.967625975243268321e-01 9.960062396446450750e-01 9.951715994996650494e-01 9.942590733577887363e-01 9.932690933229375574e-01 9.922021268267702254e-01 9.910586760816881835e-01 9.898392774958130191e-01 9.885445010511986208e-01 9.871749496466013518e-01 9.857312584062087879e-01 9.842140939557787460e-01 9.826241536677040589e-01 9.809621648765662894e-01 9.792288840667863203e-01 9.774250960340254979e-01 9.755516130220230897e-01 9.736092738365873522e-01 9.715989429384825904e-01 9.695215095169755770e-01 9.673778865458163567e-01 9.651690098234447790e-01 9.628958369992076660e-01 9.605593465873804027e-01 9.581605369707785202e-01 9.557004253957289697e-01 9.531800469601655612e-01 9.506004535965821844e-01 9.479627130515642097e-01 9.452679078635813914e-01 9.425171343407001689e-01 9.397115015398326276e-01 9.368521302491039648e-01 9.339401519748744551e-01 9.309767079349116070e-01 9.279629480591499169e-01 9.249000299994373231e-01 9.217891181496057351e-01 9.186313826771480562e-01 9.154279985677329368e-01 9.121801446837227711e-01 9.088890028378047159e-01 9.055557568827840020e-01
9.121801446837227711e-01 9.154279985677329368e-01 9.186313826771480562e-01 9.217891181496055131e-01 9.249000299994373231e-01 9.279629480591499169e-01 9.309767079349118291e-01 9.339401519748744551e-01 9.368521302491038538e-01 9.397115015398326276e-01 9.425171343407001689e-01 9.452679078635813914e-01 9.479627130515640987e-01 9.506004535965821844e-01 9.531800469601655612e-01 9.557004253957289697e-01 9.581605369707785202e-01 9.605593465873804027e-01 9.628958369992076660e-01 9.651690098234447790e-01 9.673778865458163567e-01 9.695215095169755770e-01 9.715989429384825904e-01 9.736092738365873522e-01 9.755516130220230897e-01 9.774250960340254979e-01 9.792288840667863203e-01 9.809621648765662894e-01 9.826241536677040589e-01 9.842140939557787460e-01 9.857312584062087879e-01 9.871749496466013518e-01 9.885445010511986208e-01 9.898392774958130191e-01 9.910586760816881835e-01 9.922021268267702254e-01 9.932690933229375574e-01 9.942590733577887363e-01 9.951715994996650494e-01 9.960062396446450750e-01 9.967625975243268321e-01 9.974403131732954009e-01 9.980390633552501667e-01 9.985585619468553276e-01 9.989985602784675622e-01 9.993588474309853531e-01 9.996392504881583818e-01 9.998396347437993326e-01 9.999599038634294779e-01 1.000000000000000000e+00 9.999599038634294779e-01 9.998396347437993326e-01 9.996392504881583818e-01 9.993588474309853531e-01 9.989985602784675622e-01 9.985585619468553276e-01 9.980390633552501667e-01 9.974403131732954009e-01 9.967625975243268321e-01 9.960062396446450750e-01 9.951715994996650494e-01 9.942590733577887363e-01 9.932690933229375574e-01 9.922021268267702254e-01 9.910586760816881835e-01 9.898392774958130191e-01 9.885445010511986208e-01 9.871749496466013518e-01 9.857312584062087879e-01 9.842140939557787460e-01 9.826241536677040589e-01 9.809621648765662894e-01 9.792288840667863203e-01 9.774250960340254979e-01 9.755516130220230897e-01 9.736092738365873522e-01 9.715989429384828124e-01 9.695215095169755770e-01 9.673778865458163567e-01 9.651690098234447790e-01 9.628958369992076660e-01 9.605593465873804027e-01 9.581605369707785202e-01 9.557004253957289697e-01 9.531800469601655612e-01 9.506004535965821844e-01 9.479627130515640987e-01 9.452679078635815024e-01 9.425171343407001689e-01 9.397115015398326276e-01 9.368521302491038538e-01 9.339401519748744551e-01 9.309767079349118291e-01 9.279629480591499169e-01 9.249000299994373231e-01 9.217891181496055131e-01 9.186313826771480562e-01 9.154279985677329368e-01 9.121801446837227711e-01 9.088890028378044939e-01
9.088890028378044939e-01 9.121801446837227711e-01 9.154279985677329368e-01 9.186313826771480562e-01 9.217891181496055131e-01 9.249000299994373231e-01 9.279629480591499169e-01 9.309767079349118291e-01 9.339401519748744551e-01 9.368521302491038538e-01 9.397115015398326276e-01 9.425171343407001689e-01 9.452679078635813914e-01 9.479627130515640987e-01 9.506004535965821844e-01 9.531800469601655612e-01 9.557004253957289697e-01 9.581605369707785202e-01 9.605593465873804027e-01 9.628958369992076660e-01 9.651690098234447790e-01 9.673778865458163567e-01 9.695215095169755770e-01 9.715989429384825904e-01 9.736092738365873522e-01 9.755516130220230897e-01 9.774250960340254979e-01 9.792288840667863203e-01 9.809621648765662894e-01 9.826241536677040589e-01 9.842140939557787460e-01 9.857312584062087879e-01 9.871749496466013518e-01 9.885445010511986208e-01 9.898392774958130191e-01 9.910586760816881835e-01 9.922021268267702254e-01 9.932690933229375574e-01 9.942590733577887363e-01 9.951715994996650494e-01 9.960062396446450750e-01 9.967625975243268321e-01 9.974403131732954009e-01 9.980390633552501667e-01 9.985585619468553276e-01 9.989985602784675622e-01 9.993588474309851311e-01 9.996392504881583818e-01 9.998396347437993326e-01 9.999599038634294779e-01 1.000000000000000000e+00 9.999599038634294779e-01 9.998396347437993326e-01 9.996392504881583818e-01 9.993588474309851311e-01 9.989985602784675622e-01 9.985585619468553276e-01 9.980390633552501667e-01 9.974403131732954009e-01 9.967625975243268321e-01 9.960062396446450750e-01 9.951715994996650494e-01 9.942590733577887363e-01 9.932690933229375574e-01 9.922021268267702254e-01 9.910586760816879615e-01 9.898392774958130191e-01 9.885445010511986208e-01 9.871749496466013518e-01 9.857312584062087879e-01 9.842140939557787460e-01 9.826241536677040589e-01 9.809621648765662894e-01 9.792288840667863203e-01 9.774250960340254979e-01 9.755516130220230897e-01 9.736092738365873522e-01 9.715989429384825904e-01 9.695215095169753550e-01 9.673778865458163567e-01 9.651690098234447790e-01 9.628958369992076660e-01 9.605593465873804027e-01 9.581605369707785202e-01 9.557004253957289697e-01 9.531800469601655612e-01 9.506004535965821844e-01 9.479627130515642097e-01 9.452679078635813914e-01 9.425171343407001689e-01 9.397115015398326276e-01 9.368521302491038538e-01 9.339401519748744551e-01 9.309767079349116070e-01 9.279629480591499169e-01 9.249000299994373231e-01 9.217891181496057351e-01 9.186313826771480562e-01 9.154279985677329368e-01 9.121801446837227711e-01
9.055557568827840020e-01 9.088890028378044939e-01 9.121801446837227711e-01 9.154279985677329368e-01 9.186313826771480562e-01 9.217891181496055131e-01 9.249000299994373231e-01 9.279629480591499169e-01 9.309767079349118291e-01 9.339401519748744551e-01 9.368521302491038538e-01 9.397115015398326276e-01 9.425171343407001689e-01 9.452679078635813914e-01 9.479627130515640987e-01 9.506004535965821844e-01 9.531800469601655612e-01 9.557004253957289697e-01 9.581605369707785202e-01 9.605593465873804027e-01 9.628958369992076660e-01 9.651690098234447790e-01 9.673778865458163567e-01 9.695215095169755770e-01 9.715989429384825904e-01 9.736092738365873522e-01 9.755516130220230897e-01 9.774250960340254979e-01 9.792288840667863203e-01 9.809621648765662894e-01 9.826241536677040589e-01 9.842140939557787460e-01 9.857312584062087879e-01 9.871749496466013518e-01 9.885445010511986208e-01 9.898392774958130191e-01 9.910586760816881835e-01 9.922021268267702254e-01 9.932690933229375574e-01 9.942590733577887363e-01 9.951715994996650494e-01 9.960062396446450750e-01 9.967625975243268321e-01 9.974403131732954009e-01 9.980390633552501667e-01 9.985585619468553276e-01 9.989985602784675622e-01 9.993588474309853531e-01 9.996392504881583818e-01 9.998396347437993326e-01 9.999599038634294779e-01 1.000000000000000000e+00 9.999599038634294779e-01 9.998396347437993326e-01 9.996392504881583818e-01 9.993588474309853531e-01 9.989985602784675622e-01 9.985585619468553276e-01 9.980390633552501667e-01 9.974403131732954009e-01 9.967625975243268321e-01 9.960062396446450750e-01 9.951715994996650494e-01 9.942590733577887363e-01 9.932690933229375574e-01 9.922021268267702254e-01 9.910586760816881835e-01 9.898392774958130191e-01 9.885445010511986208e-01 9.871749496466013518e-01 9.857312584062087879e-01 9.842140939557787460e-01 9.826241536677040589e-01 9.809621648765662894e-01 9.792288840667863203e-01 9.774250960340254979e-01 9.755516130220230897e-01 9.736092738365873522e-01 9.715989429384825904e-01 9.695215095169755770e-01 9.673778865458163567e-01 9.651690098234447790e-01 9.628958369992076660e-01 9.605593465873804027e-01 9.581605369707785202e-01 9.557004253957289697e-01 9.531800469601655612e-01 9.506004535965821844e-01 9.479627130515640987e-01 9.452679078635815024e-01 9.425171343407001689e-01 9.397115015398326276e-01 9.368521302491038538e-01 9.339401519748744551e-01 9.309767079349118291e-01 9.279629480591499169e-01 9.249000299994373231e-01 9.217891181496055131e-01 9.186313826771480562e-01 9.154279985677329368e-01
9.021815918185244199e-01 9.055557568827840020e-01 9.088890028378044939e-01 9.121801446837227711e-01 9.154279985677329368e-01 9.186313826771480562e-01 9.217891181496055131e-01 9.249000299994373231e-01 9.279629480591499169e-01 9.309767079349118291e-01 9.339401519748744551e-01 9.368521302491038538e-01 9.397115015398326276e-01 9.425171343407001689e-01 9.452679078635813914e-01 9.479627130515640987e-01 9.506004535965821844e-01 9.531800469601655612e-01 9.557004253957289697e-01 9.581605369707785202e-01 9.605593465873804027e-01 9.628958369992076660e-01 9.651690098234447790e-01 9.673778865458163567e-01 9.695215095169755770e-01 9.715989429384825904e-01 9.736092738365873522e-01 9.755516130220230897e-01 9.774250960340254979e-01 9.792288840667863203e-01 9.809621648765662894e-01 9.826241536677040589e-01 9.842140939557787460e-01 9.857312584062087879e-01 9.871749496466013518e-01 9.885445010511986208e-01 9.898392774958130191e-01 9.910586760816881835e-01 9.922021268267702254e-01 9.932690933229375574e-01 9.942590733577887363e-01 9.951715994996650494e-01 9.960062396446450750e-01 9.967625975243268321e-01 9.974403131732954009e-01 9.980390633552501667e-01 9.985585619468553276e-01 9.989985602784675622e-01 9.993588474309853531e-01 9.996392504881583818e-01 9.998396347437993326e-01 9.999599038634294779e-01 1.000000000000000000e+00 9.999599038634294779e-01 9.998396347437993326e-01 9.996392504881583818e-01 9.993588474309851311e-01 9.989985602784675622e-01 9.985585619468553276e-01 9.980390633552501667e-01 9.974403131732954009e-01 9.967625975243268321e-01 9.960062396446450750e-01 9.951715994996650494e-01 9.942590733577887363e-01 9.932690933229375574e-01 9.922021268267702254e-01 9.910586760816879615e-01 9.898392774958130191e-01 9.885445010511986208e-01 9.871749496466013518e-01 9.857312584062087879e-01 9.842140939557787460e-01 9.826241536677040589e-01 9.809621648765662894e-01 9.792288840667863203e-01 9.774250960340254979e-01 9.755516130220230897e-01 9.736092738365873522e-01 9.715989429384825904e-01 9.695215095169753550e-01 9.673778865458163567e-01 9.651690098234447790e-01 9.628958369992076660e-01 9.605593465873804027e-01 9.581605369707785202e-01 9.557004253957289697e-01 9.531800469601655612e-01 9.506004535965821844e-01 9.479627130515642097e-01 9.452679078635813914e-01 9.425171343407001689e-01 9.397115015398326276e-01 9.368521302491038538e-01 9.339401519748744551e-01 9.309767079349116070e-01 9.279629480591499169e-01 9.249000299994373231e-01 9.217891181496057351e-01 9.186313826771480562e-01
8.987676929169572393e-01 9.021815918185244199e-01 9.055557568827840020e-01 9.088890028378044939e-01 9.121801446837227711e-01 9.154279985677329368e-01 9.186313826771480562e-01 9.217891181496055131e-01 9.249000299994373231e-01 9.279629480591499169e-01 9.309767079349118291e-01 9.339401519748744551e-01 9.368521302491038538e-01 9.397115015398326276e-01 9.425171343407001689e-01 9.452679078635813914e-01 9.479627130515640987e-01 9.506004535965821844e-01 9.531800469601655612e-01 9.557004253957289697e-01 9.581605369707785202e-01 9.605593465873804027e-01 9.628958369992076660e-01 9.651690098234447790e-01 9.673778865458163567e-01 9.695215095169755770e-01 9.715989429384825904e-01 9.736092738365873522e-01 9.755516130220230897e-01 9.774250960340254979e-01 9.792288840667863203e-01 9.809621648765662894e-01 9.826241536677040589e-01 9.842140939557787460e-01 9.857312584062087879e-01 9.871749496466013518e-01 9.885445010511986208e-01 9.898392774958130191e-01 9.910586760816881835e-01 9.922021268267702254e-01 9.932690933229375574e-01 9.942590733577887363e-01 9.951715994996650494e-01 9.960062396446450750e-01 9.967625975243268321e-01 9.974403131732954009e-01 9.980390633552501667e-01 9.985585619468553276e-01 9.989985602784675622e-01 9.993588474309853531e-01 9.996392504881583818e-01 9.998396347437993326e-01 9.999599038634294779e-01 1.000000000000000000e+00 9.999599038634294779e-01 9.998396347437993326e-01 9.996392504881583818e-01 9.993588474309853531e-01 9.989985602784675622e-01 9.985585619468553276e-01 9.980390633552501667e-01 9.974403131732954009e-01 9.967625975243268321e-01 9.960062396446450750e-01 9.951715994996650494e-01 9.942590733577885143e-01 9.932690933229375574e-01 9.922021268267702254e-01 9.910586760816881835e-01 9.898392774958130191e-01 9.885445010511986208e-01 9.871749496466013518e-01 9.857312584062087879e-01 9.842140939557787460e-01 9.826241536677040589e-01 9.809621648765662894e-01 9.792288840667863203e-01 9.774250960340254979e-01 9.755516130220230897e-01 9.736092738365873522e-01 9.715989429384825904e-01 9.695215095169755770e-01 9.673778865458163567e-01 9.651690098234447790e-01 9.628958369992076660e-01 9.605593465873804027e-01 9.581605369707785202e-01 9.557004253957289697e-01 9.531800469601655612e-01 9.506004535965821844e-01 9.479627130515640987e-01 9.452679078635813914e-01 9.425171343407001689e-01 9.397115015398326276e-01 9.368521302491038538e-01 9.339401519748744551e-01 9.309767079349118291e-01 9.279629480591499169e-01 9.249000299994373231e-01 9.217891181496055131e-01
8.953152448660238738e-01 8.987676929169571283e-01 9.021815918185244199e-01 9.055557568827840020e-01 9.088890028378044939e-01 9.121801446837227711e-01 9.154279985677329368e-01 9.186313826771480562e-01 9.217891181496055131e-01 9.249000299994373231e-01 9.279629480591499169e-01 9.309767079349116070e-01 9.339401519748744551e-01 9.368521302491038538e-01 9.397115015398326276e-01 9.425171343407001689e-01 9.452679078635813914e-01 9.479627130515640987e-01 9.506004535965821844e-01 9.531800469601655612e-01 9.557004253957289697e-01 9.581605369707785202e-01 9.605593465873804027e-01 9.628958369992076660e-01 9.651690098234447790e-01 9.673778865458163567e-01 9.695215095169753550e-01 9.715989429384825904e-01 9.736092738365873522e-01 9.755516130220230897e-01 9.774250960340254979e-01 9.792288840667863203e-01 9.809621648765662894e-01 9.826241536677040589e-01 9.842140939557785240e-01 9.857312584062087879e-01 9.871749496466013518e-01 9.885445010511986208e-01 9.898392774958130191e-01 9.910586760816879615e-01 9.922021268267702254e-01 9.932690933229375574e-01 9.942590733577885143e-01 9.951715994996650494e-01 9.960062396446450750e-01 9.967625975243268321e-01 9.974403131732954009e-01 9.980390633552501667e-01 9.985585619468553276e-01 9.989985602784675622e-01 9.993588474309851311e-01 9.996392504881583818e-01 9.998396347437993326e-01 9.999599038634294779e-01 1.000000000000000000e+00 9.999599038634294779e-01 9.998396347437993326e-01 9.996392504881583818e-01 9.993588474309853531e-01 9.989985602784675622e-01 9.985585619468553276e-01 9.980390633552501667e-01 9.974403131732954009e-01 9.967625975243268321e-01 9.960062396446450750e-01 9.951715994996650494e-01 9.942590733577887363e-01 9.932690933229375574e-01 9.922021268267702254e-01 9.910586760816881835e-01 9.898392774958130191e-01 9.885445010511986208e-01 9.871749496466013518e-01 9.857312584062087879e-01 9.842140939557787460e-01 9.826241536677040589e-01 9.809621648765662894e-01 9.792288840667863203e-01 9.774250960340254979e-01 9.755516130220230897e-01 9.736092738365873522e-01 9.715989429384828124e-01 9.695215095169755770e-01 9.673778865458163567e-01 9.651690098234447790e-01 9.628958369992076660e-01 9.605593465873804027e-01 9.581605369707785202e-01 9.557004253957289697e-01 9.531800469601655612e-01 9.506004535965821844e-01 9.479627130515640987e-01 9.452679078635815024e-01 9.425171343407001689e-01 9.397115015398326276e-01 9.368521302491038538e-01 9.339401519748746772e-01 9.309767079349118291e-01 9.279629480591499169e-01 9.249000299994373231e-01
8.918254309333468743e-01 8.953152448660239848e-01 8.987676929169572393e-01 9.021815918185244199e-01 9.055557568827840020e-01 9.088890028378047159e-01 9.121801446837227711e-01 9.154279985677329368e-01 9.186313826771480562e-01 9.217891181496057351e-01 9.249000299994373231e-01 9.279629480591499169e-01 9.309767079349118291e-01 9.339401519748744551e-01 9.368521302491038538e-01 9.397115015398326276e-01 9.425171343407001689e-01 9.452679078635813914e-01 9.479627130515642097e-01 9.506004535965821844e-01 9.531800469601655612e-01 9.557004253957289697e-01 9.581605369707785202e-01 9.605593465873804027e-01 9.628958369992076660e-01 9.651690098234447790e-01 9.673778865458163567e-01 9.695215095169755770e-01 9.715989429384825904e-01 9.736092738365873522e-01 9.755516130220230897e-01 9.774250960340254979e-01 9.792288840667863203e-01 9.809621648765662894e-01 9.826241536677040589e-01 9.842140939557787460e-01 9.857312584062087879e-01 9.871749496466013518e-01 9.885445010511986208e-01 9.898392774958130191e-01 9.910586760816881835e-01 9.922021268267702254e-01 9.932690933229375574e-01 9.942590733577887363e-01 9.951715994996650494e-01 9.960062396446450750e-01 9.967625975243268321e-01 9.974403131732954009e-01 9.980390633552501667e-01 9.985585619468553276e-01 9.989985602784675622e-01 9.993588474309853531e-01 9.996392504881583818e-01 9.998396347437993326e-01 9.999599038634294779e-01 1.000000000000000000e+00 9.999599038634294779e-01 9.998396347437993326e-01 9.996392504881583818e-01 9.993588474309853531e-01 9.989985602784675622e-01 9.985585619468553276e-01 9.980390633552501667e-01 9.974403131732954009e-01 9.967625975243268321e-01 9.960062396446450750e-01 9.951715994996650494e-01 9.942590733577885143e-01 9.932690933229375574e-01 9.922021268267702254e-01 9.910586760816881835e-01 9.898392774958130191e-01 9.885445010511986208e-01 9.871749496466013518e-01 9.857312584062087879e-01 9.842140939557787460e-01 9.826241536677040589e-01 9.809621648765662894e-01 9.792288840667863203e-01 9.774250960340254979e-01 9.755516130220230897e-01 9.736092738365873522e-01 9.715989429384825904e-01 9.695215095169755770e-01 9.673778865458163567e-01 9.651690098234447790e-01 9.628958369992076660e-01 9.605593465873804027e-01 9.581605369707785202e-01 9.557004253957289697e-01 9.531800469601655612e-01 9.506004535965819624e-01 9.479627130515640987e-01 9.452679078635813914e-01 9.425171343407001689e-01 9.397115015398326276e-01 9.368521302491038538e-01 9.339401519748744551e-01 9.309767079349118291e-01 9.279629480591499169e-01
8.882994321503625557e-01 8.918254309333467633e-01 8.953152448660238738e-01 8.987676929169571283e-01 9.021815918185244199e-01 9.055557568827840020e-01 9.088890028378044939e-01 9.121801446837227711e-01 9.154279985677329368e-01 9.186313826771480562e-01 9.217891181496055131e-01 9.249000299994373231e-01 9.279629480591499169e-01 9.309767079349116070e-01 9.339401519748744551e-01 9.368521302491038538e-01 9.397115015398326276e-01 9.425171343407001689e-01 9.452679078635813914e-01 9.479627130515640987e-01 9.506004535965821844e-01 9.531800469601655612e-01 9.557004253957289697e-01 9.581605369707785202e-01 9.605593465873804027e-01 9.628958369992076660e-01 9.651690098234447790e-01 9.673778865458163567e-01 9.695215095169753550e-01 9.715989429384825904e-01 9.736092738365873522e-01 9.755516130220230897e-01 9.774250960340254979e-01 9.792288840667863203e-01 9.809621648765662894e-01 9.826241536677040589e-01 9.842140939557787460e-01 9.857312584062087879e-01 9.871749496466013518e-01 9.885445010511986208e-01 9.898392774958130191e-01 9.910586760816879615e-01 9.922021268267702254e-01 9.932690933229375574e-01 9.942590733577885143e-01 9.951715994996650494e-01 9.960062396446450750e-01 9.967625975243268321e-01 9.974403131732954009e-01 9.980390633552501667e-01 9.985585619468553276e-01 9.989985602784675622e-01 9.993588474309851311e-01 9.996392504881583818e-01 9.998396347437993326e-01 9.999599038634294779e-01 1.000000000000000000e+00 9.999599038634294779e-01 9.998396347437993326e-01 9.996392504881583818e-01 9.993588474309853531e-01 9.989985602784675622e-01 9.985585619468553276e-01 9.980390633552501667e-01 9.974403131732954009e-01 9.967625975243268321e-01 9.960062396446450750e-01 9.951715994996650494e-01 9.942590733577887363e-01 9.932690933229375574e-01 9.922021268267702254e-01 9.910586760816881835e-01 9.898392774958130191e-01 9.885445010511986208e-01 9.871749496466013518e-01 9.857312584062087879e-01 9.842140939557787460e-01 9.826241536677040589e-01 9.809621648765662894e-01 9.792288840667863203e-01 9.774250960340254979e-01 9.755516130220230897e-01 9.736092738365873522e-01 9.715989429384828124e-01 9.695215095169755770e-01 9.673778865458163567e-01 9.651690098234447790e-01 9.628958369992076660e-01 9.605593465873804027e-01 9.581605369707785202e-01 9.557004253957289697e-01 9.531800469601655612e-01 9.506004535965821844e-01 9.479627130515640987e-01 9.452679078635815024e-01 9.425171343407001689e-01 9.397115015398326276e-01 9.368521302491038538e-01 9.339401519748746772e-01 9.309767079349118291e-01
8.847384265175928242e-01 8.882994321503625557e-01 8.918254309333468743e-01 8.953152448660239848e-01 8.987676929169572393e-01 9.021815918185244199e-01 9.055557568827840020e-01 9.088890028378047159e-01 9.121801446837227711e-01 9.154279985677329368e-01 9.186313826771480562e-01 9.217891181496057351e-01 9.249000299994373231e-01 9.279629480591499169e-01 9.309767079349118291e-01 9.339401519748744551e-01 9.368521302491038538e-01 9.397115015398326276e-01 9.425171343407001689e-01 9.452679078635813914e-01 9.479627130515642097e-01 9.506004535965821844e-01 9.531800469601655612e-01 9.557004253957289697e-01 9.581605369707785202e-01 9.605593465873804027e-01 9.628958369992076660e-01 9.651690098234447790e-01 9.673778865458163567e-01 9.695215095169755770e-01 9.715989429384825904e-01 9.736092738365873522e-01 9.755516130220230897e-01 9.774250960340254979e-01 9.792288840667863203e-01 9.809621648765662894e-01 9.826241536677040589e-01 9.842140939557787460e-01 9.857312584062087879e-01 9.871749496466013518e-01 9.885445010511986208e-01 9.898392774958130191e-01 9.910586760816881835e-01 9.922021268267702254e-01 9.932690933229375574e-01 9.942590733577887363e-01 9.951715994996650494e-01 9.960062396446450750e-01 9.967625975243268321e-01 9.974403131732954009e-01 9.980390633552501667e-01 9.985585619468553276e-01 9.989985602784675622e-01 9.993588474309853531e-01 9.996392504881583818e-01 9.998396347437993326e-01 9.999599038634294779e-01 1.000000000000000000e+00 9.999599038634294779e-01 9.998396347437993326e-01 9.996392504881583818e-01 9.993588474309853531e-01 9.989985602784675622e-01 9.985585619468553276e-01 9.980390633552501667e-01 9.974403131732954009e-01 9.967625975243268321e-01 9.960062396446450750e-01 9.951715994996650494e-01 9.942590733577885143e-01 9.932690933229375574e-01 9.922021268267702254e-01 9.910586760816881835e-01 9.898392774958130191e-01 9.885445010511986208e-01 9.871749496466013518e-01 9.857312584062087879e-01 9.842140939557787460e-01 9.826241536677040589e-01 9.809621648765662894e-01 9.792288840667863203e-01 9.774250960340254979e-01 9.755516130220230897e-01 9.736092738365873522e-01 9.715989429384825904e-01 9.695215095169755770e-01 9.673778865458163567e-01 9.651690098234447790e-01 9.628958369992076660e-01 9.605593465873804027e-01 9.581605369707785202e-01 9.557004253957289697e-01 9.531800469601655612e-01 9.506004535965819624e-01 9.479627130515640987e-01 9.452679078635813914e-01 9.425171343407001689e-01 9.397115015398326276e-01 9.368521302491038538e-01 9.339401519748744551e-01
8.811435882316573931e-01 8.847384265175927132e-01 8.882994321503625557e-01 8.918254309333467633e-01 8.953152448660238738e-01 8.987676929169572393e-01 9.021815918185244199e-01 9.055557568827840020e-01 9.088890028378044939e-01 9.121801446837227711e-01 9.154279985677329368e-01 9.186313826771480562e-01 9.217891181496055131e-01 9.249000299994373231e-01 9.279629480591499169e-01 9.309767079349116070e-01 9.339401519748744551e-01 9.368521302491038538e-01 9.397115015398326276e-01 9.425171343407001689e-01 9.452679078635813914e-01 9.479627130515640987e-01 9.506004535965821844e-01 9.531800469601655612e-01 9.557004253957289697e-01 9.581605369707785202e-01 9.605593465873804027e-01 9.628958369992076660e-01 9.651690098234447790e-01 9.673778865458163567e-01 9.695215095169755770e-01 9.715989429384825904e-01 9.736092738365873522e-01 9.755516130220230897e-01 9.774250960340254979e-01 9.792288840667863203e-01 9.809621648765662894e-01 9.826241536677040589e-01 9.842140939557787460e-01 9.857312584062087879e-01 9.871749496466013518e-01 9.885445010511986208e-01 9.898392774958130191e-01 9.910586760816881835e-01 9.922021268267702254e-01 9.932690933229375574e-01 9.942590733577885143e-01 9.951715994996650494e-01 9.960062396446450750e-01 9.967625975243268321e-01 9.974403131732954009e-01 9.980390633552501667e-01 9.985585619468553276e-01 9.989985602784675622e-01 9.993588474309853531e-01 9.996392504881583818e-01 9.998396347437993326e-01 9.999599038634294779e-01 1.000000000000000000e+00 9.999599038634294779e-01 9.998396347437993326e-01 9.996392504881583818e-01 9.993588474309853531e-01 9.989985602784675622e-01 9.985585619468553276e-01 9.980390633552501667e-01 9.974403131732954009e-01 9.967625975243268321e-01 9.960062396446450750e-01 9.951715994996650494e-01 9.942590733577887363e-01 9.932690933229375574e-01 9.922021268267702254e-01 9.910586760816881835e-01 9.898392774958130191e-01 9.885445010511986208e-01 9.871749496466013518e-01 9.857312584062087879e-01 9.842140939557787460e-01 9.826241536677040589e-01 9.809621648765662894e-01 9.792288840667863203e-01 9.774250960340254979e-01 9.755516130220230897e-01 9.736092738365873522e-01 9.715989429384828124e-01 9.695215095169755770e-01 9.673778865458163567e-01 9.651690098234447790e-01 9.628958369992076660e-01 9.605593465873804027e-01 9.581605369707785202e-01 9.557004253957289697e-01 9.531800469601655612e-01 9.506004535965821844e-01 9.479627130515640987e-01 9.452679078635815024e-01 9.425171343407001689e-01 9.397115015398326276e-01 9.368521302491038538e-01
8.775160869345828285e-01 8.811435882316573931e-01 8.847384265175928242e-01 8.882994321503625557e-01 8.918254309333468743e-01 8.953152448660239848e-01 8.987676929169572393e-01 9.021815918185244199e-01 9.055557568827840020e-01 9.088890028378047159e-01 9.121801446837227711e-01 9.154279985677329368e-01 9.186313826771480562e-01 9.217891181496057351e-01 9.249000299994373231e-01 9.279629480591499169e-01 9.309767079349118291e-01 9.339401519748744551e-01 9.368521302491038538e-01 9.397115015398326276e-01 9.425171343407001689e-01 9.452679078635815024e-01 9.479627130515642097e-01 9.506004535965821844e-01 9.531800469601655612e-01 9.557004253957289697e-01 9.581605369707785202e-01 9.605593465873804027e-01 9.628958369992076660e-01 9.651690098234447790e-01 9.673778865458163567e-01 9.695215095169755770e-01 9.715989429384825904e-01 9.736092738365873522e-01 9.755516130220230897e-01 9.774250960340254979e-01 9.792288840667863203e-01 9.809621648765662894e-01 9.826241536677040589e-01 9.842140939557787460e-01 9.857312584062087879e-01 9.871749496466013518e-01 9.885445010511986208e-01 9.898392774958130191e-01 9.910586760816881835e-01 9.922021268267702254e-01 9.932690933229375574e-01 9.942590733577887363e-01 9.951715994996650494e-01 9.960062396446450750e-01 9.967625975243268321e-01 9.974403131732954009e-01 9.980390633552501667e-01 9.985585619468553276e-01 9.989985602784675622e-01 9.993588474309853531e-01 9.996392504881583818e-01 9.998396347437993326e-01 9.999599038634294779e-01 1.000000000000000000e+00 9.999599038634294779e-01 9.998396347437993326e-01 9.996392504881583818e-01 9.993588474309853531e-01 9.989985602784675622e-01 9.985585619468553276e-01 9.980390633552501667e-01 9.974403131732954009e-01 9.967625975243268321e-01 9.960062396446450750e-01 9.951715994996650494e-01 9.942590733577885143e-01 9.932690933229375574e-01 9.922021268267702254e-01 9.910586760816881835e-01 9.898392774958130191e-01 9.885445010511986208e-01 9.871749496466013518e-01 9.857312584062087879e-01 9.842140939557787460e-01 9.826241536677040589e-01 9.809621648765662894e-01 9.792288840667863203e-01 9.774250960340254979e-01 9.755516130220230897e-01 9.736092738365873522e-01 9.715989429384825904e-01 9.695215095169755770e-01 9.673778865458163567e-01 9.651690098234447790e-01 9.628958369992076660e-01 9.605593465873804027e-01 9.581605369707785202e-01 9.557004253957289697e-01 9.531800469601655612e-01 9.506004535965819624e-01 9.479627130515640987e-01 9.452679078635813914e-01 9.425171343407001689e-01 9.397115015398326276e-01
8.738570869858889312e-01 8.775160869345828285e-01 8.811435882316573931e-01 8.847384265175927132e-01 8.882994321503625557e-01 8.918254309333467633e-01 8.953152448660238738e-01 8.987676929169572393e-01 9.021815918185244199e-01 9.055557568827840020e-01 9.088890028378044939e-01 9.121801446837227711e-01 9.154279985677329368e-01 9.186313826771480562e-01 9.217891181496055131e-01 9.249000299994373231e-01 9.279629480591499169e-01 9.309767079349116070e-01 9.339401519748744551e-01 9.368521302491038538e-01 9.397115015398326276e-01 9.425171343407001689e-01 9.452679078635813914e-01 9.479627130515640987e-01 9.506004535965821844e-01 9.531800469601655612e-01 9.557004253957289697e-01 9.581605369707785202e-01 9.605593465873804027e-01 9.628958369992076660e-01 9.651690098234447790e-01 9.673778865458163567e-01 9.695215095169755770e-01 9.715989429384825904e-01 9.736092738365873522e-01 9.755516130220230897e-01 9.774250960340254979e-01 9.792288840667863203e-01 9.809621648765662894e-01 9.826241536677040589e-01 9.842140939557787460e-01 9.857312584062087879e-01 9.871749496466013518e-01 9.885445010511986208e-01 9.898392774958130191e-01 9.910586760816881835e-01 9.922021268267702254e-01 9.932690933229375574e-01 9.942590733577887363e-01 9.951715994996650494e-01 9.960062396446450750e-01 9.967625975243268321e-01 9.974403131732954009e-01 9.980390633552501667e-01 9.985585619468553276e-01 9.989985602784675622e-01 9.993588474309853531e-01 9.996392504881583818e-01 9.998396347437993326e-01 9.999599038634294779e-01 1.000000000000000000e+00 9.999599038634294779e-01 9.998396347437993326e-01 9.996392504881583818e-01 9.993588474309853531e-01 9.989985602784675622e-01 9.985585619468553276e-01 9.980390633552501667e-01 9.974403131732954009e-01 9.967625975243268321e-01 9.960062396446450750e-01 9.951715994996650494e-01 9.942590733577887363e-01 9.932690933229375574e-01 9.922021268267702254e-01 9.910586760816881835e-01 9.898392774958130191e-01 9.885445010511986208e-01 9.871749496466013518e-01 9.857312584062087879e-01 9.842140939557787460e-01 9.826241536677040589e-01 9.809621648765662894e-01 9.792288840667863203e-01 9.774250960340254979e-01 9.755516130220230897e-01 9.736092738365873522e-01 9.715989429384828124e-01 9.695215095169755770e-01 9.673778865458163567e-01 9.651690098234447790e-01 9.628958369992076660e-01 9.605593465873804027e-01 9.581605369707785202e-01 9.557004253957289697e-01 9.531800469601655612e-01 9.506004535965821844e-01 9.479627130515640987e-01 9.452679078635815024e-01 9.425171343407001689e-01
8.701677467578825542e-01 8.738570869858889312e-01 8.775160869345828285e-01 8.811435882316573931e-01 8.847384265175928242e-01 8.882994321503627777e-01 8.918254309333468743e-01 8.953152448660239848e-01 8.987676929169572393e-01 9.021815918185244199e-01 9.055557568827840020e-01 9.088890028378047159e-01 9.121801446837227711e-01 9.154279985677329368e-01 9.186313826771480562e-01 9.217891181496057351e-01 9.249000299994373231e-01 9.279629480591499169e-01 9.309767079349118291e-01 9.339401519748746772e-01 9.368521302491038538e-01 9.397115015398326276e-01 9.425171343407001689e-01 9.452679078635815024e-01 9.479627130515642097e-01 9.506004535965821844e-01 9.531800469601655612e-01 9.557004253957289697e-01 9.581605369707785202e-01 9.605593465873804027e-01 9.628958369992076660e-01 9.651690098234447790e-01 9.673778865458163567e-01 9.695215095169755770e-01 9.715989429384825904e-01 9.736092738365873522e-01 9.755516130220230897e-01 9.774250960340254979e-01 9.792288840667863203e-01 9.809621648765662894e-01 9.826241536677040589e-01 9.842140939557787460e-01 9.857312584062087879e-01 9.871749496466013518e-01 9.885445010511986208e-01 9.898392774958130191e-01 9.910586760816881835e-01 9.922021268267702254e-01 9.932690933229375574e-01 9.942590733577887363e-01 9.951715994996650494e-01 9.960062396446450750e-01 9.967625975243268321e-01 9.974403131732954009e-01 9.980390633552501667e-01 9.985585619468553276e-01 9.989985602784675622e-01 9.993588474309853531e-01 9.996392504881583818e-01 9.998396347437993326e-01 9.999599038634294779e-01 1.000000000000000000e+00 9.999599038634294779e-01 9.998396347437993326e-01 9.996392504881583818e-01 9.993588474309851311e-01 9.989985602784675622e-01 9.985585619468553276e-01 9.980390633552501667e-01 9.974403131732954009e-01 9.967625975243268321e-01 9.960062396446450750e-01 9.951715994996650494e-01 9.942590733577885143e-01 9.932690933229375574e-01 9.922021268267702254e-01 9.910586760816881835e-01 9.898392774958130191e-01 9.885445010511983988e-01 9.871749496466013518e-01 9.857312584062087879e-01 9.842140939557787460e-01 9.826241536677040589e-01 9.809621648765662894e-01 9.792288840667863203e-01 9.774250960340254979e-01 9.755516130220230897e-01 9.736092738365873522e-01 9.715989429384825904e-01 9.695215095169755770e-01 9.673778865458163567e-01 9.651690098234447790e-01 9.628958369992076660e-01 9.605593465873804027e-01 9.581605369707785202e-01 9.557004253957289697e-01 9.531800469601655612e-01 9.506004535965819624e-01 9.479627130515640987e-01 9.452679078635813914e-01
8.664492179545261186e-01 8.701677467578825542e-01 8.738570869858889312e-01 8.775160869345828285e-01 8.811435882316573931e-01 8.847384265175927132e-01 8.882994321503625557e-01 8.918254309333467633e-01 8.953152448660238738e-01 8.987676929169572393e-01 9.021815918185244199e-01 9.055557568827840020e-01 9.088890028378044939e-01 9.121801446837227711e-01 9.154279985677329368e-01 9.186313826771480562e-01 9.217891181496055131e-01 9.249000299994373231e-01 9.279629480591499169e-01 9.309767079349118291e-01 9.339401519748744551e-01 9.368521302491038538e-01 9.397115015398326276e-01 9.425171343407001689e-01 9.452679078635813914e-01 9.479627130515640987e-01 9.506004535965821844e-01 9.531800469601655612e-01 9.557004253957289697e-01 9.581605369707785202e-01 9.605593465873804027e-01 9.628958369992076660e-01 9.651690098234447790e-01 9.673778865458163567e-01 9.695215095169755770e-01 9.715989429384825904e-01 9.736092738365873522e-01 9.755516130220230897e-01 9.774250960340254979e-01 9.792288840667863203e-01 9.809621648765662894e-01 9.826241536677040589e-01 9.842140939557787460e-01 9.857312584062087879e-01 9.871749496466013518e-01 9.885445010511986208e-01 9.898392774958130191e-01 9.910586760816881835e-01 9.922021268267702254e-01 9.932690933229375574e-01 9.942590733577887363e-01 9.951715994996650494e-01 9.960062396446450750e-01 9.967625975243268321e-01 9.974403131732954009e-01 9.980390633552501667e-01 9.985585619468553276e-01 9.989985602784675622e-01 9.993588474309853531e-01 9.996392504881583818e-01 9.998396347437993326e-01 9.999599038634294779e-01 1.000000000000000000e+00 9.999599038634294779e-01 9.998396347437993326e-01 9.996392504881583818e-01 9.993588474309853531e-01 9.989985602784675622e-01 9.985585619468553276e-01 9.980390633552501667e-01 9.974403131732954009e-01 9.967625975243268321e-01 9.960062396446450750e-01 9.951715994996650494e-01 9.942590733577887363e-01 9.932690933229375574e-01 9.922021268267702254e-01 9.910586760816881835e-01 9.898392774958130191e-01 9.885445010511986208e-01 9.871749496466013518e-01 9.857312584062087879e-01 9.842140939557787460e-01 9.826241536677040589e-01 9.809621648765662894e-01 9.792288840667863203e-01 9.774250960340254979e-01 9.755516130220230897e-01 9.736092738365873522e-01 9.715989429384828124e-01 9.695215095169755770e-01 9.673778865458163567e-01 9.651690098234447790e-01 9.628958369992076660e-01 9.605593465873804027e-01 9.581605369707785202e-01 9.557004253957289697e-01 9.531800469601655612e-01 9.506004535965821844e-01 9.479627130515640987e-01
8.627026449541901343e-01 8.664492179545261186e-01 8.701677467578825542e-01 8.738570869858889312e-01 8.775160869345828285e-01 8.811435882316573931e-01 8.847384265175928242e-01 8.882994321503627777e-01 8.918254309333468743e-01 8.953152448660239848e-01 8.987676929169572393e-01 9.021815918185244199e-01 9.055557568827840020e-01 9.088890028378047159e-01 9.121801446837227711e-01 9.154279985677329368e-01 9.186313826771480562e-01 9.217891181496057351e-01 9.249000299994373231e-01 9.279629480591499169e-01 9.309767079349118291e-01 9.339401519748746772e-01 9.368521302491039648e-01 9.397115015398326276e-01 9.425171343407001689e-01 9.452679078635815024e-01 9.479627130515642097e-01 9.506004535965821844e-01 9.531800469601655612e-01 9.557004253957289697e-01 9.581605369707785202e-01 9.605593465873804027e-01 9.628958369992076660e-01 9.651690098234447790e-01 9.673778865458163567e-01 9.695215095169755770e-01 9.715989429384828124e-01 9.736092738365873522e-01 9.755516130220230897e-01 9.774250960340254979e-01 9.792288840667863203e-01 9.809621648765662894e-01 9.826241536677040589e-01 9.842140939557787460e-01 9.857312584062087879e-01 9.871749496466013518e-01 9.885445010511986208e-01 9.898392774958130191e-01 9.910586760816881835e-01 9.922021268267702254e-01 9.932690933229375574e-01 9.942590733577887363e-01 9.951715994996650494e-01 9.960062396446450750e-01 9.967625975243268321e-01 9.974403131732954009e-01 9.980390633552501667e-01 9.985585619468553276e-01 9.989985602784675622e-01 9.993588474309853531e-01 9.996392504881583818e-01 9.998396347437993326e-01 9.999599038634294779e-01 1.000000000000000000e+00 9.999599038634294779e-01 9.998396347437993326e-01 9.996392504881583818e-01 9.993588474309851311e-01 9.989985602784675622e-01 9.985585619468553276e-01 9.980390633552501667e-01 9.974403131732954009e-01 9.967625975243268321e-01 9.960062396446450750e-01 9.951715994996650494e-01 9.942590733577885143e-01 9.932690933229375574e-01 9.922021268267702254e-01 9.910586760816879615e-01 9.898392774958130191e-01 9.885445010511983988e-01 9.871749496466013518e-01 9.857312584062087879e-01 9.842140939557787460e-01 9.826241536677040589e-01 9.809621648765662894e-01 9.792288840667863203e-01 9.774250960340254979e-01 9.755516130220230897e-01 9.736092738365873522e-01 9.715989429384825904e-01 9.695215095169753550e-01 9.673778865458163567e-01 9.651690098234447790e-01 9.628958369992076660e-01 9.605593465873804027e-01 9.581605369707785202e-01 9.557004253957289697e-01 9.531800469601655612e-01 9.506004535965819624e-01
8.589291641765458563e-01 8.627026449541901343e-01 8.664492179545261186e-01 8.701677467578825542e-01 8.738570869858889312e-01 8.775160869345828285e-01 8.811435882316573931e-01 8.847384265175927132e-01 8.882994321503625557e-01 8.918254309333468743e-01 8.953152448660239848e-01 8.987676929169572393e-01 9.021815918185244199e-01 9.055557568827840020e-01 9.088890028378044939e-01 9.121801446837227711e-01 9.154279985677329368e-01 9.186313826771480562e-01 9.217891181496055131e-01 9.249000299994373231e-01 9.279629480591499169e-01 9.309767079349118291e-01 9.339401519748744551e-01 9.368521302491038538e-01 9.397115015398326276e-01 9.425171343407001689e-01 9.452679078635813914e-01 9.479627130515640987e-01 9.506004535965821844e-01 9.531800469601655612e-01 9.557004253957289697e-01 9.581605369707785202e-01 9.605593465873804027e-01 9.628958369992076660e-01 9.651690098234447790e-01 9.673778865458163567e-01 9.695215095169755770e-01 9.715989429384825904e-01 9.736092738365873522e-01 9.755516130220230897e-01 9.774250960340254979e-01 9.792288840667863203e-01 9.809621648765662894e-01 9.826241536677040589e-01 9.842140939557787460e-01 9.857312584062087879e-01 9.871749496466013518e-01 9.885445010511986208e-01 9.898392774958130191e-01 9.910586760816881835e-01 9.922021268267702254e-01 9.932690933229375574e-01 9.942590733577887363e-01 9.951715994996650494e-01 9.960062396446450750e-01 9.967625975243268321e-01 9.974403131732954009e-01 9.980390633552501667e-01 9.985585619468553276e-01 9.989985602784675622e-01 9.993588474309853531e-01 9.996392504881583818e-01 9.998396347437993326e-01 9.999599038634294779e-01 1.000000000000000000e+00 9.999599038634294779e-01 9.998396347437993326e-01 9.996392504881583818e-01 9.993588474309853531e-01 9.989985602784675622e-01 9.985585619468553276e-01 9.980390633552501667e-01 9.974403131732954009e-01 9.967625975243268321e-01 9.960062396446450750e-01 9.951715994996650494e-01 9.942590733577887363e-01 9.932690933229375574e-01 9.922021268267702254e-01 9.910586760816881835e-01 9.898392774958130191e-01 9.885445010511986208e-01 9.871749496466013518e-01 9.857312584062087879e-01 9.842140939557787460e-01 9.826241536677040589e-01 9.809621648765662894e-01 9.792288840667863203e-01 9.774250960340254979e-01 9.755516130220230897e-01 9.736092738365873522e-01 9.715989429384825904e-01 9.695215095169755770e-01 9.673778865458163567e-01 9.651690098234447790e-01 9.628958369992076660e-01 9.605593465873804027e-01 9.581605369707785202e-01 9.557004253957289697e-01 9.531800469601655612e-01
8.551299034737951388e-01 8.589291641765458563e-01 8.627026449541901343e-01 8.664492179545260075e-01 8.701677467578825542e-01 8.738570869858887091e-01 8.775160869345828285e-01 8.811435882316572821e-01 8.847384265175927132e-01 8.882994321503625557e-01 8.918254309333467633e-01 8.953152448660238738e-01 8.987676929169571283e-01 9.021815918185244199e-01 9.055557568827840020e-01 9.088890028378044939e-01 9.121801446837227711e-01 9.154279985677329368e-01 9.186313826771480562e-01 9.217891181496055131e-01 9.249000299994373231e-01 9.279629480591499169e-01 9.309767079349116070e-01 9.339401519748744551e-01 9.368521302491038538e-01 9.397115015398326276e-01 9.425171343407001689e-01 9.452679078635813914e-01 9.479627130515640987e-01 9.506004535965821844e-01 9.531800469601655612e-01 9.557004253957289697e-01 9.581605369707785202e-01 9.605593465873804027e-01 9.628958369992076660e-01 9.651690098234447790e-01 9.673778865458163567e-01 9.695215095169753550e-01 9.715989429384825904e-01 9.736092738365873522e-01 9.755516130220230897e-01 9.774250960340254979e-01 9.792288840667863203e-01 9.809621648765662894e-01 9.826241536677040589e-01 9.842140939557787460e-01 9.857312584062087879e-01 9.871749496466013518e-01 9.885445010511986208e-01 9.898392774958130191e-01 9.910586760816879615e-01 9.922021268267702254e-01 9.932690933229375574e-01 9.942590733577885143e-01 9.951715994996650494e-01 9.960062396446450750e-01 9.967625975243268321e-01 9.974403131732954009e-01 9.980390633552501667e-01 9.985585619468553276e-01 9.989985602784675622e-01 9.993588474309851311e-01 9.996392504881583818e-01 9.998396347437993326e-01 9.999599038634294779e-01 1.000000000000000000e+00 9.999599038634294779e-01 9.998396347437993326e-01 9.996392504881583818e-01 9.993588474309853531e-01 9.989985602784675622e-01 9.985585619468553276e-01 9.980390633552501667e-01 9.974403131732954009e-01 9.967625975243268321e-01 9.960062396446450750e-01 9.951715994996650494e-01 9.942590733577887363e-01 9.932690933229375574e-01 9.922021268267702254e-01 9.910586760816881835e-01 9.898392774958130191e-01 9.885445010511986208e-01 9.871749496466013518e-01 9.857312584062087879e-01 9.842140939557787460e-01 9.826241536677040589e-01 9.809621648765662894e-01 9.792288840667863203e-01 9.774250960340254979e-01 9.755516130220230897e-01 9.736092738365873522e-01 9.715989429384828124e-01 9.695215095169755770e-01 9.673778865458163567e-01 9.651690098234447790e-01 9.628958369992076660e-01 9.605593465873804027e-01 9.581605369707785202e-01 9.557004253957289697e-01
8.513059815463833724e-01 8.551299034737951388e-01 8.589291641765458563e-01 8.627026449541901343e-01 8.664492179545261186e-01 8.701677467578825542e-01 8.738570869858889312e-01 8.775160869345828285e-01 8.811435882316573931e-01 8.847384265175928242e-01 8.882994321503625557e-01 8.918254309333468743e-01 8.953152448660239848e-01 8.987676929169572393e-01 9.021815918185244199e-01 9.055557568827840020e-01 9.088890028378044939e-01 9.121801446837227711e-01 9.154279985677329368e-01 9.186313826771480562e-01 9.217891181496055131e-01 9.249000299994373231e-01 9.279629480591499169e-01 9.309767079349118291e-01 9.339401519748744551e-01 9.368521302491038538e-01 9.397115015398326276e-01 9.425171343407001689e-01 9.452679078635813914e-01 9.479627130515642097e-01 9.506004535965821844e-01 9.531800469601655612e-01 9.557004253957289697e-01 9.581605369707785202e-01 9.605593465873804027e-01 9.628958369992076660e-01 9.651690098234447790e-01 9.673778865458163567e-01 9.695215095169755770e-01 9.715989429384825904e-01 9.736092738365873522e-01 9.755516130220230897e-01 9.774250960340254979e-01 9.792288840667863203e-01 9.809621648765662894e-01 9.826241536677040589e-01 9.842140939557787460e-01 9.857312584062087879e-01 9.871749496466013518e-01 9.885445010511986208e-01 9.898392774958130191e-01 9.910586760816881835e-01 9.922021268267702254e-01 9.932690933229375574e-01 9.942590733577887363e-01 9.951715994996650494e-01 9.960062396446450750e-01 9.967625975243268321e-01 9.974403131732954009e-01 9.980390633552501667e-01 9.985585619468553276e-01 9.989985602784675622e-01 9.993588474309853531e-01 9.996392504881583818e-01 9.998396347437993326e-01 9.999599038634294779e-01 1.000000000000000000e+00 9.999599038634294779e-01 9.998396347437993326e-01 9.996392504881583818e-01 9.993588474309853531e-01 9.989985602784675622e-01 9.985585619468553276e-01 9.980390633552501667e-01 9.974403131732954009e-01 9.967625975243268321e-01 9.960062396446450750e-01 9.951715994996650494e-01 9.942590733577885143e-01 9.932690933229375574e-01 9.922021268267702254e-01 9.910586760816881835e-01 9.898392774958130191e-01 9.885445010511986208e-01 9.871749496466013518e-01 9.857312584062087879e-01 9.842140939557787460e-01 9.826241536677040589e-01 9.809621648765662894e-01 9.792288840667863203e-01 9.774250960340254979e-01 9.755516130220230897e-01 9.736092738365873522e-01 9.715989429384825904e-01 9.695215095169755770e-01 9.673778865458163567e-01 9.651690098234447790e-01 9.628958369992076660e-01 9.605593465873804027e-01 9.581605369707785202e-01
8.474585073832920923e-01 8.513059815463831503e-01 8.551299034737951388e-01 8.589291641765458563e-01 8.627026449541901343e-01 8.664492179545260075e-01 8.701677467578825542e-01 8.738570869858887091e-01 8.775160869345828285e-01 8.811435882316573931e-01 8.847384265175927132e-01 8.882994321503625557e-01 8.918254309333467633e-01 8.953152448660238738e-01 8.987676929169571283e-01 9.021815918185244199e-01 9.055557568827840020e-01 9.088890028378044939e-01 9.121801446837227711e-01 9.154279985677329368e-01 9.186313826771480562e-01 9.217891181496055131e-01 9.249000299994373231e-01 9.279629480591499169e-01 9.309767079349116070e-01 9.339401519748744551e-01 9.368521302491038538e-01 9.397115015398326276e-01 9.425171343407001689e-01 9.452679078635813914e-01 9.479627130515640987e-01 9.506004535965821844e-01 9.531800469601655612e-01 9.557004253957289697e-01 9.581605369707785202e-01 9.605593465873804027e-01 9.628958369992076660e-01 9.651690098234447790e-01 9.673778865458163567e-01 9.695215095169753550e-01 9.715989429384825904e-01 9.736092738365873522e-01 9.755516130220230897e-01 9.774250960340254979e-01 9.792288840667863203e-01 9.809621648765662894e-01 9.826241536677040589e-01 9.842140939557787460e-01 9.857312584062087879e-01 9.871749496466013518e-01 9.885445010511986208e-01 9.898392774958130191e-01 9.910586760816879615e-01 9.922021268267702254e-01 9.932690933229375574e-01 9.942590733577885143e-01 9.951715994996650494e-01 9.960062396446450750e-01 9.967625975243268321e-01 9.974403131732954009e-01 9.980390633552501667e-01 9.985585619468553276e-01 9.989985602784675622e-01 9.993588474309851311e-01 9.996392504881583818e-01 9.998396347437993326e-01 9.999599038634294779e-01 1.000000000000000000e+00 9.999599038634294779e-01 9.998396347437993326e-01 9.996392504881583818e-01 9.993588474309853531e-01 9.989985602784675622e-01 9.985585619468553276e-01 9.980390633552501667e-01 9.974403131732954009e-01 9.967625975243268321e-01 9.960062396446450750e-01 9.951715994996650494e-01 9.942590733577887363e-01 9.932690933229375574e-01 9.922021268267702254e-01 9.910586760816881835e-01 9.898392774958130191e-01 9.885445010511986208e-01 9.871749496466013518e-01 9.857312584062087879e-01 9.842140939557787460e-01 9.826241536677040589e-01 9.809621648765662894e-01 9.792288840667863203e-01 9.774250960340254979e-01 9.755516130220230897e-01 9.736092738365873522e-01 9.715989429384828124e-01 9.695215095169755770e-01 9.673778865458163567e-01 9.651690098234447790e-01 9.628958369992076660e-01 9.605593465873804027e-01
8.435885797269534470e-01 8.474585073832920923e-01 8.513059815463833724e-01 8.551299034737951388e-01 8.589291641765459673e-01 8.627026449541901343e-01 8.664492179545261186e-01 8.701677467578825542e-01 8.738570869858889312e-01 8.775160869345828285e-01 8.811435882316573931e-01 8.847384265175928242e-01 8.882994321503625557e-01 8.918254309333468743e-01 8.953152448660239848e-01 8.987676929169572393e-01 9.021815918185244199e-01 9.055557568827840020e-01 9.088890028378047159e-01 9.121801446837227711e-01 9.154279985677329368e-01 9.186313826771480562e-01 9.217891181496057351e-01 9.249000299994373231e-01 9.279629480591499169e-01 9.309767079349118291e-01 9.339401519748744551e-01 9.368521302491038538e-01 9.397115015398326276e-01 9.425171343407001689e-01 9.452679078635813914e-01 9.479627130515642097e-01 9.506004535965821844e-01 9.531800469601655612e-01 9.557004253957289697e-01 9.581605369707785202e-01 9.605593465873804027e-01 9.628958369992076660e-01 9.651690098234447790e-01 9.673778865458163567e-01 9.695215095169755770e-01 9.715989429384825904e-01 9.736092738365873522e-01 9.755516130220230897e-01 9.774250960340254979e-01 9.792288840667863203e-01 9.809621648765662894e-01 9.826241536677040589e-01 9.842140939557787460e-01 9.857312584062087879e-01 9.871749496466013518e-01 9.885445010511986208e-01 9.898392774958130191e-01 9.910586760816881835e-01 9.922021268267702254e-01 9.932690933229375574e-01 9.942590733577887363e-01 9.951715994996650494e-01 9.960062396446450750e-01 9.967625975243268321e-01 9.974403131732954009e-01 9.980390633552501667e-01 9.985585619468553276e-01 9.989985602784675622e-01 9.993588474309853531e-01 9.996392504881583818e-01 9.998396347437993326e-01 9.999599038634294779e-01 1.000000000000000000e+00 9.999599038634294779e-01 9.998396347437993326e-01 9.996392504881583818e-01 9.993588474309853531e-01 9.989985602784675622e-01 9.985585619468553276e-01 9.980390633552501667e-01 9.974403131732954009e-01 9.967625975243268321e-01 9.960062396446450750e-01 9.951715994996650494e-01 9.942590733577885143e-01 9.932690933229375574e-01 9.922021268267702254e-01 9.910586760816881835e-01 9.898392774958130191e-01 9.885445010511986208e-01 9.871749496466013518e-01 9.857312584062087879e-01 9.842140939557787460e-01 9.826241536677040589e-01 9.809621648765662894e-01 9.792288840667863203e-01 9.774250960340254979e-01 9.755516130220230897e-01 9.736092738365873522e-01 9.715989429384825904e-01 9.695215095169755770e-01 9.673778865458163567e-01 9.651690098234447790e-01 9.628958369992076660e-01
8.396972865627824190e-01 8.435885797269534470e-01 8.474585073832920923e-01 8.513059815463831503e-01 8.551299034737951388e-01 8.589291641765458563e-01 8.627026449541901343e-01 8.664492179545260075e-01 8.701677467578825542e-01 8.738570869858889312e-01 8.775160869345828285e-01 8.811435882316573931e-01 8.847384265175927132e-01 8.882994321503625557e-01 8.918254309333467633e-01 8.953152448660238738e-01 8.987676929169571283e-01 9.021815918185244199e-01 9.055557568827840020e-01 9.088890028378044939e-01 9.121801446837227711e-01 9.154279985677329368e-01 9.186313826771480562e-01 9.217891181496055131e-01 9.249000299994373231e-01 9.279629480591499169e-01 9.309767079349116070e-01 9.339401519748744551e-01 9.368521302491038538e-01 9.397115015398326276e-01 9.425171343407001689e-01 9.452679078635813914e-01 9.479627130515640987e-01 9.506004535965821844e-01 9.531800469601655612e-01 9.557004253957289697e-01 9.581605369707785202e-01 9.605593465873804027e-01 9.628958369992076660e-01 9.651690098234447790e-01 9.673778865458163567e-01 9.695215095169753550e-01 9.715989429384825904e-01 9.736092738365873522e-01 9.755516130220230897e-01 9.774250960340254979e-01 9.792288840667863203e-01 9.809621648765662894e-01 9.826241536677040589e-01 9.842140939557787460e-01 9.857312584062087879e-01 9.871749496466013518e-01 9.885445010511986208e-01 9.898392774958130191e-01 9.910586760816881835e-01 9.922021268267702254e-01 9.932690933229375574e-01 9.942590733577885143e-01 9.951715994996650494e-01 9.960062396446450750e-01 9.967625975243268321e-01 9.974403131732954009e-01 9.980390633552501667e-01 9.985585619468553276e-01 9.989985602784675622e-01 9.993588474309853531e-01 9.996392504881583818e-01 9.998396347437993326e-01 9.999599038634294779e-01 1.000000000000000000e+00 9.999599038634294779e-01 9.998396347437993326e-01 9.996392504881583818e-01 9.993588474309853531e-01 9.989985602784675622e-01 9.985585619468553276e-01 9.980390633552501667e-01 9.974403131732954009e-01 9.967625975243268321e-01 9.960062396446450750e-01 9.951715994996650494e-01 9.942590733577887363e-01 9.932690933229375574e-01 9.922021268267702254e-01 9.910586760816881835e-01 9.898392774958130191e-01 9.885445010511986208e-01 9.871749496466013518e-01 9.857312584062087879e-01 9.842140939557787460e-01 9.826241536677040589e-01 9.809621648765662894e-01 9.792288840667863203e-01 9.774250960340254979e-01 9.755516130220230897e-01 9.736092738365873522e-01 9.715989429384828124e-01 9.695215095169755770e-01 9.673778865458163567e-01 9.651690098234447790e-01
8.357857046332801687e-01 8.396972865627824190e-01 8.435885797269534470e-01 8.474585073832920923e-01 8.513059815463833724e-01 8.551299034737951388e-01 8.589291641765459673e-01 8.627026449541901343e-01 8.664492179545261186e-01 8.701677467578825542e-01 8.738570869858889312e-01 8.775160869345828285e-01 8.811435882316573931e-01 8.847384265175928242e-01 8.882994321503625557e-01 8.918254309333468743e-01 8.953152448660239848e-01 8.987676929169572393e-01 9.021815918185244199e-01 9.055557568827840020e-01 9.088890028378047159e-01 9.121801446837227711e-01 9.154279985677329368e-01 9.186313826771480562e-01 9.217891181496057351e-01 9.249000299994373231e-01 9.279629480591499169e-01 9.309767079349118291e-01 9.339401519748744551e-01 9.368521302491038538e-01 9.397115015398326276e-01 9.425171343407001689e-01 9.452679078635813914e-01 9.479627130515642097e-01 9.506004535965821844e-01 9.531800469601655612e-01 9.557004253957289697e-01 9.581605369707785202e-01 9.605593465873804027e-01 9.628958369992076660e-01 9.651690098234447790e-01 9.673778865458163567e-01 9.695215095169755770e-01 9.715989429384828124e-01 9.736092738365873522e-01 9.755516130220230897e-01 9.774250960340254979e-01 9.792288840667863203e-01 9.809621648765662894e-01 9.826241536677040589e-01 9.842140939557787460e-01 9.857312584062087879e-01 9.871749496466013518e-01 9.885445010511986208e-01 9.898392774958130191e-01 9.910586760816881835e-01 9.922021268267702254e-01 9.932690933229375574e-01 9.942590733577887363e-01 9.951715994996650494e-01 9.960062396446450750e-01 9.967625975243268321e-01 9.974403131732954009e-01 9.980390633552501667e-01 9.985585619468553276e-01 9.989985602784675622e-01 9.993588474309853531e-01 9.996392504881583818e-01 9.998396347437993326e-01 9.999599038634294779e-01 1.000000000000000000e+00 9.999599038634294779e-01 9.998396347437993326e-01 9.996392504881583818e-01 9.993588474309853531e-01 9.989985602784675622e-01 9.985585619468553276e-01 9.980390633552501667e-01 9.974403131732954009e-01 9.967625975243268321e-01 9.960062396446450750e-01 9.951715994996650494e-01 9.942590733577885143e-01 9.932690933229375574e-01 9.922021268267702254e-01 9.910586760816881835e-01 9.898392774958130191e-01 9.885445010511986208e-01 9.871749496466013518e-01 9.857312584062087879e-01 9.842140939557787460e-01 9.826241536677040589e-01 9.809621648765662894e-01 9.792288840667863203e-01 9.774250960340254979e-01 9.755516130220230897e-01 9.736092738365873522e-01 9.715989429384825904e-01 9.695215095169755770e-01 9.673778865458163567e-01
8.318548989766119117e-01 8.357857046332801687e-01 8.396972865627824190e-01 8.435885797269534470e-01 8.474585073832920923e-01 8.513059815463831503e-01 8.551299034737951388e-01 8.589291641765458563e-01 8.627026449541901343e-01 8.664492179545261186e-01 8.701677467578825542e-01 8.738570869858889312e-01 8.775160869345828285e-01 8.811435882316573931e-01 8.847384265175927132e-01 8.882994321503625557e-01 8.918254309333467633e-01 8.953152448660238738e-01 8.987676929169572393e-01 9.021815918185244199e-01 9.055557568827840020e-01 9.088890028378044939e-01 9.121801446837227711e-01 9.154279985677329368e-01 9.186313826771480562e-01 9.217891181496055131e-01 9.249000299994373231e-01 9.279629480591499169e-01 9.309767079349116070e-01 9.339401519748744551e-01 9.368521302491038538e-01 9.397115015398326276e-01 9.425171343407001689e-01 9.452679078635813914e-01 9.479627130515640987e-01 9.506004535965821844e-01 9.531800469601655612e-01 9.557004253957289697e-01 9.581605369707785202e-01 9.605593465873804027e-01 9.628958369992076660e-01 9.651690098234447790e-01 9.673778865458163567e-01 9.695215095169755770e-01 9.715989429384825904e-01 9.736092738365873522e-01 9.755516130220230897e-01 9.774250960340254979e-01 9.792288840667863203e-01 9.809621648765662894e-01 9.826241536677040589e-01 9.842140939557787460e-01 9.857312584062087879e-01 9.871749496466013518e-01 9.885445010511986208e-01 9.898392774958130191e-01 9.910586760816881835e-01 9.922021268267702254e-01 9.932690933229375574e-01 9.942590733577885143e-01 9.951715994996650494e-01 9.960062396446450750e-01 9.967625975243268321e-01 9.974403131732954009e-01 9.980390633552501667e-01 9.985585619468553276e-01 9.989985602784675622e-01 9.993588474309853531e-01 9.996392504881583818e-01 9.998396347437993326e-01 9.999599038634294779e-01 1.000000000000000000e+00 9.999599038634294779e-01 9.998396347437993326e-01 9.996392504881583818e-01 9.993588474309853531e-01 9.989985602784675622e-01 9.985585619468553276e-01 9.980390633552501667e-01 9.974403131732954009e-01 9.967625975243268321e-01 9.960062396446450750e-01 9.951715994996650494e-01 9.942590733577887363e-01 9.932690933229375574e-01 9.922021268267702254e-01 9.910586760816881835e-01 9.898392774958130191e-01 9.885445010511986208e-01 9.871749496466013518e-01 9.857312584062087879e-01 9.842140939557787460e-01 9.826241536677040589e-01 9.809621648765662894e-01 9.792288840667863203e-01 9.774250960340254979e-01 9.755516130220230897e-01 9.736092738365873522e-01 9.715989429384828124e-01 9.695215095169755770e-01
8.279059224895249924e-01 8.318548989766119117e-01 8.357857046332801687e-01 8.396972865627824190e-01 8.435885797269536690e-01 8.474585073832920923e-01 8.513059815463833724e-01 8.551299034737951388e-01 8.589291641765459673e-01 8.627026449541901343e-01 8.664492179545261186e-01 8.701677467578825542e-01 8.738570869858889312e-01 8.775160869345828285e-01 8.811435882316573931e-01 8.847384265175928242e-01 8.882994321503625557e-01 8.918254309333468743e-01 8.953152448660239848e-01 8.987676929169572393e-01 9.021815918185244199e-01 9.055557568827840020e-01 9.088890028378047159e-01 9.121801446837227711e-01 9.154279985677329368e-01 9.186313826771480562e-01 9.217891181496057351e-01 9.249000299994373231e-01 9.279629480591499169e-01 9.309767079349118291e-01 9.339401519748746772e-01 9.368521302491038538e-01 9.397115015398326276e-01 9.425171343407001689e-01 9.452679078635813914e-01 9.479627130515642097e-01 9.506004535965821844e-01 9.531800469601655612e-01 9.557004253957289697e-01 9.581605369707785202e-01 9.605593465873804027e-01 9.628958369992076660e-01 9.651690098234447790e-01 9.673778865458163567e-01 9.695215095169755770e-01 9.715989429384828124e-01 9.736092738365873522e-01 9.755516130220230897e-01 9.774250960340254979e-01 9.792288840667863203e-01 9.809621648765662894e-01 9.826241536677040589e-01 9.842140939557787460e-01 9.857312584062087879e-01 9.871749496466013518e-01 9.885445010511986208e-01 9.898392774958130191e-01 9.910586760816881835e-01 9.922021268267702254e-01 9.932690933229375574e-01 9.942590733577887363e-01 9.951715994996650494e-01 9.960062396446450750e-01 9.967625975243268321e-01 9.974403131732954009e-01 9.980390633552501667e-01 9.985585619468553276e-01 9.989985602784675622e-01 9.993588474309853531e-01 9.996392504881583818e-01 9.998396347437993326e-01 9.999599038634294779e-01 1.000000000000000000e+00 9.999599038634294779e-01 9.998396347437993326e-01 9.996392504881583818e-01 9.993588474309853531e-01 9.989985602784675622e-01 9.985585619468553276e-01 9.980390633552501667e-01 9.974403131732954009e-01 9.967625975243268321e-01 9.960062396446450750e-01 9.951715994996650494e-01 9.942590733577885143e-01 9.932690933229375574e-01 9.922021268267702254e-01 9.910586760816881835e-01 9.898392774958130191e-01 9.885445010511986208e-01 9.871749496466013518e-01 9.857312584062087879e-01 9.842140939557787460e-01 9.826241536677040589e-01 9.809621648765662894e-01 9.792288840667863203e-01 9.774250960340254979e-01 9.755516130220230897e-01 9.736092738365873522e-01 9.715989429384825904e-01
8.239398155144302960e-01 8.279059224895247704e-01 8.318548989766119117e-01 8.357857046332801687e-01 8.396972865627824190e-01 8.435885797269534470e-01 8.474585073832920923e-01 8.513059815463831503e-01 8.551299034737951388e-01 8.589291641765458563e-01 8.627026449541901343e-01 8.664492179545261186e-01 8.701677467578825542e-01 8.738570869858889312e-01 8.775160869345828285e-01 8.811435882316573931e-01 8.847384265175927132e-01 8.882994321503625557e-01 8.918254309333467633e-01 8.953152448660238738e-01 8.987676929169572393e-01 9.021815918185244199e-01 9.055557568827840020e-01 9.088890028378044939e-01 9.121801446837227711e-01 9.154279985677329368e-01 9.186313826771480562e-01 9.217891181496055131e-01 9.249000299994373231e-01 9.279629480591499169e-01 9.309767079349118291e-01 9.339401519748744551e-01 9.368521302491038538e-01 9.397115015398326276e-01 9.425171343407001689e-01 9.452679078635813914e-01 9.479627130515640987e-01 9.506004535965821844e-01 9.531800469601655612e-01 9.557004253957289697e-01 9.581605369707785202e-01 9.605593465873804027e-01 9.628958369992076660e-01 9.651690098234447790e-01 9.673778865458163567e-01 9.695215095169755770e-01 9.715989429384825904e-01 9.736092738365873522e-01 9.755516130220230897e-01 9.774250960340254979e-01 9.792288840667863203e-01 9.809621648765662894e-01 9.826241536677040589e-01 9.842140939557787460e-01 9.857312584062087879e-01 9.871749496466013518e-01 9.885445010511986208e-01 9.898392774958130191e-01 9.910586760816881835e-01 9.922021268267702254e-01 9.932690933229375574e-01 9.942590733577885143e-01 9.951715994996650494e-01 9.960062396446450750e-01 9.967625975243268321e-01 9.974403131732954009e-01 9.980390633552501667e-01 9.985585619468553276e-01 9.989985602784675622e-01 9.993588474309853531e-01 9.996392504881583818e-01 9.998396347437993326e-01 9.999599038634294779e-01 1.000000000000000000e+00 9.999599038634294779e-01 9.998396347437993326e-01 9.996392504881583818e-01 9.993588474309853531e-01 9.989985602784675622e-01 9.985585619468553276e-01 9.980390633552501667e-01 9.974403131732954009e-01 9.967625975243268321e-01 9.960062396446450750e-01 9.951715994996650494e-01 9.942590733577887363e-01 9.932690933229375574e-01 9.922021268267702254e-01 9.910586760816881835e-01 9.898392774958130191e-01 9.885445010511986208e-01 9.871749496466013518e-01 9.857312584062087879e-01 9.842140939557787460e-01 9.826241536677040589e-01 9.809621648765662894e-01 9.792288840667863203e-01 9.774250960340254979e-01 9.755516130220230897e-01 9.736092738365873522e-01
8.199576054504343903e-01 8.239398155144302960e-01 8.279059224895249924e-01 8.318548989766119117e-01 8.357857046332801687e-01 8.396972865627824190e-01 8.435885797269536690e-01 8.474585073832920923e-01 8.513059815463833724e-01 8.551299034737951388e-01 8.589291641765459673e-01 8.627026449541901343e-01 8.664492179545261186e-01 8.701677467578825542e-01 8.738570869858889312e-01 8.775160869345828285e-01 8.811435882316573931e-01 8.847384265175928242e-01 8.882994321503627777e-01 8.918254309333468743e-01 8.953152448660239848e-01 8.987676929169572393e-01 9.021815918185244199e-01 9.055557568827840020e-01 9.088890028378047159e-01 9.121801446837227711e-01 9.154279985677329368e-01 9.186313826771480562e-01 9.217891181496057351e-01 9.249000299994373231e-01 9.279629480591499169e-01 9.309767079349118291e-01 9.339401519748746772e-01 9.368521302491038538e-01 9.397115015398326276e-01 9.425171343407001689e-01 9.452679078635815024e-01 9.479627130515642097e-01 9.506004535965821844e-01 9.531800469601655612e-01 9.557004253957289697e-01 9.581605369707785202e-01 9.605593465873804027e-01 9.628958369992076660e-01 9.651690098234447790e-01 9.673778865458163567e-01 9.695215095169755770e-01 9.715989429384828124e-01 9.736092738365873522e-01 9.755516130220230897e-01 9.774250960340254979e-01 9.792288840667863203e-01 9.809621648765662894e-01 9.826241536677040589e-01 9.842140939557787460e-01 9.857312584062087879e-01 9.871749496466013518e-01 9.885445010511986208e-01 9.898392774958130191e-01 9.910586760816881835e-01 9.922021268267702254e-01 9.932690933229375574e-01 9.942590733577887363e-01 9.951715994996650494e-01 9.960062396446450750e-01 9.967625975243268321e-01 9.974403131732954009e-01 9.980390633552501667e-01 9.985585619468553276e-01 9.989985602784675622e-01 9.993588474309853531e-01 9.996392504881583818e-01 9.998396347437993326e-01 9.999599038634294779e-01 1.000000000000000000e+00 9.999599038634294779e-01 9.998396347437993326e-01 9.996392504881583818e-01 9.993588474309851311e-01 9.989985602784675622e-01 9.985585619468553276e-01 9.980390633552501667e-01 9.974403131732954009e-01 9.967625975243268321e-01 9.960062396446450750e-01 9.951715994996650494e-01 9.942590733577885143e-01 9.932690933229375574e-01 9.922021268267702254e-01 9.910586760816881835e-01 9.898392774958130191e-01 9.885445010511983988e-01 9.871749496466013518e-01 9.857312584062087879e-01 9.842140939557787460e-01 9.826241536677040589e-01 9.809621648765662894e-01 9.792288840667863203e-01 9.774250960340254979e-01 9.755516130220230897e-01
8.159603063880701557e-01 8.199576054504343903e-01 8.239398155144302960e-01 8.279059224895247704e-01 8.318548989766119117e-01 8.357857046332801687e-01 8.396972865627824190e-01 8.435885797269534470e-01 8.474585073832920923e-01 8.513059815463833724e-01 8.551299034737951388e-01 8.589291641765458563e-01 8.627026449541901343e-01 8.664492179545261186e-01 8.701677467578825542e-01 8.738570869858889312e-01 8.775160869345828285e-01 8.811435882316573931e-01 8.847384265175927132e-01 8.882994321503625557e-01 8.918254309333467633e-01 8.953152448660239848e-01 8.987676929169572393e-01 9.021815918185244199e-01 9.055557568827840020e-01 9.088890028378044939e-01 9.121801446837227711e-01 9.154279985677329368e-01 9.186313826771480562e-01 9.217891181496055131e-01 9.249000299994373231e-01 9.279629480591499169e-01 9.309767079349118291e-01 9.339401519748744551e-01 9.368521302491038538e-01 9.397115015398326276e-01 9.425171343407001689e-01 9.452679078635813914e-01 9.479627130515640987e-01 9.506004535965821844e-01 9.531800469601655612e-01 9.557004253957289697e-01 9.581605369707785202e-01 9.605593465873804027e-01 9.628958369992076660e-01 9.651690098234447790e-01 9.673778865458163567e-01 9.695215095169755770e-01 9.715989429384825904e-01 9.736092738365873522e-01 9.755516130220230897e-01 9.774250960340254979e-01 9.792288840667863203e-01 9.809621648765662894e-01 9.826241536677040589e-01 9.842140939557787460e-01 9.857312584062087879e-01 9.871749496466013518e-01 9.885445010511986208e-01 9.898392774958130191e-01 9.910586760816881835e-01 9.922021268267702254e-01 9.932690933229375574e-01 9.942590733577885143e-01 9.951715994996650494e-01 9.960062396446450750e-01 9.967625975243268321e-01 9.974403131732954009e-01 9.980390633552501667e-01 9.985585619468553276e-01 9.989985602784675622e-01 9.993588474309853531e-01 9.996392504881583818e-01 9.998396347437993326e-01 9.999599038634294779e-01 1.000000000000000000e+00 9.999599038634294779e-01 9.998396347437993326e-01 9.996392504881583818e-01 9.993588474309853531e-01 9.989985602784675622e-01 9.985585619468553276e-01 9.980390633552501667e-01 9.974403131732954009e-01 9.967625975243268321e-01 9.960062396446450750e-01 9.951715994996650494e-01 9.942590733577887363e-01 9.932690933229375574e-01 9.922021268267702254e-01 9.910586760816881835e-01 9.898392774958130191e-01 9.885445010511986208e-01 9.871749496466013518e-01 9.857312584062087879e-01 9.842140939557787460e-01 9.826241536677040589e-01 9.809621648765662894e-01 9.792288840667863203e-01 9.774250960340254979e-01
8.119489187674456820e-01 8.159603063880701557e-01 8.199576054504343903e-01 8.239398155144302960e-01 8.279059224895249924e-01 8.318548989766119117e-01 8.357857046332801687e-01 8.396972865627824190e-01 8.435885797269536690e-01 8.474585073832923143e-01 8.513059815463833724e-01 8.551299034737951388e-01 8.589291641765459673e-01 8.627026449541901343e-01 8.664492179545261186e-01 8.701677467578825542e-01 8.738570869858889312e-01 8.775160869345828285e-01 8.811435882316573931e-01 8.847384265175928242e-01 8.882994321503627777e-01 8.918254309333468743e-01 8.953152448660239848e-01 8.987676929169572393e-01 9.021815918185244199e-01 9.055557568827840020e-01 9.088890028378047159e-01 9.121801446837227711e-01 9.154279985677329368e-01 9.186313826771480562e-01 9.217891181496057351e-01 9.249000299994373231e-01 9.279629480591499169e-01 9.309767079349118291e-01 9.339401519748746772e-01 9.368521302491039648e-01 9.397115015398326276e-01 9.425171343407001689e-01 9.452679078635815024e-01 9.479627130515642097e-01 9.506004535965821844e-01 9.531800469601655612e-01 9.557004253957289697e-01 9.581605369707785202e-01 9.605593465873804027e-01 9.628958369992076660e-01 9.651690098234447790e-01 9.673778865458163567e-01 9.695215095169755770e-01 9.715989429384828124e-01 9.736092738365873522e-01 9.755516130220230897e-01 9.774250960340254979e-01 9.792288840667863203e-01 9.809621648765662894e-01 9.826241536677040589e-01 9.842140939557787460e-01 9.857312584062087879e-01 9.871749496466013518e-01 9.885445010511986208e-01 9.898392774958130191e-01 9.910586760816881835e-01 9.922021268267702254e-01 9.932690933229375574e-01 9.942590733577887363e-01 9.951715994996650494e-01 9.960062396446450750e-01 9.967625975243268321e-01 9.974403131732954009e-01 9.980390633552501667e-01 9.985585619468553276e-01 9.989985602784675622e-01 9.993588474309853531e-01 9.996392504881583818e-01 9.998396347437993326e-01 9.999599038634294779e-01 1.000000000000000000e+00 9.999599038634294779e-01 9.998396347437993326e-01 9.996392504881583818e-01 9.993588474309851311e-01 9.989985602784675622e-01 9.985585619468553276e-01 9.980390633552501667e-01 9.974403131732954009e-01 9.967625975243268321e-01 9.960062396446450750e-01 9.951715994996650494e-01 9.942590733577885143e-01 9.932690933229375574e-01 9.922021268267702254e-01 9.910586760816879615e-01 9.898392774958130191e-01 9.885445010511983988e-01 9.871749496466013518e-01 9.857312584062087879e-01 9.842140939557787460e-01 9.826241536677040589e-01 9.809621648765662894e-01 9.792288840667863203e-01
8.079244290594917999e-01 8.119489187674454600e-01 8.159603063880701557e-01 8.199576054504343903e-01 8.239398155144302960e-01 8.279059224895247704e-01 8.318548989766119117e-01 8.357857046332801687e-01 8.396972865627824190e-01 8.435885797269534470e-01 8.474585073832920923e-01 8.513059815463833724e-01 8.551299034737951388e-01 8.589291641765458563e-01 8.627026449541901343e-01 8.664492179545261186e-01 8.701677467578825542e-01 8.738570869858889312e-01 8.775160869345828285e-01 8.811435882316573931e-01 8.847384265175927132e-01 8.882994321503625557e-01 8.918254309333468743e-01 8.953152448660239848e-01 8.987676929169572393e-01 9.021815918185244199e-01 9.055557568827840020e-01 9.088890028378044939e-01 9.121801446837227711e-01 9.154279985677329368e-01 9.186313826771480562e-01 9.217891181496055131e-01 9.249000299994373231e-01 9.279629480591499169e-01 9.309767079349118291e-01 9.339401519748744551e-01 9.368521302491038538e-01 9.397115015398326276e-01 9.425171343407001689e-01 9.452679078635813914e-01 9.479627130515640987e-01 9.506004535965821844e-01 9.531800469601655612e-01 9.557004253957289697e-01 9.581605369707785202e-01 9.605593465873804027e-01 9.628958369992076660e-01 9.651690098234447790e-01 9.673778865458163567e-01 9.695215095169755770e-01 9.715989429384825904e-01 9.736092738365873522e-01 9.755516130220230897e-01 9.774250960340254979e-01 9.792288840667863203e-01 9.809621648765662894e-01 9.826241536677040589e-01 9.842140939557787460e-01 9.857312584062087879e-01 9.871749496466013518e-01 9.885445010511986208e-01 9.898392774958130191e-01 9.910586760816881835e-01 9.922021268267702254e-01 9.932690933229375574e-01 9.942590733577887363e-01 9.951715994996650494e-01 9.960062396446450750e-01 9.967625975243268321e-01 9.974403131732954009e-01 9.980390633552501667e-01 9.985585619468553276e-01 9.989985602784675622e-01 9.993588474309853531e-01 9.996392504881583818e-01 9.998396347437993326e-01 9.999599038634294779e-01 1.000000000000000000e+00 9.999599038634294779e-01 9.998396347437993326e-01 9.996392504881583818e-01 9.993588474309853531e-01 9.989985602784675622e-01 9.985585619468553276e-01 9.980390633552501667e-01 9.974403131732954009e-01 9.967625975243268321e-01 9.960062396446450750e-01 9.951715994996650494e-01 9.942590733577887363e-01 9.932690933229375574e-01 9.922021268267702254e-01 9.910586760816881835e-01 9.898392774958130191e-01 9.885445010511986208e-01 9.871749496466013518e-01 9.857312584062087879e-01 9.842140939557787460e-01 9.826241536677040589e-01 9.809621648765662894e-01
8.038878094699674071e-01 8.079244290594916889e-01 8.119489187674454600e-01 8.159603063880701557e-01 8.199576054504343903e-01 8.239398155144301850e-01 8.279059224895247704e-01 8.318548989766118007e-01 8.357857046332801687e-01 8.396972865627824190e-01 8.435885797269534470e-01 8.474585073832920923e-01 8.513059815463831503e-01 8.551299034737951388e-01 8.589291641765458563e-01 8.627026449541901343e-01 8.664492179545260075e-01 8.701677467578825542e-01 8.738570869858887091e-01 8.775160869345828285e-01 8.811435882316572821e-01 8.847384265175927132e-01 8.882994321503625557e-01 8.918254309333467633e-01 8.953152448660238738e-01 8.987676929169571283e-01 9.021815918185244199e-01 9.055557568827840020e-01 9.088890028378044939e-01 9.121801446837227711e-01 9.154279985677329368e-01 9.186313826771480562e-01 9.217891181496055131e-01 9.249000299994373231e-01 9.279629480591496948e-01 9.309767079349116070e-01 9.339401519748744551e-01 9.368521302491038538e-01 9.397115015398326276e-01 9.425171343407001689e-01 9.452679078635813914e-01 9.479627130515640987e-01 9.506004535965819624e-01 9.531800469601655612e-01 9.557004253957289697e-01 9.581605369707785202e-01 9.605593465873804027e-01 9.628958369992076660e-01 9.651690098234447790e-01 9.673778865458163567e-01 9.695215095169753550e-01 9.715989429384825904e-01 9.736092738365873522e-01 9.755516130220230897e-01 9.774250960340254979e-01 9.792288840667863203e-01 9.809621648765662894e-01 9.826241536677040589e-01 9.842140939557787460e-01 9.857312584062087879e-01 9.871749496466013518e-01 9.885445010511983988e-01 9.898392774958130191e-01 9.910586760816879615e-01 9.922021268267702254e-01 9.932690933229375574e-01 9.942590733577885143e-01 9.951715994996650494e-01 9.960062396446450750e-01 9.967625975243268321e-01 9.974403131732954009e-01 9.980390633552501667e-01 9.985585619468553276e-01 9.989985602784675622e-01 9.993588474309851311e-01 9.996392504881583818e-01 9.998396347437993326e-01 9.999599038634294779e-01 1.000000000000000000e+00 9.999599038634294779e-01 9.998396347437993326e-01 9.996392504881583818e-01 9.993588474309853531e-01 9.989985602784675622e-01 9.985585619468553276e-01 9.980390633552501667e-01 9.974403131732954009e-01 9.967625975243268321e-01 9.960062396446450750e-01 9.951715994996650494e-01 9.942590733577887363e-01 9.932690933229375574e-01 9.922021268267702254e-01 9.910586760816881835e-01 9.898392774958130191e-01 9.885445010511986208e-01 9.871749496466013518e-01 9.857312584062087879e-01 9.842140939557787460e-01 9.826241536677040589e-01
7.998400176658468919e-01 8.038878094699675181e-01 8.079244290594917999e-01 8.119489187674454600e-01 8.159603063880701557e-01 8.199576054504343903e-01 8.239398155144302960e-01 8.279059224895247704e-01 8.318548989766119117e-01 8.357857046332801687e-01 8.396972865627824190e-01 8.435885797269534470e-01 8.474585073832920923e-01 8.513059815463833724e-01 8.551299034737951388e-01 8.589291641765458563e-01 8.627026449541901343e-01 8.664492179545261186e-01 8.701677467578825542e-01 8.738570869858889312e-01 8.775160869345828285e-01 8.811435882316573931e-01 8.847384265175928242e-01 8.882994321503625557e-01 8.918254309333468743e-01 8.953152448660239848e-01 8.987676929169572393e-01 9.021815918185244199e-01 9.055557568827840020e-01 9.088890028378047159e-01 9.121801446837227711e-01 9.154279985677329368e-01 9.186313826771480562e-01 9.217891181496055131e-01 9.249000299994373231e-01 9.279629480591499169e-01 9.309767079349118291e-01 9.339401519748744551e-01 9.368521302491038538e-01 9.397115015398326276e-01 9.425171343407001689e-01 9.452679078635813914e-01 9.479627130515640987e-01 9.506004535965821844e-01 9.531800469601655612e-01 9.557004253957289697e-01 9.581605369707785202e-01 9.605593465873804027e-01 9.628958369992076660e-01 9.651690098234447790e-01 9.673778865458163567e-01 9.695215095169755770e-01 9.715989429384825904e-01 9.736092738365873522e-01 9.755516130220230897e-01 9.774250960340254979e-01 9.792288840667863203e-01 9.809621648765662894e-01 9.826241536677040589e-01 9.842140939557787460e-01 9.857312584062087879e-01 9.871749496466013518e-01 9.885445010511986208e-01 9.898392774958130191e-01 9.910586760816881835e-01 9.922021268267702254e-01 9.932690933229375574e-01 9.942590733577887363e-01 9.951715994996650494e-01 9.960062396446450750e-01 9.967625975243268321e-01 9.974403131732954009e-01 9.980390633552501667e-01 9.985585619468553276e-01 9.989985602784675622e-01 9.993588474309853531e-01 9.996392504881583818e-01 9.998396347437993326e-01 9.999599038634294779e-01 1.000000000000000000e+00 9.999599038634294779e-01 9.998396347437993326e-01 9.996392504881583818e-01 9.993588474309853531e-01 9.989985602784675622e-01 9.985585619468553276e-01 9.980390633552501667e-01 9.974403131732954009e-01 9.967625975243268321e-01 9.960062396446450750e-01 9.951715994996650494e-01 9.942590733577885143e-01 9.932690933229375574e-01 9.922021268267702254e-01 9.910586760816881835e-01 9.898392774958130191e-01 9.885445010511986208e-01 9.871749496466013518e-01 9.857312584062087879e-01 9.842140939557787460e-01
7.957819965236904158e-01 7.998400176658466698e-01 8.038878094699674071e-01 8.079244290594916889e-01 8.119489187674454600e-01 8.159603063880701557e-01 8.199576054504343903e-01 8.239398155144301850e-01 8.279059224895247704e-01 8.318548989766119117e-01 8.357857046332801687e-01 8.396972865627824190e-01 8.435885797269534470e-01 8.474585073832920923e-01 8.513059815463831503e-01 8.551299034737951388e-01 8.589291641765458563e-01 8.627026449541901343e-01 8.664492179545260075e-01 8.701677467578825542e-01 8.738570869858887091e-01 8.775160869345828285e-01 8.811435882316573931e-01 8.847384265175927132e-01 8.882994321503625557e-01 8.918254309333467633e-01 8.953152448660238738e-01 8.987676929169571283e-01 9.021815918185244199e-01 9.055557568827840020e-01 9.088890028378044939e-01 9.121801446837227711e-01 9.154279985677329368e-01 9.186313826771480562e-01 9.217891181496055131e-01 9.249000299994373231e-01 9.279629480591499169e-01 9.309767079349116070e-01 9.339401519748744551e-01 9.368521302491038538e-01 9.397115015398326276e-01 9.425171343407001689e-01 9.452679078635813914e-01 9.479627130515640987e-01 9.506004535965819624e-01 9.531800469601655612e-01 9.557004253957289697e-01 9.581605369707785202e-01 9.605593465873804027e-01 9.628958369992076660e-01 9.651690098234447790e-01 9.673778865458163567e-01 9.695215095169753550e-01 9.715989429384825904e-01 9.736092738365873522e-01 9.755516130220230897e-01 9.774250960340254979e-01 9.792288840667863203e-01 9.809621648765662894e-01 9.826241536677040589e-01 9.842140939557787460e-01 9.857312584062087879e-01 9.871749496466013518e-01 9.885445010511983988e-01 9.898392774958130191e-01 9.910586760816881835e-01 9.922021268267702254e-01 9.932690933229375574e-01 9.942590733577885143e-01 9.951715994996650494e-01 9.960062396446450750e-01 9.967625975243268321e-01 9.974403131732954009e-01 9.980390633552501667e-01 9.985585619468553276e-01 9.989985602784675622e-01 9.993588474309851311e-01 9.996392504881583818e-01 9.998396347437993326e-01 9.999599038634294779e-01 1.000000000000000000e+00 9.999599038634294779e-01 9.998396347437993326e-01 9.996392504881583818e-01 9.993588474309853531e-01 9.989985602784675622e-01 9.985585619468553276e-01 9.980390633552501667e-01 9.974403131732954009e-01 9.967625975243268321e-01 9.960062396446450750e-01 9.951715994996650494e-01 9.942590733577887363e-01 9.932690933229375574e-01 9.922021268267702254e-01 9.910586760816881835e-01 9.898392774958130191e-01 9.885445010511986208e-01 9.871749496466013518e-01 9.857312584062087879e-01
7.917146738995821664e-01 7.957819965236905269e-01 7.998400176658468919e-01 8.038878094699675181e-01 8.079244290594917999e-01 8.119489187674454600e-01 8.159603063880701557e-01 8.199576054504343903e-01 8.239398155144302960e-01 8.279059224895249924e-01 8.318548989766119117e-01 8.357857046332801687e-01 8.396972865627824190e-01 8.435885797269534470e-01 8.474585073832920923e-01 8.513059815463833724e-01 8.551299034737951388e-01 8.589291641765458563e-01 8.627026449541901343e-01 8.664492179545261186e-01 8.701677467578825542e-01 8.738570869858889312e-01 8.775160869345828285e-01 8.811435882316573931e-01 8.847384265175928242e-01 8.882994321503625557e-01 8.918254309333468743e-01 8.953152448660239848e-01 8.987676929169572393e-01 9.021815918185244199e-01 9.055557568827840020e-01 9.088890028378047159e-01 9.121801446837227711e-01 9.154279985677329368e-01 9.186313826771480562e-01 9.217891181496057351e-01 9.249000299994373231e-01 9.279629480591499169e-01 9.309767079349118291e-01 9.339401519748744551e-01 9.368521302491038538e-01 9.397115015398326276e-01 9.425171343407001689e-01 9.452679078635815024e-01 9.479627130515640987e-01 9.506004535965821844e-01 9.531800469601655612e-01 9.557004253957289697e-01 9.581605369707785202e-01 9.605593465873804027e-01 9.628958369992076660e-01 9.651690098234447790e-01 9.673778865458163567e-01 9.695215095169755770e-01 9.715989429384828124e-01 9.736092738365873522e-01 9.755516130220230897e-01 9.774250960340254979e-01 9.792288840667863203e-01 9.809621648765662894e-01 9.826241536677040589e-01 9.842140939557787460e-01 9.857312584062087879e-01 9.871749496466013518e-01 9.885445010511986208e-01 9.898392774958130191e-01 9.910586760816881835e-01 9.922021268267702254e-01 9.932690933229375574e-01 9.942590733577887363e-01 9.951715994996650494e-01 9.960062396446450750e-01 9.967625975243268321e-01 9.974403131732954009e-01 9.980390633552501667e-01 9.985585619468553276e-01 9.989985602784675622e-01 9.993588474309853531e-01 9.996392504881583818e-01 9.998396347437993326e-01 9.999599038634294779e-01 1.000000000000000000e+00 9.999599038634294779e-01 9.998396347437993326e-01 9.996392504881583818e-01 9.993588474309853531e-01 9.989985602784675622e-01 9.985585619468553276e-01 9.980390633552501667e-01 9.974403131732954009e-01 9.967625975243268321e-01 9.960062396446450750e-01 9.951715994996650494e-01 9.942590733577885143e-01 9.932690933229375574e-01 9.922021268267702254e-01 9.910586760816881835e-01 9.898392774958130191e-01 9.885445010511986208e-01 9.871749496466013518e-01
7.876389624201818318e-01 7.917146738995820554e-01 7.957819965236904158e-01 7.998400176658466698e-01 8.038878094699675181e-01 8.079244290594916889e-01 8.119489187674454600e-01 8.159603063880701557e-01 8.199576054504343903e-01 8.239398155144302960e-01 8.279059224895247704e-01 8.318548989766119117e-01 8.357857046332801687e-01 8.396972865627824190e-01 8.435885797269534470e-01 8.474585073832920923e-01 8.513059815463831503e-01 8.551299034737951388e-01 8.589291641765458563e-01 8.627026449541901343e-01 8.664492179545260075e-01 8.701677467578825542e-01 8.738570869858889312e-01 8.775160869345828285e-01 8.811435882316573931e-01 8.847384265175927132e-01 8.882994321503625557e-01 8.918254309333467633e-01 8.953152448660238738e-01 8.987676929169572393e-01 9.021815918185244199e-01 9.055557568827840020e-01 9.088890028378044939e-01 9.121801446837227711e-01 9.154279985677329368e-01 9.186313826771480562e-01 9.217891181496055131e-01 9.249000299994373231e-01 9.279629480591499169e-01 9.309767079349116070e-01 9.339401519748744551e-01 9.368521302491038538e-01 9.397115015398326276e-01 9.425171343407001689e-01 9.452679078635813914e-01 9.479627130515640987e-01 9.506004535965819624e-01 9.531800469601655612e-01 9.557004253957289697e-01 9.581605369707785202e-01 9.605593465873804027e-01 9.628958369992076660e-01 9.651690098234447790e-01 9.673778865458163567e-01 9.695215095169755770e-01 9.715989429384825904e-01 9.736092738365873522e-01 9.755516130220230897e-01 9.774250960340254979e-01 9.792288840667863203e-01 9.809621648765662894e-01 9.826241536677040589e-01 9.842140939557787460e-01 9.857312584062087879e-01 9.871749496466013518e-01 9.885445010511986208e-01 9.898392774958130191e-01 9.910586760816881835e-01 9.922021268267702254e-01 9.932690933229375574e-01 9.942590733577885143e-01 9.951715994996650494e-01 9.960062396446450750e-01 9.967625975243268321e-01 9.974403131732954009e-01 9.980390633552501667e-01 9.985585619468553276e-01 9.989985602784675622e-01 9.993588474309853531e-01 9.996392504881583818e-01 9.998396347437993326e-01 9.999599038634294779e-01 1.000000000000000000e+00 9.999599038634294779e-01 9.998396347437993326e-01 9.996392504881583818e-01 9.993588474309853531e-01 9.989985602784675622e-01 9.985585619468553276e-01 9.980390633552501667e-01 9.974403131732954009e-01 9.967625975243268321e-01 9.960062396446450750e-01 9.951715994996650494e-01 9.942590733577887363e-01 9.932690933229375574e-01 9.922021268267702254e-01 9.910586760816881835e-01 9.898392774958130191e-01 9.885445010511986208e-01
7.835557592944395466e-01 7.876389624201819428e-01 7.917146738995821664e-01 7.957819965236905269e-01 7.998400176658468919e-01 8.038878094699675181e-01 8.079244290594917999e-01 8.119489187674454600e-01 8.159603063880701557e-01 8.199576054504343903e-01 8.239398155144302960e-01 8.279059224895249924e-01 8.318548989766119117e-01 8.357857046332801687e-01 8.396972865627824190e-01 8.435885797269534470e-01 8.474585073832920923e-01 8.513059815463833724e-01 8.551299034737951388e-01 8.589291641765459673e-01 8.627026449541901343e-01 8.664492179545261186e-01 8.701677467578825542e-01 8.738570869858889312e-01 8.775160869345828285e-01 8.811435882316573931e-01 8.847384265175928242e-01 8.882994321503625557e-01 8.918254309333468743e-01 8.953152448660239848e-01 8.987676929169572393e-01 9.021815918185244199e-01 9.055557568827840020e-01 9.088890028378047159e-01 9.121801446837227711e-01 9.154279985677329368e-01 9.186313826771480562e-01 9.217891181496057351e-01 9.249000299994373231e-01 9.279629480591499169e-01 9.309767079349118291e-01 9.339401519748744551e-01 9.368521302491038538e-01 9.397115015398326276e-01 9.425171343407001689e-01 9.452679078635815024e-01 9.479627130515640987e-01 9.506004535965821844e-01 9.531800469601655612e-01 9.557004253957289697e-01 9.581605369707785202e-01 9.605593465873804027e-01 9.628958369992076660e-01 9.651690098234447790e-01 9.673778865458163567e-01 9.695215095169755770e-01 9.715989429384828124e-01 9.736092738365873522e-01 9.755516130220230897e-01 9.774250960340254979e-01 9.792288840667863203e-01 9.809621648765662894e-01 9.826241536677040589e-01 9.842140939557787460e-01 9.857312584062087879e-01 9.871749496466013518e-01 9.885445010511986208e-01 9.898392774958130191e-01 9.910586760816881835e-01 9.922021268267702254e-01 9.932690933229375574e-01 9.942590733577887363e-01 9.951715994996650494e-01 9.960062396446450750e-01 9.967625975243268321e-01 9.974403131732954009e-01 9.980390633552501667e-01 9.985585619468553276e-01 9.989985602784675622e-01 9.993588474309853531e-01 9.996392504881583818e-01 9.998396347437993326e-01 9.999599038634294779e-01 1.000000000000000000e+00 9.999599038634294779e-01 9.998396347437993326e-01 9.996392504881583818e-01 9.993588474309853531e-01 9.989985602784675622e-01 9.985585619468553276e-01 9.980390633552501667e-01 9.974403131732954009e-01 9.967625975243268321e-01 9.960062396446450750e-01 9.951715994996650494e-01 9.942590733577885143e-01 9.932690933229375574e-01 9.922021268267702254e-01 9.910586760816881835e-01 9.898392774958130191e-01
7.794659461454813698e-01 7.835557592944393246e-01 7.876389624201818318e-01 7.917146738995820554e-01 7.957819965236905269e-01 7.998400176658466698e-01 8.038878094699675181e-01 8.079244290594916889e-01 8.119489187674454600e-01 8.159603063880701557e-01 8.199576054504343903e-01 8.239398155144302960e-01 8.279059224895247704e-01 8.318548989766119117e-01 8.357857046332801687e-01 8.396972865627824190e-01 8.435885797269534470e-01 8.474585073832920923e-01 8.513059815463831503e-01 8.551299034737951388e-01 8.589291641765458563e-01 8.627026449541901343e-01 8.664492179545261186e-01 8.701677467578825542e-01 8.738570869858889312e-01 8.775160869345828285e-01 8.811435882316573931e-01 8.847384265175927132e-01 8.882994321503625557e-01 8.918254309333467633e-01 8.953152448660238738e-01 8.987676929169572393e-01 9.021815918185244199e-01 9.055557568827840020e-01 9.088890028378044939e-01 9.121801446837227711e-01 9.154279985677329368e-01 9.186313826771480562e-01 9.217891181496055131e-01 9.249000299994373231e-01 9.279629480591499169e-01 9.309767079349116070e-01 9.339401519748744551e-01 9.368521302491038538e-01 9.397115015398326276e-01 9.425171343407001689e-01 9.452679078635813914e-01 9.479627130515640987e-01 9.506004535965821844e-01 9.531800469601655612e-01 9.557004253957289697e-01 9.581605369707785202e-01 9.605593465873804027e-01 9.628958369992076660e-01 9.651690098234447790e-01 9.673778865458163567e-01 9.695215095169755770e-01 9.715989429384825904e-01 9.736092738365873522e-01 9.755516130220230897e-01 9.774250960340254979e-01 9.792288840667863203e-01 9.809621648765662894e-01 9.826241536677040589e-01 9.842140939557787460e-01 9.857312584062087879e-01 9.871749496466013518e-01 9.885445010511986208e-01 9.898392774958130191e-01 9.910586760816881835e-01 9.922021268267702254e-01 9.932690933229375574e-01 9.942590733577885143e-01 9.951715994996650494e-01 9.960062396446450750e-01 9.967625975243268321e-01 9.974403131732954009e-01 9.980390633552501667e-01 9.985585619468553276e-01 9.989985602784675622e-01 9.993588474309853531e-01 9.996392504881583818e-01 9.998396347437993326e-01 9.999599038634294779e-01 1.000000000000000000e+00 9.999599038634294779e-01 9.998396347437993326e-01 9.996392504881583818e-01 9.993588474309853531e-01 9.989985602784675622e-01 9.985585619468553276e-01 9.980390633552501667e-01 9.974403131732954009e-01 9.967625975243268321e-01 9.960062396446450750e-01 9.951715994996650494e-01 9.942590733577887363e-01 9.932690933229375574e-01 9.922021268267702254e-01 9.910586760816881835e-01
7.753703888621796825e-01 7.794659461454813698e-01 7.835557592944395466e-01 7.876389624201819428e-01 7.917146738995821664e-01 7.957819965236905269e-01 7.998400176658468919e-01 8.038878094699675181e-01 8.079244290594917999e-01 8.119489187674456820e-01 8.159603063880701557e-01 8.199576054504343903e-01 8.239398155144302960e-01 8.279059224895249924e-01 8.318548989766119117e-01 8.357857046332801687e-01 8.396972865627824190e-01 8.435885797269534470e-01 8.474585073832920923e-01 8.513059815463833724e-01 8.551299034737951388e-01 8.589291641765459673e-01 8.627026449541901343e-01 8.664492179545261186e-01 8.701677467578825542e-01 8.738570869858889312e-01 8.775160869345828285e-01 8.811435882316573931e-01 8.847384265175928242e-01 8.882994321503627777e-01 8.918254309333468743e-01 8.953152448660239848e-01 8.987676929169572393e-01 9.021815918185244199e-01 9.055557568827840020e-01 9.088890028378047159e-01 9.121801446837227711e-01 9.154279985677329368e-01 9.186313826771480562e-01 9.217891181496057351e-01 9.249000299994373231e-01 9.279629480591499169e-01 9.309767079349118291e-01 9.339401519748746772e-01 9.368521302491038538e-01 9.397115015398326276e-01 9.425171343407001689e-01 9.452679078635815024e-01 9.479627130515642097e-01 9.506004535965821844e-01 9.531800469601655612e-01 9.557004253957289697e-01 9.581605369707785202e-01 9.605593465873804027e-01 9.628958369992076660e-01 9.651690098234447790e-01 9.673778865458163567e-01 9.695215095169755770e-01 9.715989429384828124e-01 9.736092738365873522e-01 9.755516130220230897e-01 9.774250960340254979e-01 9.792288840667863203e-01 9.809621648765662894e-01 9.826241536677040589e-01 9.842140939557787460e-01 9.857312584062087879e-01 9.871749496466013518e-01 9.885445010511986208e-01 9.898392774958130191e-01 9.910586760816881835e-01 9.922021268267702254e-01 9.932690933229375574e-01 9.942590733577887363e-01 9.951715994996650494e-01 9.960062396446450750e-01 9.967625975243268321e-01 9.974403131732954009e-01 9.980390633552501667e-01 9.985585619468553276e-01 9.989985602784675622e-01 9.993588474309853531e-01 9.996392504881583818e-01 9.998396347437993326e-01 9.999599038634294779e-01 1.000000000000000000e+00 9.999599038634294779e-01 9.998396347437993326e-01 9.996392504881583818e-01 9.993588474309853531e-01 9.989985602784675622e-01 9.985585619468553276e-01 9.980390633552501667e-01 9.974403131732954009e-01 9.967625975243268321e-01 9.960062396446450750e-01 9.951715994996650494e-01 9.942590733577885143e-01 9.932690933229375574e-01 9.922021268267702254e-01
7.712699374698914756e-01 7.753703888621796825e-01 7.794659461454813698e-01 7.835557592944393246e-01 7.876389624201819428e-01 7.917146738995820554e-01 7.957819965236905269e-01 7.998400176658466698e-01 8.038878094699675181e-01 8.079244290594917999e-01 8.119489187674454600e-01 8.159603063880701557e-01 8.199576054504343903e-01 8.239398155144302960e-01 8.279059224895247704e-01 8.318548989766119117e-01 8.357857046332801687e-01 8.396972865627824190e-01 8.435885797269534470e-01 8.474585073832920923e-01 8.513059815463831503e-01 8.551299034737951388e-01 8.589291641765458563e-01 8.627026449541901343e-01 8.664492179545261186e-01 8.701677467578825542e-01 8.738570869858889312e-01 8.775160869345828285e-01 8.811435882316573931e-01 8.847384265175927132e-01 8.882994321503625557e-01 8.918254309333467633e-01 8.953152448660238738e-01 8.987676929169572393e-01 9.021815918185244199e-01 9.055557568827840020e-01 9.088890028378044939e-01 9.121801446837227711e-01 9.154279985677329368e-01 9.186313826771480562e-01 9.217891181496055131e-01 9.249000299994373231e-01 9.279629480591499169e-01 9.309767079349118291e-01 9.339401519748744551e-01 9.368521302491038538e-01 9.397115015398326276e-01 9.425171343407001689e-01 9.452679078635813914e-01 9.479627130515640987e-01 9.506004535965821844e-01 9.531800469601655612e-01 9.557004253957289697e-01 9.581605369707785202e-01 9.605593465873804027e-01 9.628958369992076660e-01 9.651690098234447790e-01 9.673778865458163567e-01 9.695215095169755770e-01 9.715989429384825904e-01 9.736092738365873522e-01 9.755516130220230897e-01 9.774250960340254979e-01 9.792288840667863203e-01 9.809621648765662894e-01 9.826241536677040589e-01 9.842140939557787460e-01 9.857312584062087879e-01 9.871749496466013518e-01 9.885445010511986208e-01 9.898392774958130191e-01 9.910586760816881835e-01 9.922021268267702254e-01 9.932690933229375574e-01 9.942590733577885143e-01 9.951715994996650494e-01 9.960062396446450750e-01 9.967625975243268321e-01 9.974403131732954009e-01 9.980390633552501667e-01 9.985585619468553276e-01 9.989985602784675622e-01 9.993588474309853531e-01 9.996392504881583818e-01 9.998396347437993326e-01 9.999599038634294779e-01 1.000000000000000000e+00 9.999599038634294779e-01 9.998396347437993326e-01 9.996392504881583818e-01 9.993588474309853531e-01 9.989985602784675622e-01 9.985585619468553276e-01 9.980390633552501667e-01 9.974403131732954009e-01 9.967625975243268321e-01 9.960062396446450750e-01 9.951715994996650494e-01 9.942590733577887363e-01 9.932690933229375574e-01
7.671654260198440545e-01 7.712699374698914756e-01 7.753703888621796825e-01 7.794659461454813698e-01 7.835557592944395466e-01 7.876389624201819428e-01 7.917146738995821664e-01 7.957819965236905269e-01 7.998400176658468919e-01 8.038878094699675181e-01 8.079244290594917999e-01 8.119489187674456820e-01 8.159603063880701557e-01 8.199576054504343903e-01 8.239398155144302960e-01 8.279059224895249924e-01 8.318548989766119117e-01 8.357857046332801687e-01 8.396972865627824190e-01 8.435885797269536690e-01 8.474585073832920923e-01 8.513059815463833724e-01 8.551299034737951388e-01 8.589291641765459673e-01 8.627026449541901343e-01 8.664492179545261186e-01 8.701677467578825542e-01 8.738570869858889312e-01 8.775160869345828285e-01 8.811435882316573931e-01 8.847384265175928242e-01 8.882994321503627777e-01 8.918254309333468743e-01 8.953152448660239848e-01 8.987676929169572393e-01 9.021815918185244199e-01 9.055557568827840020e-01 9.088890028378047159e-01 9.121801446837227711e-01 9.154279985677329368e-01 9.186313826771480562e-01 9.217891181496057351e-01 9.249000299994373231e-01 9.279629480591499169e-01 9.309767079349118291e-01 9.339401519748746772e-01 9.368521302491038538e-01 9.397115015398326276e-01 9.425171343407001689e-01 9.452679078635815024e-01 9.479627130515642097e-01 9.506004535965821844e-01 9.531800469601655612e-01 9.557004253957289697e-01 9.581605369707785202e-01 9.605593465873804027e-01 9.628958369992076660e-01 9.651690098234447790e-01 9.673778865458163567e-01 9.695215095169755770e-01 9.715989429384828124e-01 9.736092738365873522e-01 9.755516130220230897e-01 9.774250960340254979e-01 9.792288840667863203e-01 9.809621648765662894e-01 9.826241536677040589e-01 9.842140939557787460e-01 9.857312584062087879e-01 9.871749496466013518e-01 9.885445010511986208e-01 9.898392774958130191e-01 9.910586760816881835e-01 9.922021268267702254e-01 9.932690933229375574e-01 9.942590733577887363e-01 9.951715994996650494e-01 9.960062396446450750e-01 9.967625975243268321e-01 9.974403131732954009e-01 9.980390633552501667e-01 9.985585619468553276e-01 9.989985602784675622e-01 9.993588474309853531e-01 9.996392504881583818e-01 9.998396347437993326e-01 9.999599038634294779e-01 1.000000000000000000e+00 9.999599038634294779e-01 9.998396347437993326e-01 9.996392504881583818e-01 9.993588474309851311e-01 9.989985602784675622e-01 9.985585619468553276e-01 9.980390633552501667e-01 9.974403131732954009e-01 9.967625975243268321e-01 9.960062396446450750e-01 9.951715994996650494e-01 9.942590733577885143e-01
7.630576724966365854e-01 7.671654260198440545e-01 7.712699374698914756e-01 7.753703888621796825e-01 7.794659461454813698e-01 7.835557592944393246e-01 7.876389624201819428e-01 7.917146738995820554e-01 7.957819965236905269e-01 7.998400176658468919e-01 8.038878094699675181e-01 8.079244290594917999e-01 8.119489187674454600e-01 8.159603063880701557e-01 8.199576054504343903e-01 8.239398155144302960e-01 8.279059224895247704e-01 8.318548989766119117e-01 8.357857046332801687e-01 8.396972865627824190e-01 8.435885797269534470e-01 8.474585073832920923e-01 8.513059815463833724e-01 8.551299034737951388e-01 8.589291641765458563e-01 8.627026449541901343e-01 8.664492179545261186e-01 8.701677467578825542e-01 8.738570869858889312e-01 8.775160869345828285e-01 8.811435882316573931e-01 8.847384265175927132e-01 8.882994321503625557e-01 8.918254309333467633e-01 8.953152448660238738e-01 8.987676929169572393e-01 9.021815918185244199e-01 9.055557568827840020e-01 9.088890028378044939e-01 9.121801446837227711e-01 9.154279985677329368e-01 9.186313826771480562e-01 9.217891181496055131e-01 9.249000299994373231e-01 9.279629480591499169e-01 9.309767079349118291e-01 9.339401519748744551e-01 9.368521302491038538e-01 9.397115015398326276e-01 9.425171343407001689e-01 9.452679078635813914e-01 9.479627130515640987e-01 9.506004535965821844e-01 9.531800469601655612e-01 9.557004253957289697e-01 9.581605369707785202e-01 9.605593465873804027e-01 9.628958369992076660e-01 9.651690098234447790e-01 9.673778865458163567e-01 9.695215095169755770e-01 9.715989429384825904e-01 9.736092738365873522e-01 9.755516130220230897e-01 9.774250960340254979e-01 9.792288840667863203e-01 9.809621648765662894e-01 9.826241536677040589e-01 9.842140939557787460e-01 9.857312584062087879e-01 9.871749496466013518e-01 9.885445010511986208e-01 9.898392774958130191e-01 9.910586760816881835e-01 9.922021268267702254e-01 9.932690933229375574e-01 9.942590733577885143e-01 9.951715994996650494e-01 9.960062396446450750e-01 9.967625975243268321e-01 9.974403131732954009e-01 9.980390633552501667e-01 9.985585619468553276e-01 9.989985602784675622e-01 9.993588474309853531e-01 9.996392504881583818e-01 9.998396347437993326e-01 9.999599038634294779e-01 1.000000000000000000e+00 9.999599038634294779e-01 9.998396347437993326e-01 9.996392504881583818e-01 9.993588474309853531e-01 9.989985602784675622e-01 9.985585619468553276e-01 9.980390633552501667e-01 9.974403131732954009e-01 9.967625975243268321e-01 9.960062396446450750e-01 9.951715994996650494e-01
7.589474787433144742e-01 7.630576724966365854e-01 7.671654260198440545e-01 7.712699374698914756e-01 7.753703888621797935e-01 7.794659461454813698e-01 7.835557592944395466e-01 7.876389624201819428e-01 7.917146738995821664e-01 7.957819965236907489e-01 7.998400176658468919e-01 8.038878094699675181e-01 8.079244290594917999e-01 8.119489187674456820e-01 8.159603063880701557e-01 8.199576054504343903e-01 8.239398155144302960e-01 8.279059224895249924e-01 8.318548989766119117e-01 8.357857046332801687e-01 8.396972865627824190e-01 8.435885797269536690e-01 8.474585073832923143e-01 8.513059815463833724e-01 8.551299034737951388e-01 8.589291641765459673e-01 8.627026449541901343e-01 8.664492179545261186e-01 8.701677467578825542e-01 8.738570869858889312e-01 8.775160869345828285e-01 8.811435882316573931e-01 8.847384265175928242e-01 8.882994321503627777e-01 8.918254309333468743e-01 8.953152448660239848e-01 8.987676929169572393e-01 9.021815918185244199e-01 9.055557568827840020e-01 9.088890028378047159e-01 9.121801446837227711e-01 9.154279985677329368e-01 9.186313826771480562e-01 9.217891181496057351e-01 9.249000299994373231e-01 9.279629480591499169e-01 9.309767079349118291e-01 9.339401519748746772e-01 9.368521302491039648e-01 9.397115015398326276e-01 9.425171343407001689e-01 9.452679078635815024e-01 9.479627130515642097e-01 9.506004535965821844e-01 9.531800469601655612e-01 9.557004253957289697e-01 9.581605369707785202e-01 9.605593465873804027e-01 9.628958369992076660e-01 9.651690098234447790e-01 9.673778865458163567e-01 9.695215095169755770e-01 9.715989429384828124e-01 9.736092738365873522e-01 9.755516130220230897e-01 9.774250960340254979e-01 9.792288840667863203e-01 9.809621648765662894e-01 9.826241536677040589e-01 9.842140939557787460e-01 9.857312584062087879e-01 9.871749496466013518e-01 9.885445010511986208e-01 9.898392774958130191e-01 9.910586760816881835e-01 9.922021268267702254e-01 9.932690933229375574e-01 9.942590733577887363e-01 9.951715994996650494e-01 9.960062396446450750e-01 9.967625975243268321e-01 9.974403131732954009e-01 9.980390633552501667e-01 9.985585619468553276e-01 9.989985602784675622e-01 9.993588474309853531e-01 9.996392504881583818e-01 9.998396347437993326e-01 9.999599038634294779e-01 1.000000000000000000e+00 9.999599038634294779e-01 9.998396347437993326e-01 9.996392504881583818e-01 9.993588474309851311e-01 9.989985602784675622e-01 9.985585619468553276e-01 9.980390633552501667e-01 9.974403131732954009e-01 9.967625975243268321e-01 9.960062396446450750e-01
7.548356304034683495e-01 7.589474787433144742e-01 7.630576724966365854e-01 7.671654260198440545e-01 7.712699374698914756e-01 7.753703888621796825e-01 7.794659461454813698e-01 7.835557592944393246e-01 7.876389624201819428e-01 7.917146738995821664e-01 7.957819965236905269e-01 7.998400176658468919e-01 8.038878094699675181e-01 8.079244290594917999e-01 8.119489187674454600e-01 8.159603063880701557e-01 8.199576054504343903e-01 8.239398155144302960e-01 8.279059224895247704e-01 8.318548989766119117e-01 8.357857046332801687e-01 8.396972865627824190e-01 8.435885797269534470e-01 8.474585073832920923e-01 8.513059815463833724e-01 8.551299034737951388e-01 8.589291641765458563e-01 8.627026449541901343e-01 8.664492179545261186e-01 8.701677467578825542e-01 8.738570869858889312e-01 8.775160869345828285e-01 8.811435882316573931e-01 8.847384265175927132e-01 8.882994321503625557e-01 8.918254309333468743e-01 8.953152448660239848e-01 8.987676929169572393e-01 9.021815918185244199e-01 9.055557568827840020e-01 9.088890028378044939e-01 9.121801446837227711e-01 9.154279985677329368e-01 9.186313826771480562e-01 9.217891181496055131e-01 9.249000299994373231e-01 9.279629480591499169e-01 9.309767079349118291e-01 9.339401519748744551e-01 9.368521302491038538e-01 9.397115015398326276e-01 9.425171343407001689e-01 9.452679078635813914e-01 9.479627130515640987e-01 9.506004535965821844e-01 9.531800469601655612e-01 9.557004253957289697e-01 9.581605369707785202e-01 9.605593465873804027e-01 9.628958369992076660e-01 9.651690098234447790e-01 9.673778865458163567e-01 9.695215095169755770e-01 9.715989429384825904e-01 9.736092738365873522e-01 9.755516130220230897e-01 9.774250960340254979e-01 9.792288840667863203e-01 9.809621648765662894e-01 9.826241536677040589e-01 9.842140939557787460e-01 9.857312584062087879e-01 9.871749496466013518e-01 9.885445010511986208e-01 9.898392774958130191e-01 9.910586760816881835e-01 9.922021268267702254e-01 9.932690933229375574e-01 9.942590733577887363e-01 9.951715994996650494e-01 9.960062396446450750e-01 9.967625975243268321e-01 9.974403131732954009e-01 9.980390633552501667e-01 9.985585619468553276e-01 9.989985602784675622e-01 9.993588474309853531e-01 9.996392504881583818e-01 9.998396347437993326e-01 9.999599038634294779e-01 1.000000000000000000e+00 9.999599038634294779e-01 9.998396347437993326e-01 9.996392504881583818e-01 9.993588474309853531e-01 9.989985602784675622e-01 9.985585619468553276e-01 9.980390633552501667e-01 9.974403131732954009e-01 9.967625975243268321e-01
7.507228968798023150e-01 7.548356304034683495e-01 7.589474787433144742e-01 7.630576724966365854e-01 7.671654260198440545e-01 7.712699374698914756e-01 7.753703888621796825e-01 7.794659461454812588e-01 7.835557592944393246e-01 7.876389624201818318e-01 7.917146738995820554e-01 7.957819965236904158e-01 7.998400176658466698e-01 8.038878094699674071e-01 8.079244290594916889e-01 8.119489187674454600e-01 8.159603063880701557e-01 8.199576054504341682e-01 8.239398155144301850e-01 8.279059224895247704e-01 8.318548989766118007e-01 8.357857046332801687e-01 8.396972865627824190e-01 8.435885797269534470e-01 8.474585073832920923e-01 8.513059815463831503e-01 8.551299034737951388e-01 8.589291641765458563e-01 8.627026449541901343e-01 8.664492179545260075e-01 8.701677467578825542e-01 8.738570869858887091e-01 8.775160869345828285e-01 8.811435882316572821e-01 8.847384265175927132e-01 8.882994321503625557e-01 8.918254309333467633e-01 8.953152448660238738e-01 8.987676929169571283e-01 9.021815918185244199e-01 9.055557568827840020e-01 9.088890028378044939e-01 9.121801446837227711e-01 9.154279985677329368e-01 9.186313826771480562e-01 9.217891181496055131e-01 9.249000299994373231e-01 9.279629480591499169e-01 9.309767079349116070e-01 9.339401519748744551e-01 9.368521302491038538e-01 9.397115015398326276e-01 9.425171343407001689e-01 9.452679078635813914e-01 9.479627130515640987e-01 9.506004535965819624e-01 9.531800469601655612e-01 9.557004253957289697e-01 9.581605369707785202e-01 9.605593465873804027e-01 9.628958369992076660e-01 9.651690098234447790e-01 9.673778865458163567e-01 9.695215095169753550e-01 9.715989429384825904e-01 9.736092738365873522e-01 9.755516130220230897e-01 9.774250960340254979e-01 9.792288840667863203e-01 9.809621648765662894e-01 9.826241536677040589e-01 9.842140939557787460e-01 9.857312584062087879e-01 9.871749496466013518e-01 9.885445010511983988e-01 9.898392774958130191e-01 9.910586760816879615e-01 9.922021268267702254e-01 9.932690933229375574e-01 9.942590733577885143e-01 9.951715994996650494e-01 9.960062396446450750e-01 9.967625975243268321e-01 9.974403131732954009e-01 9.980390633552501667e-01 9.985585619468553276e-01 9.989985602784675622e-01 9.993588474309851311e-01 9.996392504881583818e-01 9.998396347437993326e-01 9.999599038634294779e-01 1.000000000000000000e+00 9.999599038634294779e-01 9.998396347437993326e-01 9.996392504881583818e-01 9.993588474309853531e-01 9.989985602784675622e-01 9.985585619468553276e-01 9.980390633552501667e-01 9.974403131732954009e-01
7.466100313086139195e-01 7.507228968798024260e-01 7.548356304034683495e-01 7.589474787433144742e-01 7.630576724966365854e-01 7.671654260198440545e-01 7.712699374698914756e-01 7.753703888621796825e-01 7.794659461454813698e-01 7.835557592944395466e-01 7.876389624201819428e-01 7.917146738995821664e-01 7.957819965236905269e-01 7.998400176658468919e-01 8.038878094699675181e-01 8.079244290594917999e-01 8.119489187674454600e-01 8.159603063880701557e-01 8.199576054504343903e-01 8.239398155144302960e-01 8.279059224895247704e-01 8.318548989766119117e-01 8.357857046332801687e-01 8.396972865627824190e-01 8.435885797269534470e-01 8.474585073832920923e-01 8.513059815463833724e-01 8.551299034737951388e-01 8.589291641765458563e-01 8.627026449541901343e-01 8.664492179545261186e-01 8.701677467578825542e-01 8.738570869858889312e-01 8.775160869345828285e-01 8.811435882316573931e-01 8.847384265175928242e-01 8.882994321503625557e-01 8.918254309333468743e-01 8.953152448660239848e-01 8.987676929169572393e-01 9.021815918185244199e-01 9.055557568827840020e-01 9.088890028378044939e-01 9.121801446837227711e-01 9.154279985677329368e-01 9.186313826771480562e-01 9.217891181496055131e-01 9.249000299994373231e-01 9.279629480591499169e-01 9.309767079349118291e-01 9.339401519748744551e-01 9.368521302491038538e-01 9.397115015398326276e-01 9.425171343407001689e-01 9.452679078635815024e-01 9.479627130515640987e-01 9.506004535965821844e-01 9.531800469601655612e-01 9.557004253957289697e-01 9.581605369707785202e-01 9.605593465873804027e-01 9.628958369992076660e-01 9.651690098234447790e-01 9.673778865458163567e-01 9.695215095169755770e-01 9.715989429384828124e-01 9.736092738365873522e-01 9.755516130220230897e-01 9.774250960340254979e-01 9.792288840667863203e-01 9.809621648765662894e-01 9.826241536677040589e-01 9.842140939557787460e-01 9.857312584062087879e-01 9.871749496466013518e-01 9.885445010511986208e-01 9.898392774958130191e-01 9.910586760816881835e-01 9.922021268267702254e-01 9.932690933229375574e-01 9.942590733577887363e-01 9.951715994996650494e-01 9.960062396446450750e-01 9.967625975243268321e-01 9.974403131732954009e-01 9.980390633552501667e-01 9.985585619468553276e-01 9.989985602784675622e-01 9.993588474309853531e-01 9.996392504881583818e-01 9.998396347437993326e-01 9.999599038634294779e-01 1.000000000000000000e+00 9.999599038634294779e-01 9.998396347437993326e-01 9.996392504881583818e-01 9.993588474309853531e-01 9.989985602784675622e-01 9.985585619468553276e-01 9.980390633552501667e-01
7.424977705496222935e-01 7.466100313086138085e-01 7.507228968798023150e-01 7.548356304034683495e-01 7.589474787433144742e-01 7.630576724966365854e-01 7.671654260198440545e-01 7.712699374698914756e-01 7.753703888621796825e-01 7.794659461454813698e-01 7.835557592944393246e-01 7.876389624201818318e-01 7.917146738995820554e-01 7.957819965236904158e-01 7.998400176658466698e-01 8.038878094699674071e-01 8.079244290594916889e-01 8.119489187674454600e-01 8.159603063880701557e-01 8.199576054504343903e-01 8.239398155144301850e-01 8.279059224895247704e-01 8.318548989766119117e-01 8.357857046332801687e-01 8.396972865627824190e-01 8.435885797269534470e-01 8.474585073832920923e-01 8.513059815463831503e-01 8.551299034737951388e-01 8.589291641765458563e-01 8.627026449541901343e-01 8.664492179545260075e-01 8.701677467578825542e-01 8.738570869858887091e-01 8.775160869345828285e-01 8.811435882316573931e-01 8.847384265175927132e-01 8.882994321503625557e-01 8.918254309333467633e-01 8.953152448660238738e-01 8.987676929169571283e-01 9.021815918185244199e-01 9.055557568827840020e-01 9.088890028378044939e-01 9.121801446837227711e-01 9.154279985677329368e-01 9.186313826771480562e-01 9.217891181496055131e-01 9.249000299994373231e-01 9.279629480591499169e-01 9.309767079349116070e-01 9.339401519748744551e-01 9.368521302491038538e-01 9.397115015398326276e-01 9.425171343407001689e-01 9.452679078635813914e-01 9.479627130515640987e-01 9.506004535965819624e-01 9.531800469601655612e-01 9.557004253957289697e-01 9.581605369707785202e-01 9.605593465873804027e-01 9.628958369992076660e-01 9.651690098234447790e-01 9.673778865458163567e-01 9.695215095169755770e-01 9.715989429384825904e-01 9.736092738365873522e-01 9.755516130220230897e-01 9.774250960340254979e-01 9.792288840667863203e-01 9.809621648765662894e-01 9.826241536677040589e-01 9.842140939557787460e-01 9.857312584062087879e-01 9.871749496466013518e-01 9.885445010511983988e-01 9.898392774958130191e-01 9.910586760816881835e-01 9.922021268267702254e-01 9.932690933229375574e-01 9.942590733577885143e-01 9.951715994996650494e-01 9.960062396446450750e-01 9.967625975243268321e-01 9.974403131732954009e-01 9.980390633552501667e-01 9.985585619468553276e-01 9.989985602784675622e-01 9.993588474309851311e-01 9.996392504881583818e-01 9.998396347437993326e-01 9.999599038634294779e-01 1.000000000000000000e+00 9.999599038634294779e-01 9.998396347437993326e-01 9.996392504881583818e-01 9.993588474309853531e-01 9.989985602784675622e-01 9.985585619468553276e-01
7.383868351905846783e-01 7.424977705496224045e-01 7.466100313086139195e-01 7.507228968798024260e-01 7.548356304034684605e-01 7.589474787433144742e-01 7.630576724966365854e-01 7.671654260198440545e-01 7.712699374698914756e-01 7.753703888621796825e-01 7.794659461454813698e-01 7.835557592944395466e-01 7.876389624201819428e-01 7.917146738995821664e-01 7.957819965236905269e-01 7.998400176658468919e-01 8.038878094699675181e-01 8.079244290594917999e-01 8.119489187674454600e-01 8.159603063880701557e-01 8.199576054504343903e-01 8.239398155144302960e-01 8.279059224895249924e-01 8.318548989766119117e-01 8.357857046332801687e-01 8.396972865627824190e-01 8.435885797269534470e-01 8.474585073832920923e-01 8.513059815463833724e-01 8.551299034737951388e-01 8.589291641765459673e-01 8.627026449541901343e-01 8.664492179545261186e-01 8.701677467578825542e-01 8.738570869858889312e-01 8.775160869345828285e-01 8.811435882316573931e-01 8.847384265175928242e-01 8.882994321503625557e-01 8.918254309333468743e-01 8.953152448660239848e-01 8.987676929169572393e-01 9.021815918185244199e-01 9.055557568827840020e-01 9.088890028378044939e-01 9.121801446837227711e-01 9.154279985677329368e-01 9.186313826771480562e-01 9.217891181496057351e-01 9.249000299994373231e-01 9.279629480591499169e-01 9.309767079349118291e-01 9.339401519748744551e-01 9.368521302491038538e-01 9.397115015398326276e-01 9.425171343407001689e-01 9.452679078635815024e-01 9.479627130515640987e-01 9.506004535965821844e-01 9.531800469601655612e-01 9.557004253957289697e-01 9.581605369707785202e-01 9.605593465873804027e-01 9.628958369992076660e-01 9.651690098234447790e-01 9.673778865458163567e-01 9.695215095169755770e-01 9.715989429384828124e-01 9.736092738365873522e-01 9.755516130220230897e-01 9.774250960340254979e-01 9.792288840667863203e-01 9.809621648765662894e-01 9.826241536677040589e-01 9.842140939557787460e-01 9.857312584062087879e-01 9.871749496466013518e-01 9.885445010511986208e-01 9.898392774958130191e-01 9.910586760816881835e-01 9.922021268267702254e-01 9.932690933229375574e-01 9.942590733577887363e-01 9.951715994996650494e-01 9.960062396446450750e-01 9.967625975243268321e-01 9.974403131732954009e-01 9.980390633552501667e-01 9.985585619468553276e-01 9.989985602784675622e-01 9.993588474309853531e-01 9.996392504881583818e-01 9.998396347437993326e-01 9.999599038634294779e-01 1.000000000000000000e+00 9.999599038634294779e-01 9.998396347437993326e-01 9.996392504881583818e-01 9.993588474309853531e-01 9.989985602784675622e-01
7.342779295661321370e-01 7.383868351905845673e-01 7.424977705496222935e-01 7.466100313086138085e-01 7.507228968798024260e-01 7.548356304034683495e-01 7.589474787433144742e-01 7.630576724966365854e-01 7.671654260198440545e-01 7.712699374698914756e-01 7.753703888621796825e-01 7.794659461454813698e-01 7.835557592944393246e-01 7.876389624201818318e-01 7.917146738995820554e-01 7.957819965236904158e-01 7.998400176658466698e-01 8.038878094699674071e-01 8.079244290594916889e-01 8.119489187674454600e-01 8.159603063880701557e-01 8.199576054504343903e-01 8.239398155144302960e-01 8.279059224895247704e-01 8.318548989766119117e-01 8.357857046332801687e-01 8.396972865627824190e-01 8.435885797269534470e-01 8.474585073832920923e-01 8.513059815463831503e-01 8.551299034737951388e-01 8.589291641765458563e-01 8.627026449541901343e-01 8.664492179545260075e-01 8.701677467578825542e-01 8.738570869858889312e-01 8.775160869345828285e-01 8.811435882316573931e-01 8.847384265175927132e-01 8.882994321503625557e-01 8.918254309333467633e-01 8.953152448660238738e-01 8.987676929169571283e-01 9.021815918185244199e-01 9.055557568827840020e-01 9.088890028378044939e-01 9.121801446837227711e-01 9.154279985677329368e-01 9.186313826771480562e-01 9.217891181496055131e-01 9.249000299994373231e-01 9.279629480591499169e-01 9.309767079349116070e-01 9.339401519748744551e-01 9.368521302491038538e-01 9.397115015398326276e-01 9.425171343407001689e-01 9.452679078635813914e-01 9.479627130515640987e-01 9.506004535965819624e-01 9.531800469601655612e-01 9.557004253957289697e-01 9.581605369707785202e-01 9.605593465873804027e-01 9.628958369992076660e-01 9.651690098234447790e-01 9.673778865458163567e-01 9.695215095169755770e-01 9.715989429384825904e-01 9.736092738365873522e-01 9.755516130220230897e-01 9.774250960340254979e-01 9.792288840667863203e-01 9.809621648765662894e-01 9.826241536677040589e-01 9.842140939557787460e-01 9.857312584062087879e-01 9.871749496466013518e-01 9.885445010511986208e-01 9.898392774958130191e-01 9.910586760816881835e-01 9.922021268267702254e-01 9.932690933229375574e-01 9.942590733577885143e-01 9.951715994996650494e-01 9.960062396446450750e-01 9.967625975243268321e-01 9.974403131732954009e-01 9.980390633552501667e-01 9.985585619468553276e-01 9.989985602784675622e-01 9.993588474309853531e-01 9.996392504881583818e-01 9.998396347437993326e-01 9.999599038634294779e-01 1.000000000000000000e+00 9.999599038634294779e-01 9.998396347437993326e-01 9.996392504881583818e-01 9.993588474309853531e-01
7.301717417902702234e-01 7.342779295661322481e-01 7.383868351905846783e-01 7.424977705496224045e-01 7.466100313086139195e-01 7.507228968798024260e-01 7.548356304034684605e-01 7.589474787433144742e-01 7.630576724966365854e-01 7.671654260198440545e-01 7.712699374698914756e-01 7.753703888621796825e-01 7.794659461454813698e-01 7.835557592944395466e-01 7.876389624201819428e-01 7.917146738995821664e-01 7.957819965236905269e-01 7.998400176658468919e-01 8.038878094699675181e-01 8.079244290594917999e-01 8.119489187674454600e-01 8.159603063880701557e-01 8.199576054504343903e-01 8.239398155144302960e-01 8.279059224895249924e-01 8.318548989766119117e-01 8.357857046332801687e-01 8.396972865627824190e-01 8.435885797269534470e-01 8.474585073832920923e-01 8.513059815463833724e-01 8.551299034737951388e-01 8.589291641765459673e-01 8.627026449541901343e-01 8.664492179545261186e-01 8.701677467578825542e-01 8.738570869858889312e-01 8.775160869345828285e-01 8.811435882316573931e-01 8.847384265175928242e-01 8.882994321503625557e-01 8.918254309333468743e-01 8.953152448660239848e-01 8.987676929169572393e-01 9.021815918185244199e-01 9.055557568827840020e-01 9.088890028378044939e-01 9.121801446837227711e-01 9.154279985677329368e-01 9.186313826771480562e-01 9.217891181496057351e-01 9.249000299994373231e-01 9.279629480591499169e-01 9.309767079349118291e-01 9.339401519748746772e-01 9.368521302491038538e-01 9.397115015398326276e-01 9.425171343407001689e-01 9.452679078635815024e-01 9.479627130515640987e-01 9.506004535965821844e-01 9.531800469601655612e-01 9.557004253957289697e-01 9.581605369707785202e-01 9.605593465873804027e-01 9.628958369992076660e-01 9.651690098234447790e-01 9.673778865458163567e-01 9.695215095169755770e-01 9.715989429384828124e-01 9.736092738365873522e-01 9.755516130220230897e-01 9.774250960340254979e-01 9.792288840667863203e-01 9.809621648765662894e-01 9.826241536677040589e-01 9.842140939557787460e-01 9.857312584062087879e-01 9.871749496466013518e-01 9.885445010511986208e-01 9.898392774958130191e-01 9.910586760816881835e-01 9.922021268267702254e-01 9.932690933229375574e-01 9.942590733577887363e-01 9.951715994996650494e-01 9.960062396446450750e-01 9.967625975243268321e-01 9.974403131732954009e-01 9.980390633552501667e-01 9.985585619468553276e-01 9.989985602784675622e-01 9.993588474309853531e-01 9.996392504881583818e-01 9.998396347437993326e-01 9.999599038634294779e-01 1.000000000000000000e+00 9.999599038634294779e-01 9.998396347437993326e-01 9.996392504881583818e-01
7.260689438019747310e-01 7.301717417902701124e-01 7.342779295661321370e-01 7.383868351905845673e-01 7.424977705496224045e-01 7.466100313086138085e-01 7.507228968798024260e-01 7.548356304034683495e-01 7.589474787433144742e-01 7.630576724966365854e-01 7.671654260198440545e-01 7.712699374698914756e-01 7.753703888621796825e-01 7.794659461454813698e-01 7.835557592944393246e-01 7.876389624201818318e-01 7.917146738995820554e-01 7.957819965236904158e-01 7.998400176658466698e-01 8.038878094699675181e-01 8.079244290594916889e-01 8.119489187674454600e-01 8.159603063880701557e-01 8.199576054504343903e-01 8.239398155144302960e-01 8.279059224895247704e-01 8.318548989766119117e-01 8.357857046332801687e-01 8.396972865627824190e-01 8.435885797269534470e-01 8.474585073832920923e-01 8.513059815463831503e-01 8.551299034737951388e-01 8.589291641765458563e-01 8.627026449541901343e-01 8.664492179545261186e-01 8.701677467578825542e-01 8.738570869858889312e-01 8.775160869345828285e-01 8.811435882316573931e-01 8.847384265175927132e-01 8.882994321503625557e-01 8.918254309333467633e-01 8.953152448660239848e-01 8.987676929169571283e-01 9.021815918185244199e-01 9.055557568827840020e-01 9.088890028378044939e-01 9.121801446837227711e-01 9.154279985677329368e-01 9.186313826771480562e-01 9.217891181496055131e-01 9.249000299994373231e-01 9.279629480591499169e-01 9.309767079349118291e-01 9.339401519748744551e-01 9.368521302491038538e-01 9.397115015398326276e-01 9.425171343407001689e-01 9.452679078635813914e-01 9.479627130515640987e-01 9.506004535965819624e-01 9.531800469601655612e-01 9.557004253957289697e-01 9.581605369707785202e-01 9.605593465873804027e-01 9.628958369992076660e-01 9.651690098234447790e-01 9.673778865458163567e-01 9.695215095169755770e-01 9.715989429384825904e-01 9.736092738365873522e-01 9.755516130220230897e-01 9.774250960340254979e-01 9.792288840667863203e-01 9.809621648765662894e-01 9.826241536677040589e-01 9.842140939557787460e-01 9.857312584062087879e-01 9.871749496466013518e-01 9.885445010511986208e-01 9.898392774958130191e-01 9.910586760816881835e-01 9.922021268267702254e-01 9.932690933229375574e-01 9.942590733577885143e-01 9.951715994996650494e-01 9.960062396446450750e-01 9.967625975243268321e-01 9.974403131732954009e-01 9.980390633552501667e-01 9.985585619468553276e-01 9.989985602784675622e-01 9.993588474309853531e-01 9.996392504881583818e-01 9.998396347437993326e-01 9.999599038634294779e-01 1.000000000000000000e+00 9.999599038634294779e-01 9.998396347437993326e-01
7.219701914233356277e-01 7.260689438019748421e-01 7.301717417902702234e-01 7.342779295661322481e-01 7.383868351905846783e-01 7.424977705496224045e-01 7.466100313086139195e-01 7.507228968798024260e-01 7.548356304034684605e-01 7.589474787433144742e-01 7.630576724966365854e-01 7.671654260198440545e-01 7.712699374698914756e-01 7.753703888621796825e-01 7.794659461454813698e-01 7.835557592944395466e-01 7.876389624201819428e-01 7.917146738995821664e-01 7.957819965236905269e-01 7.998400176658468919e-01 8.038878094699675181e-01 8.079244290594917999e-01 8.119489187674456820e-01 8.159603063880701557e-01 8.199576054504343903e-01 8.239398155144302960e-01 8.279059224895249924e-01 8.318548989766119117e-01 8.357857046332801687e-01 8.396972865627824190e-01 8.435885797269536690e-01 8.474585073832920923e-01 8.513059815463833724e-01 8.551299034737951388e-01 8.589291641765459673e-01 8.627026449541901343e-01 8.664492179545261186e-01 8.701677467578825542e-01 8.738570869858889312e-01 8.775160869345828285e-01 8.811435882316573931e-01 8.847384265175928242e-01 8.882994321503625557e-01 8.918254309333468743e-01 8.953152448660239848e-01 8.987676929169572393e-01 9.021815918185244199e-01 9.055557568827840020e-01 9.088890028378047159e-01 9.121801446837227711e-01 9.154279985677329368e-01 9.186313826771480562e-01 9.217891181496057351e-01 9.249000299994373231e-01 9.279629480591499169e-01 9.309767079349118291e-01 9.339401519748746772e-01 9.368521302491038538e-01 9.397115015398326276e-01 9.425171343407001689e-01 9.452679078635815024e-01 9.479627130515640987e-01 9.506004535965821844e-01 9.531800469601655612e-01 9.557004253957289697e-01 9.581605369707785202e-01 9.605593465873804027e-01 9.628958369992076660e-01 9.651690098234447790e-01 9.673778865458163567e-01 9.695215095169755770e-01 9.715989429384828124e-01 9.736092738365873522e-01 9.755516130220230897e-01 9.774250960340254979e-01 9.792288840667863203e-01 9.809621648765662894e-01 9.826241536677040589e-01 9.842140939557787460e-01 9.857312584062087879e-01 9.871749496466013518e-01 9.885445010511986208e-01 9.898392774958130191e-01 9.910586760816881835e-01 9.922021268267702254e-01 9.932690933229375574e-01 9.942590733577887363e-01 9.951715994996650494e-01 9.960062396446450750e-01 9.967625975243268321e-01 9.974403131732954009e-01 9.980390633552501667e-01 9.985585619468553276e-01 9.989985602784675622e-01 9.993588474309853531e-01 9.996392504881583818e-01 9.998396347437993326e-01 9.999599038634294779e-01 1.000000000000000000e+00 9.999599038634294779e-01
7.178761244296852917e-01 7.219701914233355167e-01 7.260689438019747310e-01 7.301717417902701124e-01 7.342779295661322481e-01 7.383868351905845673e-01 7.424977705496224045e-01 7.466100313086138085e-01 7.507228968798024260e-01 7.548356304034683495e-01 7.589474787433144742e-01 7.630576724966365854e-01 7.671654260198440545e-01 7.712699374698914756e-01 7.753703888621796825e-01 7.794659461454813698e-01 7.835557592944393246e-01 7.876389624201818318e-01 7.917146738995820554e-01 7.957819965236905269e-01 7.998400176658466698e-01 8.038878094699675181e-01 8.079244290594917999e-01 8.119489187674454600e-01 8.159603063880701557e-01 8.199576054504343903e-01 8.239398155144302960e-01 8.279059224895247704e-01 8.318548989766119117e-01 8.357857046332801687e-01 8.396972865627824190e-01 8.435885797269534470e-01 8.474585073832920923e-01 8.513059815463831503e-01 8.551299034737951388e-01 8.589291641765458563e-01 8.627026449541901343e-01 8.664492179545261186e-01 8.701677467578825542e-01 8.738570869858889312e-01 8.775160869345828285e-01 8.811435882316573931e-01 8.847384265175927132e-01 8.882994321503625557e-01 8.918254309333467633e-01 8.953152448660239848e-01 8.987676929169571283e-01 9.021815918185244199e-01 9.055557568827840020e-01 9.088890028378044939e-01 9.121801446837227711e-01 9.154279985677329368e-01 9.186313826771480562e-01 9.217891181496055131e-01 9.249000299994373231e-01 9.279629480591499169e-01 9.309767079349118291e-01 9.339401519748744551e-01 9.368521302491038538e-01 9.397115015398326276e-01 9.425171343407001689e-01 9.452679078635813914e-01 9.479627130515640987e-01 9.506004535965819624e-01 9.531800469601655612e-01 9.557004253957289697e-01 9.581605369707785202e-01 9.605593465873804027e-01 9.628958369992076660e-01 9.651690098234447790e-01 9.673778865458163567e-01 9.695215095169755770e-01 9.715989429384825904e-01 9.736092738365873522e-01 9.755516130220230897e-01 9.774250960340254979e-01 9.792288840667863203e-01 9.809621648765662894e-01 9.826241536677040589e-01 9.842140939557787460e-01 9.857312584062087879e-01 9.871749496466013518e-01 9.885445010511986208e-01 9.898392774958130191e-01 9.910586760816881835e-01 9.922021268267702254e-01 9.932690933229375574e-01 9.942590733577885143e-01 9.951715994996650494e-01 9.960062396446450750e-01 9.967625975243268321e-01 9.974403131732954009e-01 9.980390633552501667e-01 9.985585619468553276e-01 9.989985602784675622e-01 9.993588474309853531e-01 9.996392504881583818e-01 9.998396347437993326e-01 9.999599038634294779e-01 1.000000000000000000e+00
