0.000000000000000000e+00 -8.171643547716378464e-06 -1.527090912079032137e-05 -1.795000814330816041e-05 -1.797097807354486321e-05 -1.835521812776352846e-05 -2.158734039270360228e-05 -3.097071534863271580e-05 -4.812309476232012884e-05 -7.551476458267369907e-05 -1.167814664811972492e-04 -1.730450260440941079e-04 -2.443069070591219472e-04 -3.363057142485859075e-04 -4.474866839397906304e-04 -5.800163362097432440e-04 -7.362190243527244604e-04 -9.159894212984465156e-04 -1.119548393888614157e-03 -1.352909736883178837e-03 -1.611622114181976428e-03 -1.898272439387560517e-03 -2.213648675898127749e-03 -2.558086880178889189e-03 -2.931302185636641688e-03 -3.336607884295905713e-03 -3.772900206607809892e-03 -4.239429295037511203e-03 -4.738739836339656009e-03 -5.269153912349722191e-03 -5.831061115068369993e-03 -6.425103078768201748e-03 -7.050706338824763719e-03 -7.707568965604871813e-03 -8.395207913655999832e-03 -9.112509015513969857e-03 -9.862639079183721513e-03 -1.064490182075639169e-02 -1.145521786589165369e-02 -1.229195956246809107e-02 -1.315334741322193857e-02 -1.404706608300565485e-02 -1.496686839564664862e-02 -1.590764626408514015e-02 -1.686738097187812091e-02 -1.785874942455478731e-02 -1.886594165466137785e-02 -1.988621504277354735e-02 -2.093019871230206164e-02 -2.198525884173141431e-02 -2.304509215389460852e-02 -2.412440910677426942e-02 -2.520683082746200121e-02 -2.628918279385672463e-02 -2.738059723549046698e-02 -2.846192115146628510e-02 -2.954191237134118353e-02 -3.061339416380537415e-02 -3.166757382485863026e-02 -3.271243416717484198e-02 -3.372846256151995625e-02 -3.472582563292092583e-02 -3.568854199786608561e-02 -3.661857925839440142e-02 -3.750765583750415022e-02 -3.835123360461223374e-02 -3.914292704295907477e-02 -3.987644871962714443e-02 -4.054602558008901791e-02 -4.114664131369349942e-02 -4.166735884380023958e-02 -4.210703573654428489e-02 -4.244608732561405695e-02 -4.268850649112887474e-02 -4.281459449970903552e-02 -4.282694397099429118e-02 -4.270532728705600523e-02 -4.244280253223331467e-02 -4.203557309748129356e-02 -4.144807312433995694e-02 -4.071718731121021229e-02 -3.974820717028459960e-02 -3.863898314409708323e-02 -3.723092635995406408e-02 -3.564559021503987957e-02 -3.377151372800590856e-02 -3.162416622112795839e-02 -2.923988776303432235e-02 -2.641260283664192965e-02 -2.339014310044706946e-02 -1.981437968634458535e-02 -1.591279615237417566e-02 -1.160301367832872188e-02 -6.581189909921514314e-03 -1.309201795406167435e-03 5.025282699315125612e-03 1.194263607878720546e-02 1.948878882631011056e-02 2.934432838072498217e-02 3.980819503591004338e-02
-8.171643547716378464e-06 0.000000000000000000e+00 -1.115803028661765950e-05 -2.623511453692106699e-05 -4.133018235352725611e-05 -5.773924528729157402e-05 -7.727563172821305670e-05 -1.027330311498264592e-04 -1.356407497616896052e-04 -1.782875649353199421e-04 -2.340353061369704335e-04 -3.040708665971170177e-04 -3.885401976703173332e-04 -4.927622825988686728e-04 -6.154818660425442900e-04 -7.587909187578567582e-04 -9.249233253370015007e-04 -1.113910220312930299e-03 -1.326028905397458324e-03 -1.566955129599811869e-03 -1.832617397138247561e-03 -2.125509581065943010e-03 -2.446429287040641221e-03 -2.795740901948673418e-03 -3.173210649532687277e-03 -3.582033197476963693e-03 -4.021192293618414126e-03 -4.489995891579834364e-03 -4.990907605834649097e-03 -5.522339052747460286e-03 -6.084679820316241106e-03 -6.678562543327104528e-03 -7.303446479137831737e-03 -7.959048928300904713e-03 -8.644908999702938246e-03 -9.359950778742187616e-03 -1.010718931397980302e-02 -1.088593354445810402e-02 -1.169228092575680389e-02 -1.252464300211919568e-02 -1.338128008781358513e-02 -1.426949649846454005e-02 -1.518329493245051953e-02 -1.611773781440395403e-02 -1.707083452970648008e-02 -1.805462549861736044e-02 -1.905395782802321580e-02 -2.006613860775274816e-02 -2.110118761717993952e-02 -2.214694737920741563e-02 -2.319732963063769748e-02 -2.426622590755833642e-02 -2.533794204442796349e-02 -2.640934408775563735e-02 -2.748880160075306556e-02 -2.855810966372795967e-02 -2.962533878721829161e-02 -3.068351105302180581e-02 -3.172418735190274397e-02 -3.275440710217880635e-02 -3.375585562589744626e-02 -3.473743549988939083e-02 -3.568420333135080558e-02 -3.659741126069515627e-02 -3.746909409696919102e-02 -3.829464867192877708e-02 -3.906741977921812659e-02 -3.978156490039408411e-02 -4.043058164716994973e-02 -4.101026319797451691e-02 -4.150865945790505052e-02 -4.192562077828543288e-02 -4.224045473224102842e-02 -4.245811684378641981e-02 -4.255792213218689835e-02 -4.254315339264480578e-02 -4.239301045227383824e-02 -4.210063022228582863e-02 -4.166243785626810858e-02 -4.104188720235280030e-02 -4.027741015981700645e-02 -3.927162501380132564e-02 -3.812553889242586980e-02 -3.667668497196741040e-02 -3.504991738778162613e-02 -3.313133920052868664e-02 -3.093708111413706607e-02 -2.850441932920799726e-02 -2.562350574962179994e-02 -2.254712511466661073e-02 -1.891099454237377131e-02 -1.494690420206268300e-02 -1.057121351971035406e-02 -5.475753995863752444e-03 -1.297594095857057539e-04 6.290288892433437695e-03 1.329729286308689584e-02 2.093721904219802976e-02 3.090785965857911766e-02 4.148794528198318510e-02
-1.527090912079032137e-05 -1.115803028661765950e-05 0.000000000000000000e+00 -1.366271741654045968e-05 -3.589226994982208652e-05 -6.230955333486054570e-05 -9.316192115305099719e-05 -1.303683375364350638e-04 -1.751764684815304562e-04 -2.295819135355037233e-04 -2.966076060879618836e-04 -3.774523090086523425e-04 -4.723650666091927519e-04 -5.862300883486826208e-04 -7.180609045597252660e-04 -8.698604499982609539e-04 -1.043763571157318992e-03 -1.239919154216617692e-03 -1.458651571213831488e-03 -1.705301213453802589e-03 -1.976159288593404284e-03 -2.273621895492294875e-03 -2.598491387062473734e-03 -2.951155905318469941e-03 -3.331428418276716208e-03 -3.742382778857855641e-03 -4.183086155018500563e-03 -4.652901025349764907e-03 -5.154207964051304991e-03 -5.685504972189336925e-03 -6.247179469946906316e-03 -6.839853031297971064e-03 -7.463015452038423980e-03 -8.116401303067344308e-03 -8.799570008256707432e-03 -9.511482138387039598e-03 -1.025500369379728216e-02 -1.102944824810259128e-02 -1.183108418344480661e-02 -1.265836083632176923e-02 -1.350957700087440649e-02 -1.439166539096803366e-02 -1.529887133072171945e-02 -1.622642347430713894e-02 -1.717235858393928449e-02 -1.814809542091511130e-02 -1.913912175409127059e-02 -2.014279323688539236e-02 -2.116853502618576410e-02 -2.220465477507749252e-02 -2.324527403348919385e-02 -2.430348395559778218e-02 -2.536425900238492570e-02 -2.642450500979620642e-02 -2.749184782890712331e-02 -2.854900787487602010e-02 -2.960338433219733556e-02 -3.064819350590386460e-02 -3.167534192161147732e-02 -3.269094832396701733e-02 -3.367786791031313065e-02 -3.464376936273616536e-02 -3.557472285081864083e-02 -3.647128233909158190e-02 -3.732579180050488166e-02 -3.813358480423212349e-02 -3.888774392695371063e-02 -3.958286063169835778e-02 -4.021172141406081924e-02 -4.077090880082745450e-02 -4.124748585807214152e-02 -4.164227035994039205e-02 -4.193349245006572357e-02 -4.212704441618098095e-02 -4.220128121240585006e-02 -4.216015712544163296e-02 -4.198231583589262517e-02 -4.166097059613582676e-02 -4.119276237946856156e-02 -4.054019213036008651e-02 -3.974319449000773830e-02 -3.870179074369695105e-02 -3.752005307163586156e-02 -3.603175050801665780e-02 -3.436493921559991005e-02 -3.240335712506614563e-02 -3.016377538605841124e-02 -2.768437757458730442e-02 -2.475165278707913696e-02 -2.162319081523789155e-02 -1.792873440042097588e-02 -1.390425083479618351e-02 -9.464870747809994711e-03 -4.298219928416835423e-03 1.119323989267284603e-03 7.622159776444425994e-03 1.471593071668941821e-02 2.244664807139484797e-02 3.252887394781966979e-02 4.322165764506369356e-02
-1.795000814330816041e-05 -2.623511453692106699e-05 -1.366271741654045968e-05 0.000000000000000000e+00 -1.599043400390964820e-05 -4.489134042495734889e-05 -8.143193513043822662e-05 -1.257674670889219470e-04 -1.784953298710201253e-04 -2.411302654983238369e-04 -3.162525743021227242e-04 -4.049990324686003618e-04 -5.076684513810603150e-04 -6.286861195180515338e-04 -7.672995151259964786e-04 -9.254044220436963286e-04 -1.105025299562911734e-03 -1.306409062082014572e-03 -1.529916647574292021e-03 -1.780553919517258166e-03 -2.054958045367261121e-03 -2.355421994735151792e-03 -2.682747621881809152e-03 -3.037342032801038094e-03 -3.419060480344793262e-03 -3.830853483644203195e-03 -4.271867583654276324e-03 -4.741516510385679339e-03 -5.242095679140024167e-03 -5.772186431425296860e-03 -6.332171846113010538e-03 -6.922660372208455648e-03 -7.543170219015071787e-03 -8.193451311788280123e-03 -8.873081600144772096e-03 -9.581056443939250933e-03 -1.032009520347576537e-02 -1.108951550949044407e-02 -1.188575117397683290e-02 -1.270728799302689449e-02 -1.355246197840176414e-02 -1.442784225480453486e-02 -1.532791005650435689e-02 -1.624805630242276422e-02 -1.718634444277888917e-02 -1.815358523627319531e-02 -1.913589194344877953e-02 -2.013066770732019339e-02 -2.114675666570020596e-02 -2.217292124416359034e-02 -2.320348797689175679e-02 -2.425076473892662232e-02 -2.530037974614829377e-02 -2.634927789208763027e-02 -2.740435888604531023e-02 -2.844924739748133646e-02 -2.949068606535232284e-02 -3.052208116189414344e-02 -3.153567747329311111e-02 -3.253669410315951360e-02 -3.350913012169987049e-02 -3.445944821711666162e-02 -3.537470949152954347e-02 -3.625478571640827763e-02 -3.709232332888234840e-02 -3.788259426055284873e-02 -3.861842578016272398e-02 -3.929483319064286384e-02 -3.990390868025039950e-02 -4.044300547518131506e-02 -4.089822397068787474e-02 -4.127132589273252439e-02 -4.153949197790884895e-02 -4.170952731343402498e-02 -4.175885089497710645e-02 -4.169207121073148503e-02 -4.148729088771341278e-02 -4.113779716844545575e-02 -4.064044129914790027e-02 -3.995679648385985772e-02 -3.912825908610584325e-02 -3.805232342115794086e-02 -3.683604239059345975e-02 -3.530952536580178602e-02 -3.360393976159636864e-02 -3.160072320882501007e-02 -2.931726797216360758e-02 -2.679263852814650626e-02 -2.380976137682144778e-02 -2.063089590133659890e-02 -1.687997423496989668e-02 -1.279702241597924228e-02 -8.295972017656749742e-03 -3.060352255293108392e-03 2.426509164468515500e-03 9.009613720749265475e-03 1.618753857910404381e-02 2.400634808982227142e-02 3.419698382385361057e-02 4.499929098315402776e-02
-1.797097807354486321e-05 -4.133018235352725611e-05 -3.589226994982208652e-05 -1.599043400390964820e-05 0.000000000000000000e+00 -1.816565693735228137e-05 -5.300739380109664722e-05 -9.896951075982762802e-05 -1.551063053821799542e-04 -2.220877170940882550e-04 -3.018710880225983217e-04 -3.954189851034239922e-04 -5.030053813065427093e-04 -6.285595552434353195e-04 -7.715201918799818870e-04 -9.336524539950152857e-04 -1.116855302439101472e-03 -1.321451637849135885e-03 -1.547826572647847954e-03 -1.800650818212901072e-03 -2.076889846998830613e-03 -2.378727455965901072e-03 -2.706959173127798657e-03 -3.062005818163293647e-03 -3.443760110169336031e-03 -3.855046525975569516e-03 -4.295086683305471276e-03 -4.763342105694956530e-03 -5.262020867846217698e-03 -5.789784467312264482e-03 -6.347009396644009982e-03 -6.934288873735594549e-03 -7.551167344189924080e-03 -8.197408135738326607e-03 -8.872605899501229132e-03 -9.575789044725335764e-03 -1.030953273538226522e-02 -1.107315806868658381e-02 -1.186325873620297511e-02 -1.267835562759755952e-02 -1.351682067699966350e-02 -1.438486759494816969e-02 -1.527720671876087177e-02 -1.618938717720730391e-02 -1.711949838743276331e-02 -1.807775707968084511e-02 -1.905088651416464440e-02 -2.003633620353528766e-02 -2.104238318022300103e-02 -2.205823402167272906e-02 -2.307841528295340172e-02 -2.411446911922832115e-02 -2.515266223734125006e-02 -2.618997781062881725e-02 -2.723260737722688063e-02 -2.826505823015701413e-02 -2.929343161657749217e-02 -3.031131938616715704e-02 -3.131129698295287422e-02 -3.229770539585585798e-02 -3.325566087004272475e-02 -3.419044865301335001e-02 -3.509009756019154658e-02 -3.595381349636428414e-02 -3.677453844750278034e-02 -3.754748433034338362e-02 -3.826523007244908570e-02 -3.892320444018415593e-02 -3.951282238645825728e-02 -4.003218881380576910e-02 -4.046646593053571106e-02 -4.081833554421510080e-02 -4.106395725799938390e-02 -4.121102467773096745e-02 -4.123604514055134729e-02 -4.114426383621372363e-02 -4.091325744075757775e-02 -4.053638477557508502e-02 -4.001070168828213536e-02 -3.929687884164945189e-02 -3.843773313416198878e-02 -3.732830194740222041e-02 -3.607853451111420195e-02 -3.451498472874270362e-02 -3.277184068680316642e-02 -3.072830421940386803e-02 -2.840236940351215100e-02 -2.583395521586684396e-02 -2.280252499021340196e-02 -1.957487320144979392e-02 -1.576928360736784551e-02 -1.162972362237701951e-02 -7.068955155949852021e-03 -1.766518648873671715e-03 3.787499799590920979e-03 1.044843051439880988e-02 1.770797496020581896e-02 2.561225894089202981e-02 3.590821989339509912e-02 4.681696936349089011e-02
-1.835521812776352846e-05 -5.773924528729157402e-05 -6.230955333486054570e-05 -4.489134042495734889e-05 -1.816565693735228137e-05 0.000000000000000000e+00 -2.005320021669643182e-05 -6.037241393419545687e-05 -1.145177147985343424e-04 -1.814260348109719700e-04 -2.620748694499575038e-04 -3.570639652609175485e-04 -4.665294671295505680e-04 -5.938459647378824258e-04 -7.385879796103500539e-04 -9.023584515771565506e-04 -1.086910229232351810e-03 -1.292616755170450382e-03 -1.519872296478430584e-03 -1.773009823942683916e-03 -2.049304196498291653e-03 -2.350823044947714102e-03 -2.678348973311539538e-03 -3.032310670059379376e-03 -3.412633033693324158e-03 -3.822011510085543406e-03 -4.259738204428820119e-03 -4.725318720587123877e-03 -5.220871524208359205e-03 -5.745134901059767429e-03 -6.298476424847376798e-03 -6.881471920201609471e-03 -7.493689817843929291e-03 -8.134904845174206756e-03 -8.804726487530833978e-03 -9.502214413981024954e-03 -1.022980206412515969e-02 -1.098681339070961549e-02 -1.176999636654496584e-02 -1.257790556960614037e-02 -1.340894752140320278e-02 -1.426898885940441897e-02 -1.515296212956329658e-02 -1.605657051844744387e-02 -1.697792865381086980e-02 -1.792667354775057120e-02 -1.889012263424616478e-02 -1.986577062652072900e-02 -2.086134169840647701e-02 -2.186647568146615761e-02 -2.287589404464951404e-02 -2.390039128561460835e-02 -2.492685691379914470e-02 -2.595231155612798268e-02 -2.698225699691492174e-02 -2.800206092097357047e-02 -2.901719875832842188e-02 -3.002144340357582042e-02 -3.100769310257767142e-02 -3.197943282445669944e-02 -3.292286850794845510e-02 -3.384213727518170511e-02 -3.472621175795709281e-02 -3.557364872553714363e-02 -3.637767856791496168e-02 -3.713345481431229445e-02 -3.783331510802412367e-02 -3.847309102275775494e-02 -3.904353768973489736e-02 -3.954349220646591334e-02 -3.995720350844145230e-02 -4.028824910686801264e-02 -4.051179613400812674e-02 -4.063640200237339517e-02 -4.063768700345238294e-02 -4.052151523537528277e-02 -4.026495260904228157e-02 -3.986142704327211295e-02 -3.930819316618772152e-02 -3.856504445919084478e-02 -3.767617680134383029e-02 -3.653424102381452876e-02 -3.525199782435417539e-02 -3.365255004190570443e-02 -3.187301562721434056e-02 -2.979042509016915918e-02 -2.742335496271230966e-02 -2.481255227122347584e-02 -2.173411627767285470e-02 -1.845924242186258724e-02 -1.460072747111840208e-02 -1.040636336910061299e-02 -5.787771521200246738e-03 -4.206105115834857244e-04 5.198465523957196410e-03 1.193484425449109487e-02 1.927354051638296983e-02 2.726074975355263774e-02 3.765902586311054012e-02 4.867121355979531216e-02
-2.158734039270360228e-05 -7.727563172821305670e-05 -9.316192115305099719e-05 -8.143193513043822662e-05 -5.300739380109664722e-05 -2.005320021669643182e-05 0.000000000000000000e+00 -2.185064139847980869e-05 -6.698116134340459382e-05 -1.286489815598423903e-04 -2.059701436114558248e-04 -2.988168807248614556e-04 -4.069984618543243116e-04 -5.332368896403538727e-04 -6.771664063943694245e-04 -8.401832129566466634e-04 -1.023865087497077830e-03 -1.228605674028271366e-03 -1.454789768259967531e-03 -1.706406827590711828e-03 -1.981021005404315360e-03 -2.280575340698254294e-03 -2.605831912518619120e-03 -2.957220708081575999e-03 -3.334692987954412935e-03 -3.740811630094320606e-03 -4.174934378983641281e-03 -4.636607001672121697e-03 -5.127855808875092514e-03 -5.647492434834533448e-03 -6.195873074654634216e-03 -6.773553897979289751e-03 -7.380125026902772944e-03 -8.015370548178468724e-03 -8.678912890167311822e-03 -9.369841188223371198e-03 -1.009044940791015144e-02 -1.084006372660117901e-02 -1.161558101460680170e-02 -1.241558815052867804e-02 -1.323852492753951893e-02 -1.408991881157073411e-02 -1.496491795674581571e-02 -1.585937562530903566e-02 -1.677143090635913047e-02 -1.771015473858528200e-02 -1.866344359643978823e-02 -1.962883625228883933e-02 -2.061351764152685728e-02 -2.160755042806794535e-02 -2.260584608034710286e-02 -2.361846871012773796e-02 -2.463291559537916786e-02 -2.564624400588499942e-02 -2.666328365052306193e-02 -2.767024125561035053e-02 -2.867198135242254864e-02 -2.966245352291796422e-02 -3.063487125981423365e-02 -3.159188470989604536e-02 -3.252076311022067401e-02 -3.342452357379810390e-02 -3.429305959567729989e-02 -3.512429484459878015e-02 -3.591174123095164372e-02 -3.665049543218945605e-02 -3.733266055790585014e-02 -3.795446073781627572e-02 -3.850600793152370027e-02 -3.898685272952384651e-02 -3.938035462344047222e-02 -3.969096344427580636e-02 -3.989288125750189984e-02 -3.999550558423314861e-02 -3.997359313951409643e-02 -3.983360987396755704e-02 -3.955212538156416269e-02 -3.912263424759365726e-02 -3.854258425322742987e-02 -3.777091580040425889e-02 -3.685316408152761181e-02 -3.567966027152558173e-02 -3.436589574177884021e-02 -3.273162138871477111e-02 -3.091679866595731241e-02 -2.879634780017370499e-02 -2.638940929124500290e-02 -2.373753304291048583e-02 -2.061354779739221765e-02 -1.729292303321949831e-02 -1.338312068703151336e-02 -9.135646759136806239e-03 -4.461009406155458379e-03 9.689144356185286355e-04 6.651081748088594203e-03 1.346068328618887922e-02 2.087622508410780231e-02 2.894398035695722182e-02 3.944176748269234700e-02 5.055460036363002008e-02
-3.097071534863271580e-05 -1.027330311498264592e-04 -1.303683375364350638e-04 -1.257674670889219470e-04 -9.896951075982762802e-05 -6.037241393419545687e-05 -2.185064139847980869e-05 0.000000000000000000e+00 -2.336179355055811868e-05 -7.282820488907493228e-05 -1.417135986250261936e-04 -2.282736035853494272e-04 -3.316251354881227797e-04 -4.536630490664661508e-04 -5.939667429363248985e-04 -7.536596512395243863e-04 -9.341025119136148192e-04 -1.135670891819318129e-03 -1.358716029538964420e-03 -1.606874307063632656e-03 -1.877976521233004625e-03 -2.173830883642757783e-03 -2.495169953207532210e-03 -2.842417386730633488e-03 -3.215544174149598255e-03 -3.616976575411379180e-03 -4.046132612038011445e-03 -4.502593890702621948e-03 -4.988291819547296946e-03 -5.502107649418053192e-03 -6.044383572395339854e-03 -6.615653723918701878e-03 -7.215527494866202929e-03 -7.843796198134911357e-03 -8.500093232690408840e-03 -9.183535319869151614e-03 -9.896279222456061397e-03 -1.063765266138150256e-02 -1.140469594159088107e-02 -1.219602680052123134e-02 -1.301011693555698123e-02 -1.385216271125655485e-02 -1.471752118480329496e-02 -1.560219159911235831e-02 -1.650433671179785122e-02 -1.743247538689485232e-02 -1.837506764272289761e-02 -1.932969511577131705e-02 -2.030301747461626949e-02 -2.128550949179741636e-02 -2.227226757157896309e-02 -2.327264324042688237e-02 -2.427472606651415177e-02 -2.527560910290227447e-02 -2.627946812279102762e-02 -2.727332692224859745e-02 -2.826145449153727451e-02 -2.923797260050331470e-02 -3.019640217503949398e-02 -3.113858032901650752e-02 -3.205281239508583901e-02 -3.294102438618096151e-02 -3.379400701509271965e-02 -3.460906731374135958e-02 -3.537999159518989689e-02 -3.610182123610161664e-02 -3.676643166164550447e-02 -3.737042902956677626e-02 -3.790329914974621683e-02 -3.836528693822804925e-02 -3.873888673289294093e-02 -3.902939678470396245e-02 -3.921008191949015842e-02 -3.929115563407115097e-02 -3.924653489110230264e-02 -3.908327014643553365e-02 -3.877744923981518710e-02 -3.832263094561827454e-02 -3.771645043239579831e-02 -3.691701935447799787e-02 -3.597117213835865357e-02 -3.476698770506037039e-02 -3.342260670384045174e-02 -3.175452767648723196e-02 -2.990546882946987228e-02 -2.774830132094274759e-02 -2.530271108213288933e-02 -2.261102563109551600e-02 -1.944289682563937749e-02 -1.607794118717031928e-02 -1.211843788872035699e-02 -7.819496616924603849e-03 -3.090539540180792244e-03 2.400237962670304093e-03 8.143582872944254980e-03 1.502423499705263232e-02 2.251436921809280012e-02 3.066034428314878824e-02 4.125489055790187987e-02 5.246562808255739174e-02
-4.812309476232012884e-05 -1.356407497616896052e-04 -1.751764684815304562e-04 -1.784953298710201253e-04 -1.551063053821799542e-04 -1.145177147985343424e-04 -6.698116134340459382e-05 -2.336179355055811868e-05 0.000000000000000000e+00 -2.477638810183258045e-05 -7.852362044735716751e-05 -1.539335370080996412e-04 -2.485412824714261504e-04 -3.630626272630443907e-04 -4.968318128052429117e-04 -6.505947958650448726e-04 -8.254315500928477434e-04 -1.021648916221695735e-03 -1.239532415537092369e-03 -1.482349632386803506e-03 -1.748172505081524442e-03 -2.038661452369638916e-03 -2.354508648782394076e-03 -2.696122454495464282e-03 -3.063486004949989017e-03 -3.458883927727418595e-03 -3.881788705685007557e-03 -4.331813074834101052e-03 -4.810790323295011106e-03 -5.317667439918793981e-03 -5.852769761113596481e-03 -6.416606825792037228e-03 -7.008804781824085062e-03 -7.629159951336728085e-03 -8.277314674502878056e-03 -8.952411361096035414e-03 -9.656471504475905299e-03 -1.038882365070770142e-02 -1.114664635993567465e-02 -1.192858680484210065e-02 -1.273314724328666880e-02 -1.356520035958141968e-02 -1.442030581961717406e-02 -1.529460500305490633e-02 -1.618628355806306374e-02 -1.710332126207825265e-02 -1.803472721637977561e-02 -1.897812477660509867e-02 -1.993966136753466678e-02 -2.091021387297586909e-02 -2.188505887203395783e-02 -2.287285188127896607e-02 -2.386226029932791981e-02 -2.485041213964900297e-02 -2.584084624904947614e-02 -2.682138289617241877e-02 -2.779570988175761315e-02 -2.875811694327201629e-02 -2.970242511069554059e-02 -3.062967888998746613e-02 -3.152919420066147005e-02 -3.240183304514721030e-02 -3.323926117107600664e-02 -3.403818439484485037e-02 -3.479265674343212655e-02 -3.549766572710888468e-02 -3.614486551762463584e-02 -3.673123439374725852e-02 -3.724564794793394640e-02 -3.768902741452029304e-02 -3.804302473620879699e-02 -3.831376413404030679e-02 -3.847359930091820424e-02 -3.853353701496531336e-02 -3.846667675974657641e-02 -3.828063718801266724e-02 -3.795103799628574137e-02 -3.747149976450614428e-02 -3.683983958394199121e-02 -3.601336306377611596e-02 -3.504016628653194854e-02 -3.380613883729799429e-02 -3.243199450437395104e-02 -3.073107238715211409e-02 -2.884876634250244098e-02 -2.665595539486353971e-02 -2.417285348839781634e-02 -2.144254210585616605e-02 -1.823158305019989545e-02 -1.482362177284224369e-02 -1.081589549563710673e-02 -6.467015040520052160e-03 -1.685341516589278221e-03 3.864519261431942354e-03 9.667269531729472121e-03 1.661696509317789339e-02 2.417961351000219583e-02 3.240166693269908027e-02 4.309044865473610209e-02 5.439658348392806264e-02
-7.551476458267369907e-05 -1.782875649353199421e-04 -2.295819135355037233e-04 -2.411302654983238369e-04 -2.220877170940882550e-04 -1.814260348109719700e-04 -1.286489815598423903e-04 -7.282820488907493228e-05 -2.477638810183258045e-05 0.000000000000000000e+00 -2.620905909467285966e-05 -8.384510016601343096e-05 -1.649136564574327224e-04 -2.680746945775691614e-04 -3.920506812271629116e-04 -5.370287152720587542e-04 -7.037054927579999841e-04 -8.922472285317617491e-04 -1.102828601949545906e-03 -1.338324254922862444e-03 -1.597016541360685160e-03 -1.880401420587651806e-03 -2.189117177551658244e-03 -2.523545998836196347e-03 -2.883674159694038508e-03 -3.271638628149498018e-03 -3.686959707636439099e-03 -4.129275925170428074e-03 -4.600318791121882356e-03 -5.099096749783593729e-03 -5.625915141165838129e-03 -6.181256127702816627e-03 -6.764759910674711385e-03 -7.376225456943052983e-03 -8.015301897252191665e-03 -8.681155322858069567e-03 -9.375673785948834826e-03 -1.009818585867894303e-02 -1.084600317552208981e-02 -1.161780086752350893e-02 -1.241211036143796687e-02 -1.323348801005552744e-02 -1.407768982497015209e-02 -1.494099545216431846e-02 -1.582161261520920181e-02 -1.672699496947260833e-02 -1.764668625442000760e-02 -1.857835036949206931e-02 -1.952763550295433248e-02 -2.048581063098753319e-02 -2.144832772217353245e-02 -2.242316291464319100e-02 -2.339954693005785735e-02 -2.437464189407068105e-02 -2.535136675743598911e-02 -2.631831759634173373e-02 -2.727861542263720906e-02 -2.822671370006879510e-02 -2.915672617852704818e-02 -3.006892525076787503e-02 -3.095361178461131235e-02 -3.181061096057546944e-02 -3.263244127107245429e-02 -3.341522278442365934e-02 -3.415327050558547572e-02 -3.484151950118508090e-02 -3.547140909758761396e-02 -3.604027975110635218e-02 -3.653641278341379639e-02 -3.696138769657209000e-02 -3.729603678184245652e-02 -3.754728776137383761e-02 -3.768660921315702961e-02 -3.772577853835501482e-02 -3.763709994229624822e-02 -3.742874400358831011e-02 -3.707587577710180771e-02 -3.657217526947509345e-02 -3.591563601775749071e-02 -3.506278013037644747e-02 -3.406292801490196087e-02 -3.279984231378885173e-02 -3.139673446443924654e-02 -2.966387607682885452e-02 -2.774925640996517284e-02 -2.552181862537805657e-02 -2.300228747190191658e-02 -2.023447501169783891e-02 -1.698193869244879473e-02 -1.353223635730094188e-02 -9.477702094201179150e-03 -5.080346793464807220e-03 -2.474950891780958173e-04 5.359746115077057560e-03 1.122019710579313934e-02 1.823699998190453364e-02 2.587015642333412302e-02 3.416621944315623161e-02 4.494678995785050812e-02 5.634589158988068114e-02
-1.167814664811972492e-04 -2.340353061369704335e-04 -2.966076060879618836e-04 -3.162525743021227242e-04 -3.018710880225983217e-04 -2.620748694499575038e-04 -2.059701436114558248e-04 -1.417135986250261936e-04 -7.852362044735716751e-05 -2.620905909467285966e-05 0.000000000000000000e+00 -2.743995952403377458e-05 -8.831722565383337553e-05 -1.753008364675512354e-04 -2.856098801252704433e-04 -4.185145568428305651e-04 -5.741490770488910655e-04 -7.524282617542565887e-04 -9.533491058588694500e-04 -1.179356487144178622e-03 -1.428903770934963902e-03 -1.703300377402072741e-03 -2.003113384733912206e-03 -2.328685192779178514e-03 -2.679994193751311649e-03 -3.059022339410910618e-03 -3.465329917493265022e-03 -3.898574988533964891e-03 -4.360383061931205617e-03 -4.849819135801181069e-03 -5.367164996891160555e-03 -5.912872322744400222e-03 -6.486592358335485642e-03 -7.088124103312498647e-03 -7.717121113379965536e-03 -8.372770953546493367e-03 -9.056830171559338005e-03 -9.768626481314046650e-03 -1.050559903778602866e-02 -1.126644931593467902e-02 -1.204973639088835480e-02 -1.285970822382709322e-02 -1.369231043768082134e-02 -1.454395675080277783e-02 -1.541287606116215070e-02 -1.630600994295039463e-02 -1.721342115697310771e-02 -1.813281284929402215e-02 -1.906934805008475564e-02 -2.001467695376668576e-02 -2.096442170831658292e-02 -2.192589714784654031e-02 -2.288888155202262187e-02 -2.385057020637071368e-02 -2.481328060772236554e-02 -2.576636218385219834e-02 -2.671238479032411739e-02 -2.764596098273275349e-02 -2.856148916269984905e-02 -2.945849182523374576e-02 -3.032822689747083356e-02 -3.116951221899577629e-02 -3.197569478635653439e-02 -3.274232565719237265e-02 -3.346397344603302404e-02 -3.413552226794214217e-02 -3.474820345374940445e-02 -3.529970883579658381e-02 -3.577774263877486760e-02 -3.618452308787190042e-02 -3.650008726212750076e-02 -3.673214212402842183e-02 -3.685129898491767975e-02 -3.687008148738624147e-02 -3.676002230036101714e-02 -3.652982642822266701e-02 -3.615421860839385104e-02 -3.562693566302654880e-02 -3.494614162755993458e-02 -3.406759903789569055e-02 -3.304181283566454130e-02 -3.175048489767884341e-02 -3.031924413663489304e-02 -2.855539190223577162e-02 -2.660942790007225778e-02 -2.434841877187865489e-02 -2.179358180219748142e-02 -1.898943489229731885e-02 -1.569662116490500026e-02 -1.220648824000725163e-02 -8.106612612719721334e-03 -3.662299082819897578e-03 1.220138521740299353e-03 6.882997649427569087e-03 1.279938694951388012e-02 1.988129545506756024e-02 2.758288777720396823e-02 3.595082576707586686e-02 4.682066237046111912e-02 5.831022970580934661e-02
-1.730450260440941079e-04 -3.040708665971170177e-04 -3.774523090086523425e-04 -4.049990324686003618e-04 -3.954189851034239922e-04 -3.570639652609175485e-04 -2.988168807248614556e-04 -2.282736035853494272e-04 -1.539335370080996412e-04 -8.384510016601343096e-05 -2.743995952403377458e-05 0.000000000000000000e+00 -2.844813771130105806e-05 -9.278715293181694079e-05 -1.847831923650344876e-04 -3.019068469044539071e-04 -4.433738111367935275e-04 -6.086604890859215189e-04 -7.974807582080689627e-04 -1.011790736116013889e-03 -1.250163111337854183e-03 -1.513690368257436525e-03 -1.802845610120340503e-03 -2.117914131416931411e-03 -2.458852825448776258e-03 -2.827479208347249973e-03 -3.223384405323104218e-03 -3.646238754147601568e-03 -4.097556634780286089e-03 -4.576454168212729101e-03 -5.083185544871526851e-03 -5.618168454505356735e-03 -6.181061902284290532e-03 -6.771662086418772653e-03 -7.389624449345322255e-03 -8.034155698147027458e-03 -8.706882468405008346e-03 -9.407130621916892643e-03 -1.013246144418078476e-02 -1.088160110444980067e-02 -1.165313478068197295e-02 -1.245100943555499384e-02 -1.327135386643085724e-02 -1.411071183380241401e-02 -1.496733249510928676e-02 -1.584765859262182719e-02 -1.674225706719767448e-02 -1.764886903627338466e-02 -1.857218571837548904e-02 -1.950422818974173467e-02 -2.044078378700064924e-02 -2.138852318447204137e-02 -2.233775721575348427e-02 -2.328571339317864197e-02 -2.423412534423419196e-02 -2.517307442241067950e-02 -2.610459419901767220e-02 -2.702345189666988112e-02 -2.792432285769974598e-02 -2.880600087367202189e-02 -2.966067430226171364e-02 -3.048618176427730919e-02 -3.127667560641411715e-02 -3.202715383368048840e-02 -3.273243162673411533e-02 -3.338734355266903542e-02 -3.398291947900466958e-02 -3.451719227253602362e-02 -3.497730542953558786e-02 -3.536609721174932552e-02 -3.566283279027759878e-02 -3.587597518012286546e-02 -3.597530499556511607e-02 -3.597406880633524651e-02 -3.584305033866985735e-02 -3.559147229287185077e-02 -3.519363270455122539e-02 -3.464332267103498175e-02 -3.393887100191572692e-02 -3.303530338067506289e-02 -3.198427134925085902e-02 -3.066547886513948384e-02 -2.920689605103143904e-02 -2.741294626319001893e-02 -2.543655890117413332e-02 -2.314298024668826059e-02 -2.055390268801260412e-02 -1.771452642739967942e-02 -1.438266523791431606e-02 -1.085334051007347256e-02 -6.709508335689617908e-03 -2.219667078214304645e-03 2.710856282501117320e-03 8.427674959981201752e-03 1.439834620883284622e-02 2.154348196029753915e-02 2.931156845421878376e-02 3.774938436487818016e-02 4.870613319454675239e-02 6.028383756663679982e-02
-2.443069070591219472e-04 -3.885401976703173332e-04 -4.723650666091927519e-04 -5.076684513810603150e-04 -5.030053813065427093e-04 -4.665294671295505680e-04 -4.069984618543243116e-04 -3.316251354881227797e-04 -2.485412824714261504e-04 -1.649136564574327224e-04 -8.831722565383337553e-05 -2.844813771130105806e-05 0.000000000000000000e+00 -2.967228959827039603e-05 -9.708993854584679895e-05 -1.939824623028441053e-04 -3.177661663041897455e-04 -4.671158997363589194e-04 -6.412804023726570435e-04 -8.416285891718056078e-04 -1.066780076908857566e-03 -1.317566921379076383e-03 -1.594337275617196958e-03 -1.897296587949126589e-03 -2.226362966616490802e-03 -2.583177238589584590e-03 -2.967350436295812521e-03 -3.378556572751878484e-03 -3.818192589572277917e-03 -4.285419620051578171e-03 -4.780459575879691947e-03 -5.303692160642414777e-03 -5.854780521068803090e-03 -6.433514939434337165e-03 -7.039549992459925853e-03 -7.672109055151477008e-03 -8.332689967743722725e-03 -9.020615611076143736e-03 -9.733564264562621915e-03 -1.047028510961156567e-02 -1.122938786562310831e-02 -1.201452509090572551e-02 -1.282200276817424545e-02 -1.364849093484776787e-02 -1.449225808856913211e-02 -1.535926016983502063e-02 -1.624055466979235085e-02 -1.713391945246711678e-02 -1.804358611916423438e-02 -1.896193714687288701e-02 -1.988492043595591063e-02 -2.081857817158960788e-02 -2.175373995855023335e-02 -2.268766465065730209e-02 -2.362151820887370413e-02 -2.454609416706277081e-02 -2.546290346630863954e-02 -2.636686391991938105e-02 -2.725292069961704478e-02 -2.811915843362999823e-02 -2.895867135606644549e-02 -2.976834478939160977e-02 -3.054311507380613744e-02 -3.127744187424408295e-02 -3.196638042841382088e-02 -3.260471703960421408e-02 -3.318328616517840501e-02 -3.370045213668670936e-02 -3.414281281531161838e-02 -3.451380922557323316e-02 -3.479195614582131224e-02 -3.498645120531895802e-02 -3.506626889720310114e-02 -3.504535713162082455e-02 -3.489377151912409492e-02 -3.462123697529351229e-02 -3.420163739255044355e-02 -3.362881576198961664e-02 -3.290126033650109250e-02 -3.197328088022100001e-02 -3.089764046604748238e-02 -2.955210302555999480e-02 -2.806690953364809893e-02 -2.624369032075279939e-02 -2.423773000561657565e-02 -2.191250606467065598e-02 -1.929016986920240040e-02 -1.641658218119745882e-02 -1.304680525373003164e-02 -9.479427757299263568e-03 -5.292910823770258233e-03 -7.588543859295970861e-04 4.218379809019401350e-03 9.987640259017660505e-03 1.601107899035714155e-02 2.321772775064423477e-02 3.105053883588193564e-02 3.955641533952536371e-02 5.059793992099093085e-02 6.226167161629669877e-02
-3.363057142485859075e-04 -4.927622825988686728e-04 -5.862300883486826208e-04 -6.286861195180515338e-04 -6.285595552434353195e-04 -5.938459647378824258e-04 -5.332368896403538727e-04 -4.536630490664661508e-04 -3.630626272630443907e-04 -2.680746945775691614e-04 -1.753008364675512354e-04 -9.278715293181694079e-05 -2.967228959827039603e-05 0.000000000000000000e+00 -3.060353726880293834e-05 -1.007903174327084983e-04 -2.022378179731276759e-04 -3.319309714856499838e-04 -4.882943848207865756e-04 -6.719355944146965243e-04 -8.814087312252194550e-04 -1.117220533527363280e-03 -1.379550135684914913e-03 -1.668491997561249995e-03 -1.983902457430075650e-03 -2.327229948388631620e-03 -2.698091486567077979e-03 -3.096154000445050514e-03 -3.522689464127259917e-03 -3.976896512625893720e-03 -4.458959232785941751e-03 -4.969214698363089155e-03 -5.507325939201668241e-03 -6.073073714861432215e-03 -6.666108561998451698e-03 -7.285667638409543123e-03 -7.933121469676063242e-03 -8.607788649257930302e-03 -9.307458466096152350e-03 -1.003090115510019142e-02 -1.077674915293758140e-02 -1.154836863776698141e-02 -1.234223571300008260e-02 -1.315514218220525944e-02 -1.398537479172645703e-02 -1.483841726183166010e-02 -1.570580127238963009e-02 -1.658533995695221641e-02 -1.748082000152972881e-02 -1.838497381201520398e-02 -1.929390428149713177e-02 -2.021304414784341752e-02 -2.113372511219502314e-02 -2.205323627452249191e-02 -2.297219536722661104e-02 -2.388208429542892919e-02 -2.478390787900930370e-02 -2.567272957196153893e-02 -2.654375572790323989e-02 -2.739438532040516794e-02 -2.821858878360938849e-02 -2.901232935626008036e-02 -2.977130157614449324e-02 -3.048944444027423817e-02 -3.116204534158284467e-02 -3.178384381008614312e-02 -3.234548601437814419e-02 -3.284565624033253251e-02 -3.327042475114905251e-02 -3.362381461529995175e-02 -3.388361581698706715e-02 -3.405973498242687025e-02 -3.412036950185604045e-02 -3.408014299567518890e-02 -3.390840762789126828e-02 -3.361537215014887003e-02 -3.317452101290507827e-02 -3.257974625533099911e-02 -3.182968921370765703e-02 -3.087796829169542345e-02 -2.977841690802196517e-02 -2.840692680524525837e-02 -2.689592739318147352e-02 -2.504435512657310348e-02 -2.300976297724510733e-02 -2.065391977222541531e-02 -1.799941707844321392e-02 -1.509275093293482861e-02 -1.168632265421454264e-02 -8.082164374007771990e-03 -3.854388129316710376e-03 7.224114379494883664e-04 5.744812390871878449e-03 1.156480479780264137e-02 1.763930543526259775e-02 2.490552894589581623e-02 3.280106207499577931e-02 4.137294082392772854e-02 5.249681111425097413e-02 6.424417173244389989e-02
-4.474866839397906304e-04 -6.154818660425442900e-04 -7.180609045597252660e-04 -7.672995151259964786e-04 -7.715201918799818870e-04 -7.385879796103500539e-04 -6.771664063943694245e-04 -5.939667429363248985e-04 -4.968318128052429117e-04 -3.920506812271629116e-04 -2.856098801252704433e-04 -1.847831923650344876e-04 -9.708993854584679895e-05 -3.060353726880293834e-05 0.000000000000000000e+00 -3.152262949590589614e-05 -1.044306694274466096e-04 -2.100728509288884993e-04 -3.451662120821374913e-04 -5.092049362297457193e-04 -7.004898744835674762e-04 -9.190986662851452493e-04 -1.164975799517020683e-03 -1.438060712539823705e-03 -1.738116887879281869e-03 -2.066378899401755120e-03 -2.422452291239940436e-03 -2.805983625108199320e-03 -3.218110260759021735e-03 -3.658059615181730173e-03 -4.125971336248590582e-03 -4.622134384394738227e-03 -5.146206864739655273e-03 -5.697955966195711319e-03 -6.277024678691622839e-03 -6.882660839029219879e-03 -7.516108373161523026e-03 -8.176680067022989995e-03 -8.862270667816085634e-03 -9.571669470603838548e-03 -1.030352979718540674e-02 -1.106093813440089946e-02 -1.184053439574739297e-02 -1.263922810434003896e-02 -1.345532317491593410e-02 -1.429384360318874947e-02 -1.514678097822463876e-02 -1.601198233067180343e-02 -1.689280214150745696e-02 -1.778231276082753443e-02 -1.867676715703392443e-02 -1.958100508762095071e-02 -2.048684582286086631e-02 -2.139160771495485225e-02 -2.229537726783692442e-02 -2.319030392989007705e-02 -2.407690077013024954e-02 -2.495037255444176871e-02 -2.580617925245332067e-02 -2.664105476812150819e-02 -2.744981975950910869e-02 -2.822754270447858094e-02 -2.897065374693907902e-02 -2.967258669534311721e-02 -3.032885417766173486e-02 -3.093415025196488699e-02 -3.147893908949683794e-02 -3.196221480610927923e-02 -3.236953589616087257e-02 -3.270548925655858419e-02 -3.294716258996910341e-02 -3.310514897585037364e-02 -3.314689430366213330e-02 -3.308767528995137930e-02 -3.289616233440595394e-02 -3.258303181653277036e-02 -3.212138170131650927e-02 -3.150515053749725070e-02 -3.073312710632070122e-02 -2.975826006352177977e-02 -2.863541681202730338e-02 -2.723867660717671502e-02 -2.570258464913888208e-02 -2.382347081404312394e-02 -2.176107982427710752e-02 -1.937552465017988723e-02 -1.668982044001088294e-02 -1.375107616251203257e-02 -1.030911154970493016e-02 -6.669293466799453007e-03 -2.401512423818363828e-03 2.216735952064619042e-03 7.282947650991244970e-03 1.315217291831005664e-02 1.927624156303053837e-02 2.660034584742254626e-02 3.455685348454107242e-02 4.319294117894312279e-02 5.439704631115660494e-02 6.622595648104923072e-02
-5.800163362097432440e-04 -7.587909187578567582e-04 -8.698604499982609539e-04 -9.254044220436963286e-04 -9.336524539950152857e-04 -9.023584515771565506e-04 -8.401832129566466634e-04 -7.536596512395243863e-04 -6.505947958650448726e-04 -5.370287152720587542e-04 -4.185145568428305651e-04 -3.019068469044539071e-04 -1.939824623028441053e-04 -1.007903174327084983e-04 -3.152262949590589614e-05 0.000000000000000000e+00 -3.242300674421993989e-05 -1.078183026756995844e-04 -2.172531200826943731e-04 -3.582316976054045199e-04 -5.284369913779451977e-04 -7.273370446427840363e-04 -9.545373194583817167e-04 -1.209756540674233882e-03 -1.492621200909316492e-03 -1.804122320374412780e-03 -2.143830964545734297e-03 -2.511356219554006231e-03 -2.907688524301454969e-03 -3.332073349584185884e-03 -3.784597826548163901e-03 -4.265496219743147854e-03 -4.774416033216266619e-03 -5.311106159197609422e-03 -5.875197994993808237e-03 -6.465946512280718039e-03 -7.084469517361968727e-03 -7.730072200509030544e-03 -8.400748873802932337e-03 -9.095305683828658339e-03 -9.812414817510384246e-03 -1.055488992571596008e-02 -1.131952813011183334e-02 -1.210335239673165919e-02 -1.290468262014110579e-02 -1.372809604750380164e-02 -1.456602928104422379e-02 -1.541636177164651400e-02 -1.628202901935538183e-02 -1.715643287333046274e-02 -1.803597121275535287e-02 -1.892490801492885399e-02 -1.981553492123255822e-02 -2.070519846493890093e-02 -2.159347166311631483e-02 -2.247314971151348484e-02 -2.334426894309127309e-02 -2.420217089731058202e-02 -2.504256120787107243e-02 -2.586153022382253752e-02 -2.665472161300852516e-02 -2.741633766866213850e-02 -2.814352046908630278e-02 -2.882921480673394932e-02 -2.946915127115068422e-02 -3.005797977847579627e-02 -3.058598903869536034e-02 -3.105247238349473360e-02 -3.144249305438606701e-02 -3.176118271212013955e-02 -3.198495023985958863e-02 -3.212505160862710873e-02 -3.214820783409777505e-02 -3.207032513479735059e-02 -3.185941469229014444e-02 -3.152660360283010554e-02 -3.104461675942227217e-02 -3.040743653972111105e-02 -2.961399325765201596e-02 -2.861658819585777280e-02 -2.747108499682981986e-02 -2.604981222944491304e-02 -2.448935561932119587e-02 -2.258352866790136471e-02 -2.049418863028018567e-02 -1.807984709268939394e-02 -1.536392556683408017e-02 -1.239412285636609656e-02 -8.917758778858142499e-03 -5.243422901133998337e-03 -9.369153602460933428e-04 3.721463715647965742e-03 8.830105798946275009e-03 1.474703791738618541e-02 2.091915517127140856e-02 2.829941722889994793e-02 3.631512319238050512e-02 4.501359869910670497e-02 5.629579666187767284e-02 6.820414972134325460e-02
-7.362190243527244604e-04 -9.249233253370015007e-04 -1.043763571157318992e-03 -1.105025299562911734e-03 -1.116855302439101472e-03 -1.086910229232351810e-03 -1.023865087497077830e-03 -9.341025119136148192e-04 -8.254315500928477434e-04 -7.037054927579999841e-04 -5.741490770488910655e-04 -4.433738111367935275e-04 -3.177661663041897455e-04 -2.022378179731276759e-04 -1.044306694274466096e-04 -3.242300674421993989e-05 0.000000000000000000e+00 -3.321901755559686364e-05 -1.108154852322851269e-04 -2.243686185368076735e-04 -3.700538773819816996e-04 -5.463724716106010959e-04 -7.524096667109736458e-04 -9.875590037010661959e-04 -1.251244166948550784e-03 -1.544169909493575688e-03 -1.865841485867769656e-03 -2.215807844755279810e-03 -2.594896387175138486e-03 -3.002357171089653498e-03 -3.438214738861078423e-03 -3.902640586407546408e-03 -4.395264797107611976e-03 -4.915812351802828495e-03 -5.463898305179903936e-03 -6.038780652522501846e-03 -6.641451330980263634e-03 -7.271205845976513871e-03 -7.926131626042942635e-03 -8.605049183699309268e-03 -9.306647309658244716e-03 -1.003347408959265330e-02 -1.078247672543808378e-02 -1.155078698747469268e-02 -1.233673942432578219e-02 -1.314447844726196468e-02 -1.396686964021298660e-02 -1.480182324808188010e-02 -1.565187000073742229e-02 -1.651072998991109930e-02 -1.737494040809717255e-02 -1.824820796588255689e-02 -1.912328027477339099e-02 -1.999753086073086106e-02 -2.087003837702861020e-02 -2.173422022055748748e-02 -2.258965216072028603e-02 -2.343180758050267265e-02 -2.425662915738213687e-02 -2.505958687950371466e-02 -2.583711800777965806e-02 -2.658258944256408629e-02 -2.729382961392234908e-02 -2.796331169479870926e-02 -2.858697633775930669e-02 -2.915943069607840332e-02 -2.967079499838887191e-02 -3.012065030138000310e-02 -3.049358229425358502e-02 -3.079524683093126658e-02 -3.100139910577004443e-02 -3.112393260474044521e-02 -3.112887194416069647e-02 -3.103272746620278078e-02 -3.080287517021251809e-02 -3.045087468339546799e-02 -2.994909204062867758e-02 -2.929155047704856685e-02 -2.847731540850684251e-02 -2.745806443329912305e-02 -2.629061717203751147e-02 -2.484561694930420561e-02 -2.326161008506433259e-02 -2.132998898780957830e-02 -1.921463953231650201e-02 -1.677252919018901167e-02 -1.402746747710303943e-02 -1.102771855020079350e-02 -7.518187699038225702e-03 -3.810569595134039034e-03 5.332892976370740001e-04 5.230385391701619646e-03 1.037998263164197077e-02 1.634299892609725191e-02 2.256155271067084023e-02 2.999615521718024258e-02 3.806919265990704737e-02 4.682814903366250281e-02 5.818621636983101197e-02 7.017183469662013895e-02
-9.159894212984465156e-04 -1.113910220312930299e-03 -1.239919154216617692e-03 -1.306409062082014572e-03 -1.321451637849135885e-03 -1.292616755170450382e-03 -1.228605674028271366e-03 -1.135670891819318129e-03 -1.021648916221695735e-03 -8.922472285317617491e-04 -7.524282617542565887e-04 -6.086604890859215189e-04 -4.671158997363589194e-04 -3.319309714856499838e-04 -2.100728509288884993e-04 -1.078183026756995844e-04 -3.321901755559686364e-05 0.000000000000000000e+00 -3.392213837905000418e-05 -1.139641197387408766e-04 -2.308463356479606432e-04 -3.812212640245116191e-04 -5.632961308593698035e-04 -7.759581132643633694e-04 -1.018323589597969203e-03 -1.290746676377740876e-03 -1.592622540390387087e-03 -1.923409102806639126e-03 -2.283749118818234614e-03 -2.672880029537916258e-03 -3.090751053453577590e-03 -3.537460925234214848e-03 -4.012614079928367161e-03 -4.515904918313995431e-03 -5.046926601988466210e-03 -5.604935422571899473e-03 -6.190796885917171366e-03 -6.803794267920881822e-03 -7.442101744200013691e-03 -8.104551490587641460e-03 -8.789846474065332593e-03 -9.500275531349910985e-03 -1.023292922350416134e-02 -1.098504367709329799e-02 -1.175496669361175694e-02 -1.254642240136738529e-02 -1.335269061306043614e-02 -1.417171075777390321e-02 -1.500562169408037327e-02 -1.584845138356405503e-02 -1.669687113244211485e-02 -1.755404730772802679e-02 -1.841316841884665934e-02 -1.927163384267571722e-02 -2.012804537795742643e-02 -2.097642099044982889e-02 -2.181589072231482351e-02 -2.264205526905405108e-02 -2.345108640290305413e-02 -2.423785508205245076e-02 -2.499956508699163749e-02 -2.572877628290082264e-02 -2.642397989449829510e-02 -2.707719350956405702e-02 -2.768456058159596278e-02 -2.824064678277926621e-02 -2.873541031288895375e-02 -2.916870937091253779e-02 -2.952466846462520333e-02 -2.980944867244972318e-02 -2.999817474071786449e-02 -3.010335425858756686e-02 -3.009034176952340989e-02 -2.997622833411428545e-02 -2.972777704139306643e-02 -2.935696328000358957e-02 -2.883580741343072518e-02 -2.815837084571315430e-02 -2.732384819423894218e-02 -2.628331537777595095e-02 -2.509451076656243895e-02 -2.362645317466538497e-02 -2.201957548415545141e-02 -2.006293746779741483e-02 -1.792237587058853610e-02 -1.545336733872604285e-02 -1.268009246981394167e-02 -9.651358111312124954e-03 -6.109734698243607376e-03 -2.369912589107348033e-03 2.010087675939242757e-03 6.744653163916813909e-03 1.193389850389559026e-02 1.794155155445853467e-02 2.420510219968019516e-02 3.169240908631731912e-02 3.982109201028449785e-02 4.863880105404094767e-02 6.007069954962929170e-02 7.213158249688844670e-02
-1.119548393888614157e-03 -1.326028905397458324e-03 -1.458651571213831488e-03 -1.529916647574292021e-03 -1.547826572647847954e-03 -1.519872296478430584e-03 -1.454789768259967531e-03 -1.358716029538964420e-03 -1.239532415537092369e-03 -1.102828601949545906e-03 -9.533491058588694500e-04 -7.974807582080689627e-04 -6.412804023726570435e-04 -4.882943848207865756e-04 -3.451662120821374913e-04 -2.172531200826943731e-04 -1.108154852322851269e-04 -3.392213837905000418e-05 0.000000000000000000e+00 -3.479049381716059486e-05 -1.168720424102875910e-04 -2.371076078852007996e-04 -3.919438272893538411e-04 -5.794036207309449793e-04 -7.981148191663622882e-04 -1.047977679855649491e-03 -1.328211410399404713e-03 -1.638139010680772500e-03 -1.978188622075993663e-03 -2.347562396571190035e-03 -2.746117676964088261e-03 -3.173867713850642147e-03 -3.630381102448398956e-03 -4.115313522331631724e-03 -4.628229578238274300e-03 -5.168378287900843304e-03 -5.736497429197573439e-03 -6.331854990564766972e-03 -6.952705140632065017e-03 -7.597888678517072947e-03 -8.266120044162827973e-03 -8.959434831340318262e-03 -9.675060098367938011e-03 -1.041033174965577679e-02 -1.116360930199455925e-02 -1.193820895629060796e-02 -1.272780998961886567e-02 -1.353037931945755279e-02 -1.434767671446013360e-02 -1.517402763243691499e-02 -1.600623223851604937e-02 -1.684693336559706101e-02 -1.768974534866052384e-02 -1.853209222622398400e-02 -1.937211644208614025e-02 -2.020441485761459433e-02 -2.102768657858722356e-02 -2.183765505656964923e-02 -2.263071317249054637e-02 -2.340115419712673894e-02 -2.414692129055884262e-02 -2.485979564847229373e-02 -2.553890767445143872e-02 -2.617583540038470602e-02 -2.676691777516770898e-02 -2.730668023704385661e-02 -2.778492540736909877e-02 -2.820177797934297903e-02 -2.854091763828181527e-02 -2.880899164056349715e-02 -2.898051752165053951e-02 -2.906859347943069327e-02 -2.903793032141110952e-02 -2.890617632776515400e-02 -2.863950389266600727e-02 -2.825028732908252405e-02 -2.771021445419497020e-02 -2.701338207743553266e-02 -2.615910804427690195e-02 -2.509788846592075906e-02 -2.388834324067456993e-02 -2.239792707071663891e-02 -2.076888559771683518e-02 -1.878803382367977282e-02 -1.662308195060380189e-02 -1.412806852432446636e-02 -1.132752828363925435e-02 -8.270788173083687411e-03 -4.698162275581285741e-03 -9.272284504603378608e-04 3.487693134510694293e-03 8.258473076149352998e-03 1.348605564651150779e-02 1.953689994471474733e-02 2.584401230926280935e-02 3.338240102897382933e-02 4.156506236634072149e-02 5.043982096999899412e-02 6.194355784023930500e-02 7.407775620176959563e-02
-1.352909736883178837e-03 -1.566955129599811869e-03 -1.705301213453802589e-03 -1.780553919517258166e-03 -1.800650818212901072e-03 -1.773009823942683916e-03 -1.706406827590711828e-03 -1.606874307063632656e-03 -1.482349632386803506e-03 -1.338324254922862444e-03 -1.179356487144178622e-03 -1.011790736116013889e-03 -8.416285891718056078e-04 -6.719355944146965243e-04 -5.092049362297457193e-04 -3.582316976054045199e-04 -2.243686185368076735e-04 -1.139641197387408766e-04 -3.479049381716059486e-05 0.000000000000000000e+00 -3.537953884580335995e-05 -1.193224032565165516e-04 -2.425732838997607388e-04 -4.014081314397399680e-04 -5.936081063739884200e-04 -8.184399015503940333e-04 -1.074841888764943576e-03 -1.361936445425038222e-03 -1.679894282019200880e-03 -2.027851065670827069e-03 -2.405550161172720358e-03 -2.812902813130624402e-03 -3.249428772115203756e-03 -3.714734805088437675e-03 -4.208348739083822565e-03 -4.729505502337416623e-03 -5.278813632094259134e-03 -5.855522154147863034e-03 -6.457957159245020229e-03 -7.084964458622611261e-03 -7.735266762563752785e-03 -8.410653851637861500e-03 -9.108481055466022269e-03 -9.826178548847819272e-03 -1.056211575149224036e-02 -1.131921609967090347e-02 -1.209154040783411155e-02 -1.287708104979612411e-02 -1.367723432400225203e-02 -1.448661053453326186e-02 -1.530213232284549640e-02 -1.612593959385055786e-02 -1.695205411252098671e-02 -1.777792312383486006e-02 -1.860125099041465280e-02 -1.941718705229877884e-02 -2.022401753681768444e-02 -2.101758307662560110e-02 -2.179448787979554325e-02 -2.254847348748878488e-02 -2.327818932432257348e-02 -2.397467242924666841e-02 -2.463766357619556757e-02 -2.525832069548583636e-02 -2.583316928398515788e-02 -2.635669600523959932e-02 -2.681855560968426921e-02 -2.721912632410816713e-02 -2.754166276607339370e-02 -2.779327525464891924e-02 -2.794790209628827959e-02 -2.801920366626298176e-02 -2.797127858544212753e-02 -2.782230403599816881e-02 -2.753788834609172120e-02 -2.713078446153061041e-02 -2.657236323233103104e-02 -2.585675348213711811e-02 -2.498338903553265489e-02 -2.390221217926147279e-02 -2.267267992859878234e-02 -2.116075460230215644e-02 -1.951040683840365997e-02 -1.750631084955411865e-02 -1.531795857198436916e-02 -1.279801272487945951e-02 -9.971342048171183414e-03 -6.887766851865984030e-03 -3.285437183936701366e-03 5.153090093934498128e-04 4.963704581598560317e-03 9.769212863163123650e-03 1.503358309291202843e-02 2.112591371997363243e-02 2.747489738016184457e-02 3.506246127093159970e-02 4.329714549113228284e-02 5.222695948819477962e-02 6.380021062732699200e-02 7.600545688525794930e-02
-1.611622114181976428e-03 -1.832617397138247561e-03 -1.976159288593404284e-03 -2.054958045367261121e-03 -2.076889846998830613e-03 -2.049304196498291653e-03 -1.981021005404315360e-03 -1.877976521233004625e-03 -1.748172505081524442e-03 -1.597016541360685160e-03 -1.428903770934963902e-03 -1.250163111337854183e-03 -1.066780076908857566e-03 -8.814087312252194550e-04 -7.004898744835674762e-04 -5.284369913779451977e-04 -3.700538773819816996e-04 -2.308463356479606432e-04 -1.168720424102875910e-04 -3.537953884580335995e-05 0.000000000000000000e+00 -3.601557234889085635e-05 -1.217878733378308098e-04 -2.479046034522536246e-04 -4.104175725323511159e-04 -6.076031164158335329e-04 -8.379374132060357638e-04 -1.100237933864267603e-03 -1.394353250097180030e-03 -1.719308586179524312e-03 -2.074702948890894127e-03 -2.460323504553163509e-03 -2.875624451343039567e-03 -3.320150811261801671e-03 -3.793383513339687596e-03 -4.294535233708374200e-03 -4.824082018434983077e-03 -5.381249377619079510e-03 -5.964427308309039333e-03 -6.572462621913688352e-03 -7.204082806554046314e-03 -7.860837368751094623e-03 -8.540202433779953139e-03 -9.239697371922095392e-03 -9.957699593474145239e-03 -1.069675219482946193e-02 -1.145128214293134050e-02 -1.221930530961334860e-02 -1.300186755781973513e-02 -1.379385321844650569e-02 -1.459230183029514016e-02 -1.539886765795939194e-02 -1.620796420636594348e-02 -1.701706058802421317e-02 -1.782344121692891470e-02 -1.862278530909100560e-02 -1.941298151206949374e-02 -2.018998285699846740e-02 -2.095059649064134888e-02 -2.168803441325162229e-02 -2.240162396986000726e-02 -2.308168755247130832e-02 -2.372855162942233420e-02 -2.433297067752004939e-02 -2.489164906736440752e-02 -2.539903591707015629e-02 -2.584464477959913520e-02 -2.622909623648705946e-02 -2.653523681091096709e-02 -2.677061996256246967e-02 -2.690862888692413524e-02 -2.696346159777607276e-02 -2.689863184170082633e-02 -2.673282117505981770e-02 -2.643109681667021871e-02 -2.600657276965689935e-02 -2.543031640519077818e-02 -2.469648557620018892e-02 -2.380462377412340125e-02 -2.270414190607661364e-02 -2.145529556959890893e-02 -1.992261671845751980e-02 -1.825172493955640185e-02 -1.622524364962141252e-02 -1.401436695999469517e-02 -1.147043547484682957e-02 -8.618634384225165590e-03 -5.509254118299389269e-03 -1.878360140107337983e-03 1.951059554342937652e-03 6.431664205396425693e-03 1.127060410716174133e-02 1.657041267338166257e-02 2.270274945100370090e-02 2.909213895031514951e-02 3.672723126437138497e-02 4.501225342413184283e-02 5.399540913863287717e-02 6.563618833854190093e-02 7.791055057774576298e-02
-1.898272439387560517e-03 -2.125509581065943010e-03 -2.273621895492294875e-03 -2.355421994735151792e-03 -2.378727455965901072e-03 -2.350823044947714102e-03 -2.280575340698254294e-03 -2.173830883642757783e-03 -2.038661452369638916e-03 -1.880401420587651806e-03 -1.703300377402072741e-03 -1.513690368257436525e-03 -1.317566921379076383e-03 -1.117220533527363280e-03 -9.190986662851452493e-04 -7.273370446427840363e-04 -5.463724716106010959e-04 -3.812212640245116191e-04 -2.371076078852007996e-04 -1.193224032565165516e-04 -3.601557234889085635e-05 0.000000000000000000e+00 -3.661244498653903889e-05 -1.240710666927657968e-04 -2.527569299640708422e-04 -4.190746341622419990e-04 -6.206799700946286080e-04 -8.559043848304082047e-04 -1.124170951143699249e-03 -1.424328735469271301e-03 -1.755788973137217823e-03 -2.118184410561996245e-03 -2.510881431726952329e-03 -2.933346653807289428e-03 -3.385001257189879098e-03 -3.865025484690365332e-03 -4.373758310074693512e-03 -4.910396045908149709e-03 -5.473383575536838741e-03 -6.061563981451745242e-03 -6.673665457094579700e-03 -7.311002714425418603e-03 -7.971164633234661956e-03 -8.651754245484477579e-03 -9.351154767061942152e-03 -1.007154185144321090e-02 -1.080769240325163416e-02 -1.155764363294919939e-02 -1.232210453396598293e-02 -1.309622204205473928e-02 -1.387714668623607484e-02 -1.466606521829394438e-02 -1.545776637802431797e-02 -1.624973969268095342e-02 -1.703886856684888595e-02 -1.782133837262878107e-02 -1.859465622338229984e-02 -1.935488250522321430e-02 -2.009901846074735321e-02 -2.081976980921096398e-02 -2.151711203650430448e-02 -2.218068384964022588e-02 -2.281137148891188016e-02 -2.339954343492267608e-02 -2.394207486078014924e-02 -2.443337861371408515e-02 -2.486283400417077516e-02 -2.523129224182008024e-02 -2.552120955734227259e-02 -2.574056165931870588e-02 -2.586220188220644811e-02 -2.590084017430405172e-02 -2.581943392786456570e-02 -2.563714343984335731e-02 -2.531851884748614889e-02 -2.487701684259824297e-02 -2.428341538359557461e-02 -2.353189825240731281e-02 -2.262211201738184574e-02 -2.150295964700033036e-02 -2.023545514704272463e-02 -1.868276482442721154e-02 -1.699207793996904137e-02 -1.494406090427768952e-02 -1.271152717966461676e-02 -1.014455128953872798e-02 -7.268616654676263167e-03 -4.134459661115030826e-03 -4.761440983414022554e-04 3.380806614045162029e-03 7.892345947884682467e-03 1.276340929869634877e-02 1.809729235030876904e-02 2.426813375564040864e-02 3.069644194211162969e-02 3.837738427982151368e-02 4.671102437741214697e-02 5.574576956801358119e-02 6.745203425298507138e-02 7.979352391754068741e-02
-2.213648675898127749e-03 -2.446429287040641221e-03 -2.598491387062473734e-03 -2.682747621881809152e-03 -2.706959173127798657e-03 -2.678348973311539538e-03 -2.605831912518619120e-03 -2.495169953207532210e-03 -2.354508648782394076e-03 -2.189117177551658244e-03 -2.003113384733912206e-03 -1.802845610120340503e-03 -1.594337275617196958e-03 -1.379550135684914913e-03 -1.164975799517020683e-03 -9.545373194583817167e-04 -7.524096667109736458e-04 -5.632961308593698035e-04 -3.919438272893538411e-04 -2.425732838997607388e-04 -1.217878733378308098e-04 -3.661244498653903889e-05 0.000000000000000000e+00 -3.715735297771249890e-05 -1.261134377319450550e-04 -2.574610421716139186e-04 -4.271526586171470186e-04 -6.326758457881886955e-04 -8.728480317157227830e-04 -1.146237649973680384e-03 -1.452003082227593111e-03 -1.789579267780228022e-03 -2.158214210038367220e-03 -2.557273927116687773e-03 -2.986103176579213425e-03 -3.443836866407812280e-03 -3.930670355419163542e-03 -4.445763614595477087e-03 -4.987606232621955016e-03 -5.555031956015699102e-03 -6.146764919348290945e-03 -6.763890093253510649e-03 -7.404100569056715209e-03 -8.065077106824913855e-03 -8.745206243099823418e-03 -9.446309077378534091e-03 -1.016349581052955475e-02 -1.089482264069008277e-02 -1.164067537234358962e-02 -1.239645182755566566e-02 -1.315940741389831636e-02 -1.393027975728977630e-02 -1.470421595895021749e-02 -1.547872441219155792e-02 -1.625030678020455976e-02 -1.701563035171238525e-02 -1.777183702914730823e-02 -1.851508937681101141e-02 -1.924257366415849102e-02 -1.994651304780992174e-02 -2.062750071221597370e-02 -2.127452326595535848e-02 -2.188900022017215008e-02 -2.246093185731468100e-02 -2.298735587971334482e-02 -2.346265013222070817e-02 -2.387606676033016129e-02 -2.422867559177710461e-02 -2.450256070939793585e-02 -2.470609870719187029e-02 -2.481163880249270814e-02 -2.483437660805454250e-02 -2.473674221957289365e-02 -2.453834848983538208e-02 -2.420325293202441053e-02 -2.374523616166046569e-02 -2.313480100881604162e-02 -2.236615397984054177e-02 -2.143903795794310785e-02 -2.030187176894537870e-02 -1.901638691835938477e-02 -1.744444977887238402e-02 -1.573473869558350557e-02 -1.366605820371535884e-02 -1.141275701117749897e-02 -8.823700291848868282e-03 -5.924651145885140302e-03 -2.766767370471434617e-03 9.178051705280854122e-04 4.801123609502355727e-03 9.342302316576844845e-03 1.424416099733905039e-02 1.961073564051041274e-02 2.581856167494356313e-02 3.228428462095611629e-02 4.000938275705256952e-02 4.838990699461209744e-02 5.747447787001114250e-02 6.924417723531994806e-02 8.165080183329687102e-02
-2.558086880178889189e-03 -2.795740901948673418e-03 -2.951155905318469941e-03 -3.037342032801038094e-03 -3.062005818163293647e-03 -3.032310670059379376e-03 -2.957220708081575999e-03 -2.842417386730633488e-03 -2.696122454495464282e-03 -2.523545998836196347e-03 -2.328685192779178514e-03 -2.117914131416931411e-03 -1.897296587949126589e-03 -1.668491997561249995e-03 -1.438060712539823705e-03 -1.209756540674233882e-03 -9.875590037010661959e-04 -7.759581132643633694e-04 -5.794036207309449793e-04 -4.014081314397399680e-04 -2.479046034522536246e-04 -1.240710666927657968e-04 -3.715735297771249890e-05 0.000000000000000000e+00 -3.763384854105211730e-05 -1.281598376412507179e-04 -2.618855649164641974e-04 -4.345721244933820060e-04 -6.440743810410820558e-04 -8.884989031364698420e-04 -1.166647362556672007e-03 -1.477691832094230051e-03 -1.820718331423831771e-03 -2.194961778206994119e-03 -2.599668298841950609e-03 -3.033910745000700793e-03 -3.497731609124588026e-03 -3.990245414753013087e-03 -4.509974770168234670e-03 -5.055737352408384844e-03 -5.626247599656575282e-03 -6.222365185365896778e-03 -6.841878287673019976e-03 -7.482538997802823388e-03 -8.142734328764777985e-03 -8.823943600462125225e-03 -9.521593259410709997e-03 -1.023375592000475010e-02 -1.096050792280389707e-02 -1.169748598571718201e-02 -1.244204407313831418e-02 -1.319448926183341975e-02 -1.395030980454436964e-02 -1.470703130791251034e-02 -1.546079325973326313e-02 -1.620872014055363408e-02 -1.694760520157334582e-02 -1.767370788499433854e-02 -1.838439020192372819e-02 -1.907141689097835435e-02 -1.973596776895480964e-02 -2.036640951858170734e-02 -2.096466787020012656e-02 -2.152039302633890205e-02 -2.203077675365261445e-02 -2.249016315163387958e-02 -2.288768440374966406e-02 -2.322461666013386772e-02 -2.348269034480499062e-02 -2.367066109559168297e-02 -2.376040025180559123e-02 -2.376756224362697179e-02 -2.365407949134001875e-02 -2.343999064052160186e-02 -2.308888548213372527e-02 -2.261484936966895454e-02 -2.198812452156229114e-02 -2.120293684486262986e-02 -2.025911859610285415e-02 -1.910462862524908711e-02 -1.780187423527246349e-02 -1.621148863742238877e-02 -1.448355724617667040e-02 -1.239511930876235901e-02 -1.012197325890284993e-02 -7.511832398315987369e-03 -4.590720575362916556e-03 -1.410192027926582270e-03 2.299440687308695885e-03 6.207932690201811710e-03 1.077742472892351255e-02 1.570872116927513051e-02 2.110657635503054852e-02 2.734983996939077677e-02 3.385144882612212136e-02 4.161898568160138367e-02 5.004464022688759339e-02 5.917725642914684059e-02 7.100833068153511451e-02 8.347809402211558982e-02
-2.931302185636641688e-03 -3.173210649532687277e-03 -3.331428418276716208e-03 -3.419060480344793262e-03 -3.443760110169336031e-03 -3.412633033693324158e-03 -3.334692987954412935e-03 -3.215544174149598255e-03 -3.063486004949989017e-03 -2.883674159694038508e-03 -2.679994193751311649e-03 -2.458852825448776258e-03 -2.226362966616490802e-03 -1.983902457430075650e-03 -1.738116887879281869e-03 -1.492621200909316492e-03 -1.251244166948550784e-03 -1.018323589597969203e-03 -7.981148191663622882e-04 -5.936081063739884200e-04 -4.104175725323511159e-04 -2.527569299640708422e-04 -1.261134377319450550e-04 -3.763384854105211730e-05 0.000000000000000000e+00 -3.818012371259449367e-05 -1.301555225942108152e-04 -2.660195470483017743e-04 -4.417827986046285460e-04 -6.547320461031125305e-04 -9.031316077943163378e-04 -1.185786843964198312e-03 -1.501556526936842495e-03 -1.849500928432057378e-03 -2.228737027360816469e-03 -2.638253374212529145e-03 -3.077926501597660902e-03 -3.546813682069216433e-03 -4.043456872813488978e-03 -4.566649468338845885e-03 -5.115089446758203096e-03 -5.689414767902967185e-03 -6.287498887456166585e-03 -6.907158283386949371e-03 -7.546777160597373246e-03 -8.207505548615601221e-03 -8.885068734515888522e-03 -9.577552925665644423e-03 -1.028473863215317863e-02 -1.100248925841285086e-02 -1.172825080918160623e-02 -1.246191840423638286e-02 -1.319930401418867305e-02 -1.393794869761677546e-02 -1.467364947577576295e-02 -1.540396297814983217e-02 -1.612535046440277675e-02 -1.683416285468863904e-02 -1.752792846415862638e-02 -1.819797799974476327e-02 -1.884604644624054970e-02 -1.945991306837302481e-02 -2.004198240951693410e-02 -2.058157288521478279e-02 -2.107602173121891909e-02 -2.151964053304755708e-02 -2.190144878081634605e-02 -2.222291645543761351e-02 -2.246543899761255236e-02 -2.263812893730743347e-02 -2.271240625472426000e-02 -2.270435698149642079e-02 -2.257544581442816334e-02 -2.234611005164577335e-02 -2.197949688819522684e-02 -2.148997695817489451e-02 -2.084754649282993810e-02 -2.004644737434990720e-02 -1.908659415107805124e-02 -1.791551002014601934e-02 -1.659623592098824485e-02 -1.498823914318547779e-02 -1.324292942810079143e-02 -1.113567791049829836e-02 -8.843646552112671699e-03 -6.213454447044797213e-03 -3.271367031045691043e-03 -6.930978954544642079e-05 3.664153405482983850e-03 7.596593424755160306e-03 1.219304310343582998e-02 1.715239197243390024e-02 2.258009109498138045e-02 2.885722268564705484e-02 3.539316840024187005e-02 4.320141140574418337e-02 5.167043078550792590e-02 6.084930455651815784e-02 7.273969735385399371e-02 8.527061240311761825e-02
-3.336607884295905713e-03 -3.582033197476963693e-03 -3.742382778857855641e-03 -3.830853483644203195e-03 -3.855046525975569516e-03 -3.822011510085543406e-03 -3.740811630094320606e-03 -3.616976575411379180e-03 -3.458883927727418595e-03 -3.271638628149498018e-03 -3.059022339410910618e-03 -2.827479208347249973e-03 -2.583177238589584590e-03 -2.327229948388631620e-03 -2.066378899401755120e-03 -1.804122320374412780e-03 -1.544169909493575688e-03 -1.290746676377740876e-03 -1.047977679855649491e-03 -8.184399015503940333e-04 -6.076031164158335329e-04 -4.190746341622419990e-04 -2.574610421716139186e-04 -1.281598376412507179e-04 -3.818012371259449367e-05 0.000000000000000000e+00 -3.863203360709999146e-05 -1.318206974915137053e-04 -2.697920301585332581e-04 -4.481302146929211361e-04 -6.642048325089522365e-04 -9.162739417931664576e-04 -1.202864997266628322e-03 -1.522798396466629178e-03 -1.875018394050131931e-03 -2.258398637538183706e-03 -2.672631262720215339e-03 -3.116700654909210222e-03 -3.589151549681646181e-03 -4.088742808876943968e-03 -4.614147650445210580e-03 -5.165785262355004903e-03 -5.741603410177820166e-03 -6.339475114315984428e-03 -6.957777902229733691e-03 -7.597345418933976191e-03 -8.254183183400320978e-03 -8.926387805127333763e-03 -9.613458187436529911e-03 -1.031147137040777650e-02 -1.101795840951613759e-02 -1.173242209559832716e-02 -1.245097959791752196e-02 -1.317118549122486826e-02 -1.388851504950128213e-02 -1.460093056065303596e-02 -1.530457889240843805e-02 -1.599589670254264462e-02 -1.667256857863042008e-02 -1.732551694791417685e-02 -1.795699865005662144e-02 -1.855423990389082345e-02 -1.912009505662659592e-02 -1.964357007437111946e-02 -2.012213855035427379e-02 -2.055008084439413629e-02 -2.091631140080718598e-02 -2.122248082336608554e-02 -2.144966933027558920e-02 -2.160732292279343714e-02 -2.166643824518832417e-02 -2.164350417605043209e-02 -2.149954925027341979e-02 -2.125538081012212643e-02 -2.087373002243131381e-02 -2.036923228408804576e-02 -1.971165325646628830e-02 -1.889524721675939212e-02 -1.792000356326539645e-02 -1.673303552259175486e-02 -1.539797328022496359e-02 -1.377318916063252630e-02 -1.201133004483467825e-02 -9.886201408464079243e-03 -7.576238002138691030e-03 -4.927025638101767413e-03 -1.965051240006565614e-03 1.257414929806577319e-03 5.013468159749456809e-03 8.968619341112482601e-03 1.359065122861213837e-02 1.857664460555263908e-02 2.403272402422884646e-02 3.034211715662782360e-02 3.691081331633871976e-02 4.475797829775740588e-02 5.326854055267338239e-02 6.249182295639743590e-02 7.443939301785129636e-02 8.702938736949394904e-02
-3.772900206607809892e-03 -4.021192293618414126e-03 -4.183086155018500563e-03 -4.271867583654276324e-03 -4.295086683305471276e-03 -4.259738204428820119e-03 -4.174934378983641281e-03 -4.046132612038011445e-03 -3.881788705685007557e-03 -3.686959707636439099e-03 -3.465329917493265022e-03 -3.223384405323104218e-03 -2.967350436295812521e-03 -2.698091486567077979e-03 -2.422452291239940436e-03 -2.143830964545734297e-03 -1.865841485867769656e-03 -1.592622540390387087e-03 -1.328211410399404713e-03 -1.074841888764943576e-03 -8.379374132060357638e-04 -6.206799700946286080e-04 -4.271526586171470186e-04 -2.618855649164641974e-04 -1.301555225942108152e-04 -3.863203360709999146e-05 0.000000000000000000e+00 -3.901288567953464792e-05 -1.334320392474275252e-04 -2.731975958346621880e-04 -4.539022793271785261e-04 -6.728994790605735687e-04 -9.282044972694913909e-04 -1.218293859638563958e-03 -1.541873849919217498e-03 -1.897659587391853364e-03 -2.285131997663558678e-03 -2.703181444031144132e-03 -3.150335081635868839e-03 -3.625304280813423929e-03 -4.126727223452864024e-03 -4.654805695343156025e-03 -5.207549734804417518e-03 -5.782880226399500501e-03 -6.379163469432236333e-03 -6.996928997676676865e-03 -7.632443613165951213e-03 -8.283810781841149939e-03 -8.950261698472683491e-03 -9.628073815034610128e-03 -1.031485604349646756e-02 -1.100973824497031295e-02 -1.170912416588310023e-02 -1.241057982952653571e-02 -1.310927944377693333e-02 -1.380356432854901172e-02 -1.448928448472885933e-02 -1.516295649882093421e-02 -1.582241111097004715e-02 -1.645818825708500466e-02 -1.707303316408115279e-02 -1.765365344214142596e-02 -1.820332408666025525e-02 -1.871075797369481375e-02 -1.917355587469937728e-02 -1.958596816713087385e-02 -1.993681191428930966e-02 -2.022790501638727090e-02 -2.044003227571911108e-02 -2.058294957818818105e-02 -2.062725835173828681e-02 -2.058982136963083409e-02 -2.043126271064132915e-02 -2.017273093004479101e-02 -1.977656778512748570e-02 -1.925765275341995153e-02 -1.858553635453386033e-02 -1.775448158077430616e-02 -1.676454513049718820e-02 -1.556245592846172698e-02 -1.421238879312680670e-02 -1.257169205810593215e-02 -1.079416232981733614e-02 -8.652141827872439350e-03 -6.325247186795501797e-03 -3.658091619967884789e-03 -6.773632964879316987e-04 2.564349301742874232e-03 6.341711794896398580e-03 1.031829883268098325e-02 1.496450233346868774e-02 1.997569980408631096e-02 2.545866667729645982e-02 3.179869075598962258e-02 3.839852968475343520e-02 4.628281903593134405e-02 5.483309413971437785e-02 6.409893394512544695e-02 7.610155413950026038e-02 8.874857645787148641e-02
-4.239429295037511203e-03 -4.489995891579834364e-03 -4.652901025349764907e-03 -4.741516510385679339e-03 -4.763342105694956530e-03 -4.725318720587123877e-03 -4.636607001672121697e-03 -4.502593890702621948e-03 -4.331813074834101052e-03 -4.129275925170428074e-03 -3.898574988533964891e-03 -3.646238754147601568e-03 -3.378556572751878484e-03 -3.096154000445050514e-03 -2.805983625108199320e-03 -2.511356219554006231e-03 -2.215807844755279810e-03 -1.923409102806639126e-03 -1.638139010680772500e-03 -1.361936445425038222e-03 -1.100237933864267603e-03 -8.559043848304082047e-04 -6.326758457881886955e-04 -4.345721244933820060e-04 -2.660195470483017743e-04 -1.318206974915137053e-04 -3.901288567953464792e-05 0.000000000000000000e+00 -3.943742935985650178e-05 -1.349401017073370568e-04 -2.763830109384635136e-04 -4.593327588284790153e-04 -6.809349204389691934e-04 -9.391413629425970910e-04 -1.232316377790754203e-03 -1.558951264700625394e-03 -1.918275861474416644e-03 -2.309057080560950048e-03 -2.729778608843047571e-03 -3.179087547203973685e-03 -3.655574045091869451e-03 -4.159221862140349835e-03 -4.688089786616056465e-03 -5.240136766563763260e-03 -5.813712449060259857e-03 -6.409053892112215323e-03 -7.022669641183476585e-03 -7.652666023925225325e-03 -8.298020165981689900e-03 -8.955196380903029940e-03 -9.621873950965142974e-03 -1.029682912970497632e-02 -1.097673334190163441e-02 -1.165916182900628151e-02 -1.233900851623959127e-02 -1.301496677613922515e-02 -1.368260733597914669e-02 -1.433852078377917394e-02 -1.498067371511679902e-02 -1.559924959839642522e-02 -1.619744815350498968e-02 -1.676149316055564054e-02 -1.729505073173798202e-02 -1.778656019533941812e-02 -1.823374017529000302e-02 -1.863081227787866112e-02 -1.896650392975685051e-02 -1.924278678061330794e-02 -1.944017024226474266e-02 -1.956869614504008759e-02 -1.959859915542216946e-02 -1.954708656014558787e-02 -1.937441009367002476e-02 -1.910203024668177818e-02 -1.869192627916893557e-02 -1.815920074027910225e-02 -1.747320459742018883e-02 -1.662820576285706231e-02 -1.562432053167428503e-02 -1.440791943365704597e-02 -1.304367670427963866e-02 -1.138798838288568316e-02 -9.595712339809603364e-03 -7.437830945012047223e-03 -5.095050761746433565e-03 -2.411073549274500571e-03 5.872318418332911349e-04 3.846985596506202754e-03 7.644334399134811164e-03 1.164104133104792993e-02 1.630996619514479828e-02 2.134488941051171373e-02 2.685321484677682946e-02 3.322220541524045778e-02 3.985154803624513242e-02 4.777113631234775060e-02 5.635927002264007335e-02 6.566579614853118585e-02 7.772133017577542713e-02 9.042332600669533704e-02
-4.738739836339656009e-03 -4.990907605834649097e-03 -5.154207964051304991e-03 -5.242095679140024167e-03 -5.262020867846217698e-03 -5.220871524208359205e-03 -5.127855808875092514e-03 -4.988291819547296946e-03 -4.810790323295011106e-03 -4.600318791121882356e-03 -4.360383061931205617e-03 -4.097556634780286089e-03 -3.818192589572277917e-03 -3.522689464127259917e-03 -3.218110260759021735e-03 -2.907688524301454969e-03 -2.594896387175138486e-03 -2.283749118818234614e-03 -1.978188622075993663e-03 -1.679894282019200880e-03 -1.394353250097180030e-03 -1.124170951143699249e-03 -8.728480317157227830e-04 -6.440743810410820558e-04 -4.417827986046285460e-04 -2.697920301585332581e-04 -1.334320392474275252e-04 -3.943742935985650178e-05 0.000000000000000000e+00 -3.976718651799160398e-05 -1.362155828491529164e-04 -2.791842009560729920e-04 -4.640665424893164470e-04 -6.879322686781375040e-04 -9.486228571425892042e-04 -1.244301688067439571e-03 -1.573886090022069695e-03 -1.935977045753323189e-03 -2.328980444689321416e-03 -2.751456761763249048e-03 -3.201931248408840247e-03 -3.680166650386729188e-03 -4.184254783918817111e-03 -4.712181209295840389e-03 -5.262272331503115019e-03 -5.834484135907480606e-03 -6.425546051160857530e-03 -7.033562666347914494e-03 -7.657270868188126300e-03 -8.293307438091868100e-03 -8.939414017569813353e-03 -9.594033232651510978e-03 -1.025408435202390667e-02 -1.091714937859478152e-02 -1.157786344122002653e-02 -1.223524381089091673e-02 -1.288460020442971921e-02 -1.352259098024677364e-02 -1.414730779216388790e-02 -1.474860469521999118e-02 -1.533010054265948607e-02 -1.587757149382629240e-02 -1.639504397209556874e-02 -1.687070409570246010e-02 -1.730237859963168479e-02 -1.768426155854618820e-02 -1.800499879456718411e-02 -1.826670158312893033e-02 -1.844962481531342569e-02 -1.856407131519233200e-02 -1.857993862219231573e-02 -1.851474793171425937e-02 -1.832841200817514338e-02 -1.804267283287241952e-02 -1.761917521457267988e-02 -1.707322291899227018e-02 -1.637398356605646033e-02 -1.551572606340234639e-02 -1.449861831016263647e-02 -1.326869941059549696e-02 -1.189109603974547458e-02 -1.022132654852803135e-02 -8.415218117537093256e-03 -6.242500787112081895e-03 -3.884875543115340335e-03 -1.185196360106055558e-03 1.829508530983736669e-03 5.106095870563209793e-03 8.922100372207086849e-03 1.293760323866932627e-02 1.762778486670102396e-02 2.268493905141466538e-02 2.821707445958798743e-02 3.461334004826466249e-02 4.127051998653619158e-02 4.922354381938498502e-02 5.784764043681778212e-02 6.719293675615212180e-02 7.929918456506879210e-02 9.205403567310810331e-02
-5.269153912349722191e-03 -5.522339052747460286e-03 -5.685504972189336925e-03 -5.772186431425296860e-03 -5.789784467312264482e-03 -5.745134901059767429e-03 -5.647492434834533448e-03 -5.502107649418053192e-03 -5.317667439918793981e-03 -5.099096749783593729e-03 -4.849819135801181069e-03 -4.576454168212729101e-03 -4.285419620051578171e-03 -3.976896512625893720e-03 -3.658059615181730173e-03 -3.332073349584185884e-03 -3.002357171089653498e-03 -2.672880029537916258e-03 -2.347562396571190035e-03 -2.027851065670827069e-03 -1.719308586179524312e-03 -1.424328735469271301e-03 -1.146237649973680384e-03 -8.884989031364698420e-04 -6.547320461031125305e-04 -4.481302146929211361e-04 -2.731975958346621880e-04 -1.349401017073370568e-04 -3.976718651799160398e-05 0.000000000000000000e+00 -4.007515849380194339e-05 -1.374233556489246055e-04 -2.817450113230535180e-04 -4.683452859922665468e-04 -6.941852710279361460e-04 -9.569195578027489546e-04 -1.255052709003390277e-03 -1.586955655429100887e-03 -1.950909147550805578e-03 -2.345356381067698059e-03 -2.768735318360637798e-03 -3.220580787979931969e-03 -3.698999243937239889e-03 -4.201989455536070395e-03 -4.727846513344680091e-03 -5.276255526141304664e-03 -5.844145153907520651e-03 -6.429612959611530343e-03 -7.031168859707670471e-03 -7.645607332695814051e-03 -8.270724000407403409e-03 -8.904647517861907779e-03 -9.544524938614351584e-03 -1.018794235599806974e-02 -1.082929752793815315e-02 -1.146790323647461918e-02 -1.209882636553283319e-02 -1.271878670297055258e-02 -1.332599002447276693e-02 -1.390998809873367215e-02 -1.447478330254492462e-02 -1.500574051582836965e-02 -1.550721544012334530e-02 -1.596716138366671700e-02 -1.638350335223803800e-02 -1.675040907763736264e-02 -1.705645085090012891e-02 -1.730386528049876471e-02 -1.747267372244165617e-02 -1.757341478909157928e-02 -1.757567873058485386e-02 -1.749726973400744789e-02 -1.729779524855012962e-02 -1.699924795441942749e-02 -1.656296642514054618e-02 -1.600443352980329692e-02 -1.529264984146527784e-02 -1.442188121917631349e-02 -1.339233903384673408e-02 -1.214975805036211387e-02 -1.075966995826194150e-02 -9.076790434045189926e-03 -7.257823304405941478e-03 -5.071354350199230865e-03 -2.699982774107767547e-03 1.422142410922866418e-05 3.044092202317383311e-03 6.336250987120095601e-03 1.016952758991240824e-02 1.420245131318298437e-02 1.891237627236053154e-02 2.399022022547425692e-02 2.954457342886096516e-02 3.596638291815135169e-02 4.264969714492139463e-02 5.063426274453086684e-02 5.929240114170053477e-02 6.867453174816551265e-02 8.082928843138859065e-02 9.363487901413458658e-02
-5.831061115068369993e-03 -6.084679820316241106e-03 -6.247179469946906316e-03 -6.332171846113010538e-03 -6.347009396644009982e-03 -6.298476424847376798e-03 -6.195873074654634216e-03 -6.044383572395339854e-03 -5.852769761113596481e-03 -5.625915141165838129e-03 -5.367164996891160555e-03 -5.083185544871526851e-03 -4.780459575879691947e-03 -4.458959232785941751e-03 -4.125971336248590582e-03 -3.784597826548163901e-03 -3.438214738861078423e-03 -3.090751053453577590e-03 -2.746117676964088261e-03 -2.405550161172720358e-03 -2.074702948890894127e-03 -1.755788973137217823e-03 -1.452003082227593111e-03 -1.166647362556672007e-03 -9.031316077943163378e-04 -6.642048325089522365e-04 -4.539022793271785261e-04 -2.763830109384635136e-04 -1.362155828491529164e-04 -4.007515849380194339e-05 0.000000000000000000e+00 -4.037105201581958625e-05 -1.385146247883106696e-04 -2.840304281711558687e-04 -4.721168327151969990e-04 -6.995620066467811426e-04 -9.642807309172551911e-04 -1.264310992782458065e-03 -1.597739343896398267e-03 -1.962847983562610032e-03 -2.357956863580534801e-03 -2.782360574439035616e-03 -3.234157915708246733e-03 -3.711344680308759081e-03 -4.212174565621507050e-03 -4.736070756554466854e-03 -5.280138119060362456e-03 -5.842460997283360769e-03 -6.421335189799592946e-03 -7.013697364201321172e-03 -7.617388193316032563e-03 -8.230242046559088642e-03 -8.849613095171626753e-03 -9.473088577115262865e-03 -1.009485052260972182e-02 -1.071447815844761564e-02 -1.132681393516710155e-02 -1.192863251017117765e-02 -1.251824252622490974e-02 -1.308492106441849767e-02 -1.363301762074298207e-02 -1.414752282555764573e-02 -1.463308993444689676e-02 -1.507746022266664987e-02 -1.547864688160949243e-02 -1.583079246998952971e-02 -1.612240396568420664e-02 -1.635582867237650451e-02 -1.651087583216370724e-02 -1.659829405885304698e-02 -1.658739678122089778e-02 -1.649623955663293007e-02 -1.628415888016343516e-02 -1.597336664501314285e-02 -1.552492400751992463e-02 -1.495447031991348208e-02 -1.423085573917193258e-02 -1.334833892004205769e-02 -1.230716638065310065e-02 -1.105279618539878328e-02 -9.651116590604247314e-03 -7.956117166633691618e-03 -6.125283765069156061e-03 -3.926168171166533050e-03 -1.542169613145349949e-03 1.185360807204993705e-03 4.229141267098390777e-03 7.535586590537768359e-03 1.138472699355974616e-02 1.543367237352133436e-02 2.016180100022235688e-02 2.525876726038089881e-02 3.083371941789059267e-02 3.727931316430044273e-02 4.398703118137037293e-02 5.200121493799325645e-02 6.069144453731678546e-02 7.010844485623235478e-02 8.230947516855047219e-02 9.516366190831182514e-02
-6.425103078768201748e-03 -6.678562543327104528e-03 -6.839853031297971064e-03 -6.922660372208455648e-03 -6.934288873735594549e-03 -6.881471920201609471e-03 -6.773553897979289751e-03 -6.615653723918701878e-03 -6.416606825792037228e-03 -6.181256127702816627e-03 -5.912872322744400222e-03 -5.618168454505356735e-03 -5.303692160642414777e-03 -4.969214698363089155e-03 -4.622134384394738227e-03 -4.265496219743147854e-03 -3.902640586407546408e-03 -3.537460925234214848e-03 -3.173867713850642147e-03 -2.812902813130624402e-03 -2.460323504553163509e-03 -2.118184410561996245e-03 -1.789579267780228022e-03 -1.477691832094230051e-03 -1.185786843964198312e-03 -9.162739417931664576e-04 -6.728994790605735687e-04 -4.593327588284790153e-04 -2.791842009560729920e-04 -1.374233556489246055e-04 -4.037105201581958625e-05 0.000000000000000000e+00 -4.062088301937105683e-05 -1.394468794956305047e-04 -2.859726781119231731e-04 -4.752376182423079243e-04 -7.042129671208652297e-04 -9.704240867783875402e-04 -1.271655449550102013e-03 -1.605962847270103744e-03 -1.971504430903436855e-03 -2.367314051818447673e-03 -2.791454948140259518e-03 -3.241899855345842241e-03 -3.716848252120374951e-03 -4.215468632672969562e-03 -4.735017290451337679e-03 -5.273557994559197049e-03 -5.829184685376520569e-03 -6.398959818908367403e-03 -6.980759529535029984e-03 -7.572143561757060937e-03 -8.170651842036913415e-03 -8.773869480659390874e-03 -9.375784614048088272e-03 -9.976213119278654062e-03 -1.056979162559201768e-02 -1.115334285413049908e-02 -1.172526671652729391e-02 -1.227459368168470899e-02 -1.280598312986991338e-02 -1.330408917841996441e-02 -1.377383019224021066e-02 -1.420275657704928030e-02 -1.458895936899640144e-02 -1.492655710263446345e-02 -1.520399980384923300e-02 -1.542373047945799769e-02 -1.556536813163422739e-02 -1.563984499091475300e-02 -1.561622878683932569e-02 -1.551279410133932224e-02 -1.528864155818732140e-02 -1.496617007214318118e-02 -1.450619283286536110e-02 -1.392448253840805616e-02 -1.318975590750470772e-02 -1.229626012894624587e-02 -1.124426835358716126e-02 -9.978990171082724459e-03 -8.566620904704613793e-03 -6.860502235208620903e-03 -5.018805370999079862e-03 -2.808160705351725461e-03 -4.126672135349451764e-04 2.326976430930494111e-03 5.383395127595780316e-03 8.702826409458519485e-03 1.256640419888754856e-02 1.662995427648217284e-02 2.137472633659032173e-02 2.648922643161988333e-02 3.208313669492302012e-02 3.855073012248233510e-02 4.528109720573414432e-02 5.332294702622120131e-02 6.204328819588700306e-02 7.149316403353744853e-02 8.373819598410514597e-02 9.663880093038756947e-02
-7.050706338824763719e-03 -7.303446479137831737e-03 -7.463015452038423980e-03 -7.543170219015071787e-03 -7.551167344189924080e-03 -7.493689817843929291e-03 -7.380125026902772944e-03 -7.215527494866202929e-03 -7.008804781824085062e-03 -6.764759910674711385e-03 -6.486592358335485642e-03 -6.181061902284290532e-03 -5.854780521068803090e-03 -5.507325939201668241e-03 -5.146206864739655273e-03 -4.774416033216266619e-03 -4.395264797107611976e-03 -4.012614079928367161e-03 -3.630381102448398956e-03 -3.249428772115203756e-03 -2.875624451343039567e-03 -2.510881431726952329e-03 -2.158214210038367220e-03 -1.820718331423831771e-03 -1.501556526936842495e-03 -1.202864997266628322e-03 -9.282044972694913909e-04 -6.809349204389691934e-04 -4.640665424893164470e-04 -2.817450113230535180e-04 -1.385146247883106696e-04 -4.062088301937105683e-05 0.000000000000000000e+00 -4.083724742520722373e-05 -1.402424594267870361e-04 -2.875651376642585078e-04 -4.779545309487875926e-04 -7.080669509619275104e-04 -9.752001149385680634e-04 -1.277079214997867140e-03 -1.611635127277910584e-03 -1.977607430320493798e-03 -2.372987567677564691e-03 -2.795699584510091817e-03 -3.243872078740772658e-03 -3.716423440392468969e-03 -4.210734541399974162e-03 -4.724839714539630364e-03 -5.256642287541746228e-03 -5.803313161170775558e-03 -6.362753596678816237e-03 -6.932268006181185882e-03 -7.509560122498371015e-03 -8.092209276224338055e-03 -8.674031498934087203e-03 -9.255048997442893999e-03 -9.829711186096434794e-03 -1.039488182830150542e-02 -1.094904023420750772e-02 -1.148099856027462451e-02 -1.199568829527031255e-02 -1.247746515855741034e-02 -1.293147970696506555e-02 -1.334511283961159478e-02 -1.371652291837777149e-02 -1.403980555765815819e-02 -1.430336227531758819e-02 -1.450971652776666954e-02 -1.463831923159253368e-02 -1.470025942562458443e-02 -1.466439069069014334e-02 -1.454917377101794251e-02 -1.431350900545369509e-02 -1.397994961433202121e-02 -1.350909068955041814e-02 -1.291681474786199324e-02 -1.217172228311724780e-02 -1.126804464954433982e-02 -1.020607295944109261e-02 -8.930796934633722373e-03 -7.508668691854625266e-03 -5.792461356336930933e-03 -3.940933359124709767e-03 -1.719907897281158782e-03 6.859180844499546126e-04 3.436430984342764283e-03 6.504185308967236345e-03 9.835271060144701316e-03 1.371182799576076139e-02 1.778853486079179369e-02 2.254835828647350215e-02 2.767877250357775321e-02 3.328996921172577839e-02 3.977774660773192306e-02 4.652897839843916916e-02 5.459651239238927367e-02 6.334495720513366734e-02 7.282568802934019647e-02 8.511242573359545371e-02 9.805725089053118904e-02
-7.707568965604871813e-03 -7.959048928300904713e-03 -8.116401303067344308e-03 -8.193451311788280123e-03 -8.197408135738326607e-03 -8.134904845174206756e-03 -8.015370548178468724e-03 -7.843796198134911357e-03 -7.629159951336728085e-03 -7.376225456943052983e-03 -7.088124103312498647e-03 -6.771662086418772653e-03 -6.433514939434337165e-03 -6.073073714861432215e-03 -5.697955966195711319e-03 -5.311106159197609422e-03 -4.915812351802828495e-03 -4.515904918313995431e-03 -4.115313522331631724e-03 -3.714734805088437675e-03 -3.320150811261801671e-03 -2.933346653807289428e-03 -2.557273927116687773e-03 -2.194961778206994119e-03 -1.849500928432057378e-03 -1.522798396466629178e-03 -1.218293859638563958e-03 -9.391413629425970910e-04 -6.879322686781375040e-04 -4.683452859922665468e-04 -2.840304281711558687e-04 -1.394468794956305047e-04 -4.083724742520722373e-05 0.000000000000000000e+00 -4.101874718676068454e-05 -1.408719091903209986e-04 -2.889495954123688648e-04 -4.801578846455045735e-04 -7.109463018838413362e-04 -9.785284461228949127e-04 -1.280503657455689392e-03 -1.615262048768606462e-03 -1.980673973243640695e-03 -2.374580818611859989e-03 -2.795018086685363556e-03 -3.240654897751160668e-03 -3.708967050036315882e-03 -4.197948567230880279e-03 -4.705322024989855301e-03 -5.228348225837398111e-03 -5.764942294055996896e-03 -6.312172078395850150e-03 -6.867882490208532253e-03 -7.429642967164085121e-03 -7.991119078075481497e-03 -8.552508496736832555e-03 -9.108091964331266333e-03 -9.654767020650822928e-03 -1.019108021854286950e-02 -1.070565386514232831e-02 -1.120365327145955714e-02 -1.166917418594581868e-02 -1.210756600179774267e-02 -1.250606163642986601e-02 -1.286287608287761675e-02 -1.317208308852269028e-02 -1.342204416944114964e-02 -1.361534774071138099e-02 -1.373129903267145124e-02 -1.378111670501924735e-02 -1.373347211507613963e-02 -1.360697884995665241e-02 -1.336037298637005044e-02 -1.301632887711900999e-02 -1.253525375849939838e-02 -1.193311609939640139e-02 -1.117841758958493248e-02 -1.026536929342047877e-02 -9.194271481106519595e-03 -7.909922959949078347e-03 -6.478981691430685252e-03 -4.753732583727465766e-03 -2.893421864722078851e-03 -6.631811574357993067e-04 1.751797716135650163e-03 4.511918054605379425e-03 7.589687174147874416e-03 1.093107769505663462e-02 1.481913622756891868e-02 1.890753319121230014e-02 2.368079598420314014e-02 2.882548486695013512e-02 3.445227659888738803e-02 4.095840163404584899e-02 4.772869408503777056e-02 5.581990970839545430e-02 6.459443024122402122e-02 7.410397656214473550e-02 8.643010569919062913e-02 9.941693702496523510e-02
-8.395207913655999832e-03 -8.644908999702938246e-03 -8.799570008256707432e-03 -8.873081600144772096e-03 -8.872605899501229132e-03 -8.804726487530833978e-03 -8.678912890167311822e-03 -8.500093232690408840e-03 -8.277314674502878056e-03 -8.015301897252191665e-03 -7.717121113379965536e-03 -7.389624449345322255e-03 -7.039549992459925853e-03 -6.666108561998451698e-03 -6.277024678691622839e-03 -5.875197994993808237e-03 -5.463898305179903936e-03 -5.046926601988466210e-03 -4.628229578238274300e-03 -4.208348739083822565e-03 -3.793383513339687596e-03 -3.385001257189879098e-03 -2.986103176579213425e-03 -2.599668298841950609e-03 -2.228737027360816469e-03 -1.875018394050131931e-03 -1.541873849919217498e-03 -1.232316377790754203e-03 -9.486228571425892042e-04 -6.941852710279361460e-04 -4.721168327151969990e-04 -2.859726781119231731e-04 -1.402424594267870361e-04 -4.101874718676068454e-05 0.000000000000000000e+00 -4.115205705368385480e-05 -1.414285993381891871e-04 -2.900456342266322096e-04 -4.817183170346961418e-04 -7.127908933178828121e-04 -9.803501023631921996e-04 -1.282342613976750201e-03 -1.616446718985309339e-03 -1.980374119475047934e-03 -2.372036677973476948e-03 -2.789849569917346450e-03 -3.231350005735156294e-03 -3.694478083891117315e-03 -4.176783550266738310e-03 -4.675597044759949306e-03 -5.188835122128754307e-03 -5.713347061437001884e-03 -6.247095554847925669e-03 -6.787635468818664641e-03 -7.328503257765461854e-03 -7.870040672584233121e-03 -8.406378151790905306e-03 -8.934439476450228845e-03 -9.452825998327862855e-03 -9.949998696283102184e-03 -1.043131798658614162e-02 -1.088065826329343011e-02 -1.130353403637240906e-02 -1.168705185864948870e-02 -1.202947250070174334e-02 -1.232484883299944656e-02 -1.256151091195489844e-02 -1.274209641510237745e-02 -1.284578747038023216e-02 -1.288390485429280474e-02 -1.282496992362991417e-02 -1.268771540692270605e-02 -1.243074949354316949e-02 -1.207683411232396420e-02 -1.158621919348223894e-02 -1.097493500286239598e-02 -1.021140201988190999e-02 -9.289806485766716193e-03 -8.210448914716117486e-03 -6.917966443388712250e-03 -5.479171353213740936e-03 -3.745941531806407099e-03 -1.877910467713461706e-03 3.603649322879709516e-04 2.783302204434678906e-03 5.551752660173936427e-03 8.638199908663102278e-03 1.198852967641628187e-02 1.588659545161508202e-02 1.998519949144028640e-02 2.477027226010841687e-02 2.992757911514065672e-02 3.556825715939115895e-02 4.209087535978017769e-02 4.887840710693536206e-02 5.699128335736469708e-02 6.578983372939195551e-02 7.532613874822768896e-02 8.768932668597384517e-02 1.007159340045676865e-01
-9.112509015513969857e-03 -9.359950778742187616e-03 -9.511482138387039598e-03 -9.581056443939250933e-03 -9.575789044725335764e-03 -9.502214413981024954e-03 -9.369841188223371198e-03 -9.183535319869151614e-03 -8.952411361096035414e-03 -8.681155322858069567e-03 -8.372770953546493367e-03 -8.034155698147027458e-03 -7.672109055151477008e-03 -7.285667638409543123e-03 -6.882660839029219879e-03 -6.465946512280718039e-03 -6.038780652522501846e-03 -5.604935422571899473e-03 -5.168378287900843304e-03 -4.729505502337416623e-03 -4.294535233708374200e-03 -3.865025484690365332e-03 -3.443836866407812280e-03 -3.033910745000700793e-03 -2.638253374212529145e-03 -2.258398637538183706e-03 -1.897659587391853364e-03 -1.558951264700625394e-03 -1.244301688067439571e-03 -9.569195578027489546e-04 -6.995620066467811426e-04 -4.752376182423079243e-04 -2.875651376642585078e-04 -1.408719091903209986e-04 -4.115205705368385480e-05 0.000000000000000000e+00 -4.129511579331612836e-05 -1.418835700697229640e-04 -2.908012557057970682e-04 -4.826405673133971064e-04 -7.136178131555981352e-04 -9.810653969911653505e-04 -1.282359821841883019e-03 -1.615014409519166527e-03 -1.976773780778873224e-03 -2.365786131790836855e-03 -2.779611068246423677e-03 -3.216117307480614862e-03 -3.672686949030112835e-03 -4.146698433593387634e-03 -4.636055811845118946e-03 -5.137406661759102988e-03 -5.648807172494718642e-03 -6.167792259267668165e-03 -6.687790136681082132e-03 -7.209254730964786972e-03 -7.726184237703437319e-03 -8.235520846992860911e-03 -8.735907974901868656e-03 -9.215673723756534486e-03 -9.680334564259651664e-03 -1.011358219459168595e-02 -1.052106224341442520e-02 -1.088977652273015462e-02 -1.121802059115029060e-02 -1.149982735228416431e-02 -1.172350395187926608e-02 -1.189172145911221445e-02 -1.198356159746249983e-02 -1.201041950265446800e-02 -1.194069896671090536e-02 -1.179321784997056088e-02 -1.152649309996878202e-02 -1.116334034527899366e-02 -1.066388299186826760e-02 -1.004418870105328043e-02 -9.272614472361828675e-03 -8.343317110117709490e-03 -7.256588360950555483e-03 -5.956933158073662860e-03 -4.511266088200072133e-03 -2.771139911185160898e-03 -8.964738997170318413e-04 1.348631871168404217e-03 3.778309518581490778e-03 6.553788898207013602e-03 9.647553659947405436e-03 1.300543342193116736e-02 1.691198779636837735e-02 2.101929225804621826e-02 2.581452143254536757e-02 3.098276587004400451e-02 3.663559817347916692e-02 4.317283155208073708e-02 4.997575885380500793e-02 5.810825214860504406e-02 6.692876500805355899e-02 7.648975165080951211e-02 8.888764583516928219e-02 1.019517819913162704e-01
-9.862639079183721513e-03 -1.010718931397980302e-02 -1.025500369379728216e-02 -1.032009520347576537e-02 -1.030953273538226522e-02 -1.022980206412515969e-02 -1.009044940791015144e-02 -9.896279222456061397e-03 -9.656471504475905299e-03 -9.375673785948834826e-03 -9.056830171559338005e-03 -8.706882468405008346e-03 -8.332689967743722725e-03 -7.933121469676063242e-03 -7.516108373161523026e-03 -7.084469517361968727e-03 -6.641451330980263634e-03 -6.190796885917171366e-03 -5.736497429197573439e-03 -5.278813632094259134e-03 -4.824082018434983077e-03 -4.373758310074693512e-03 -3.930670355419163542e-03 -3.497731609124588026e-03 -3.077926501597660902e-03 -2.672631262720215339e-03 -2.285131997663558678e-03 -1.918275861474416644e-03 -1.573886090022069695e-03 -1.255052709003390277e-03 -9.642807309172551911e-04 -7.042129671208652297e-04 -4.779545309487875926e-04 -2.889495954123688648e-04 -1.414285993381891871e-04 -4.129511579331612836e-05 0.000000000000000000e+00 -4.137896711142730055e-05 -1.421034132789156246e-04 -2.910725849218920303e-04 -4.827496956746335499e-04 -7.135066535418621569e-04 -9.802308269413195774e-04 -1.280129134883623010e-03 -1.610713600468938189e-03 -1.969841772537672675e-03 -2.355045887736606502e-03 -2.764100093222365828e-03 -3.194222682383340839e-03 -3.642813354335472376e-03 -4.107746815089852177e-03 -4.585487627260631527e-03 -5.074157292951908538e-03 -5.571264316228452529e-03 -6.070152318124688584e-03 -6.571350770354533744e-03 -7.068746187306462758e-03 -7.559290139471652736e-03 -8.041653462860343105e-03 -8.504063905478420615e-03 -8.952149253055319278e-03 -9.369462739255651762e-03 -9.761742165184106312e-03 -1.011590933093797773e-02 -1.043028198782924854e-02 -1.069887408537917306e-02 -1.090997960947159839e-02 -1.106628482820792847e-02 -1.114679702906462566e-02 -1.116295390706956159e-02 -1.108307876859437879e-02 -1.092603566476868515e-02 -1.065029213812707098e-02 -1.027867876093557786e-02 -9.771227568810325614e-03 -9.144015688275497489e-03 -8.365356827637393522e-03 -7.429373029103847337e-03 -6.336336936574316070e-03 -5.030654815062818308e-03 -3.579284217705591686e-03 -1.833546014240350353e-03 4.647037846905455183e-05 2.296987671019157240e-03 4.731972316882604446e-03 7.512953812962352984e-03 1.061244294506391572e-02 1.397624825261001291e-02 1.788952132005749984e-02 2.200377123268171253e-02 2.680723699010822969e-02 3.198447043756724728e-02 3.764745171000738466e-02 4.419713212866882568e-02 5.101332747175912896e-02 5.916308789685398306e-02 6.800318948640893257e-02 7.758647655861805603e-02 9.001639464787380973e-02 1.031155012149321815e-01
-1.064490182075639169e-02 -1.088593354445810402e-02 -1.102944824810259128e-02 -1.108951550949044407e-02 -1.107315806868658381e-02 -1.098681339070961549e-02 -1.084006372660117901e-02 -1.063765266138150256e-02 -1.038882365070770142e-02 -1.009818585867894303e-02 -9.768626481314046650e-03 -9.407130621916892643e-03 -9.020615611076143736e-03 -8.607788649257930302e-03 -8.176680067022989995e-03 -7.730072200509030544e-03 -7.271205845976513871e-03 -6.803794267920881822e-03 -6.331854990564766972e-03 -5.855522154147863034e-03 -5.381249377619079510e-03 -4.910396045908149709e-03 -4.445763614595477087e-03 -3.990245414753013087e-03 -3.546813682069216433e-03 -3.116700654909210222e-03 -2.703181444031144132e-03 -2.309057080560950048e-03 -1.935977045753323189e-03 -1.586955655429100887e-03 -1.264310992782458065e-03 -9.704240867783875402e-04 -7.080669509619275104e-04 -4.801578846455045735e-04 -2.900456342266322096e-04 -1.418835700697229640e-04 -4.137896711142730055e-05 0.000000000000000000e+00 -4.140727893608975307e-05 -1.421255963781620224e-04 -2.909237622916727162e-04 -4.823425784870050137e-04 -7.124159409841457347e-04 -9.778593998863716052e-04 -1.275848223928344183e-03 -1.603904701361402729e-03 -1.959470155093123722e-03 -2.340192590755574287e-03 -2.743125591284090170e-03 -3.165659206651239010e-03 -3.605618922089881551e-03 -4.059304055713641723e-03 -4.524870850766582464e-03 -4.999793729508650308e-03 -5.477355712913967167e-03 -5.958123057182795890e-03 -6.435891628167711431e-03 -6.907612631571247164e-03 -7.371968740711887236e-03 -7.817121158865680819e-03 -8.248762014039345836e-03 -8.650352211028722316e-03 -9.027680850537511681e-03 -9.367615502839043984e-03 -9.668482845658576963e-03 -9.924278844021583446e-03 -1.012329451181148698e-02 -1.026821215854079039e-02 -1.033799183883088446e-02 -1.034408037303313765e-02 -1.025475947610188232e-02 -1.008889844538274350e-02 -9.804959339149266206e-03 -9.425746900705411768e-03 -8.911238700846868532e-03 -8.277491923312618738e-03 -7.492798180303794631e-03 -6.551239090165528189e-03 -5.453057303454689198e-03 -4.142595599245235682e-03 -2.686792083920530594e-03 -9.368336659293374780e-04 9.471416855734160478e-04 3.201538654320934540e-03 5.640283959864045293e-03 8.425123906259601725e-03 1.152862498974582817e-02 1.489661151565691011e-02 1.881470735444579212e-02 2.293402361648277932e-02 2.774367522716425505e-02 3.292781822854118357e-02 3.859881108959228868e-02 4.515863240554640612e-02 5.198583401946521576e-02 6.015036952484487109e-02 6.900754551298771133e-02 7.861061392735679831e-02 9.106972860167350525e-02 1.042011126180344416e-01
-1.145521786589165369e-02 -1.169228092575680389e-02 -1.183108418344480661e-02 -1.188575117397683290e-02 -1.186325873620297511e-02 -1.176999636654496584e-02 -1.161558101460680170e-02 -1.140469594159088107e-02 -1.114664635993567465e-02 -1.084600317552208981e-02 -1.050559903778602866e-02 -1.013246144418078476e-02 -9.733564264562621915e-03 -9.307458466096152350e-03 -8.862270667816085634e-03 -8.400748873802932337e-03 -7.926131626042942635e-03 -7.442101744200013691e-03 -6.952705140632065017e-03 -6.457957159245020229e-03 -5.964427308309039333e-03 -5.473383575536838741e-03 -4.987606232621955016e-03 -4.509974770168234670e-03 -4.043456872813488978e-03 -3.589151549681646181e-03 -3.150335081635868839e-03 -2.729778608843047571e-03 -2.328980444689321416e-03 -1.950909147550805578e-03 -1.597739343896398267e-03 -1.271655449550102013e-03 -9.752001149385680634e-04 -7.109463018838413362e-04 -4.817183170346961418e-04 -2.908012557057970682e-04 -1.421034132789156246e-04 -4.140727893608975307e-05 0.000000000000000000e+00 -4.139026821570190862e-05 -1.419709905586818977e-04 -2.905212492891884324e-04 -4.813332341727649677e-04 -7.102699441826620941e-04 -9.739889870717943765e-04 -1.269591533387570692e-03 -1.594345239925742952e-03 -1.945727509391703691e-03 -2.320615497066857991e-03 -2.716354929100162074e-03 -3.130699243492185424e-03 -3.559794311990160942e-03 -4.001801280292482943e-03 -4.454151501889658249e-03 -4.910086914587385998e-03 -5.370174958682416566e-03 -5.828138368005997272e-03 -6.280918522152956207e-03 -6.727195423507748018e-03 -7.155093129045719813e-03 -7.570326002386384978e-03 -7.956303150578825090e-03 -8.318828392805621696e-03 -8.644737683348835411e-03 -8.932354635939554477e-03 -9.175657893500388518e-03 -9.362944431804298695e-03 -9.496875407390081847e-03 -9.556387787860720628e-03 -9.552907624674977782e-03 -9.454709682240380886e-03 -9.280631904546643440e-03 -8.989170076242558594e-03 -8.603066642466794534e-03 -8.082277704844487154e-03 -7.442814182987866900e-03 -6.652964591355225998e-03 -5.706765060487062335e-03 -4.604418519791320108e-03 -3.290235844947697608e-03 -1.831079725181816720e-03 -7.809109565970473454e-05 1.808652717639858132e-03 4.065611699657911693e-03 6.506786041048484570e-03 9.294064224213416381e-03 1.240009408764275456e-02 1.577074883626250479e-02 1.969201654908137034e-02 2.381476221963962914e-02 2.862880637586373567e-02 3.381803817270634394e-02 3.949516789767226754e-02 4.606310076477648785e-02 5.289931755633059396e-02 6.107642573264671082e-02 6.994845065507782067e-02 7.956906734045188223e-02 9.205485820270098429e-02 1.052161158783555539e-01
-1.229195956246809107e-02 -1.252464300211919568e-02 -1.265836083632176923e-02 -1.270728799302689449e-02 -1.267835562759755952e-02 -1.257790556960614037e-02 -1.241558815052867804e-02 -1.219602680052123134e-02 -1.192858680484210065e-02 -1.161780086752350893e-02 -1.126644931593467902e-02 -1.088160110444980067e-02 -1.047028510961156567e-02 -1.003090115510019142e-02 -9.571669470603838548e-03 -9.095305683828658339e-03 -8.605049183699309268e-03 -8.104551490587641460e-03 -7.597888678517072947e-03 -7.084964458622611261e-03 -6.572462621913688352e-03 -6.061563981451745242e-03 -5.555031956015699102e-03 -5.055737352408384844e-03 -4.566649468338845885e-03 -4.088742808876943968e-03 -3.625304280813423929e-03 -3.179087547203973685e-03 -2.751456761763249048e-03 -2.345356381067698059e-03 -1.962847983562610032e-03 -1.605962847270103744e-03 -1.277079214997867140e-03 -9.785284461228949127e-04 -7.127908933178828121e-04 -4.826405673133971064e-04 -2.910725849218920303e-04 -1.421255963781620224e-04 -4.139026821570190862e-05 0.000000000000000000e+00 -4.133017736307476042e-05 -1.417271396140229456e-04 -2.897945869319018541e-04 -4.796570838735414455e-04 -7.070968990566806056e-04 -9.686312243223360596e-04 -1.261232715877858013e-03 -1.582142030833622037e-03 -1.928034941600431651e-03 -2.296169994050578644e-03 -2.684200255218205378e-03 -3.088125895993165670e-03 -3.506080577766135242e-03 -3.935441601354172647e-03 -4.369427676612858136e-03 -4.808570908757525686e-03 -5.246537384515082003e-03 -5.680248559141398701e-03 -6.108366769463913215e-03 -6.519007725457326430e-03 -6.917865769554665256e-03 -7.288338246564718403e-03 -7.636207039587006307e-03 -7.948298793496788583e-03 -8.222921955563178287e-03 -8.454038351711989918e-03 -8.629959725301894480e-03 -8.753308816327298736e-03 -8.803023515939312205e-03 -8.790479189168864949e-03 -8.683978179787943397e-03 -8.502290465634776417e-03 -8.203984694554855572e-03 -7.811704519440243466e-03 -7.285417522145620772e-03 -6.641062001542352711e-03 -5.846942357573547966e-03 -4.897044130117378380e-03 -3.791520784229063246e-03 -2.474682861162924574e-03 -1.013261607564208688e-03 7.415599700729691435e-04 2.629874515622132591e-03 4.888070504493580160e-03 7.330334975118257823e-03 1.011862386818795922e-02 1.322569206175250311e-02 1.659749485400030533e-02 2.052027632104014288e-02 2.464480744575270332e-02 2.946144380799842200e-02 3.465393681403827753e-02 4.033532204352396899e-02 4.690933060051183379e-02 5.375256533574168660e-02 6.194003783599433266e-02 7.082468073208392223e-02 8.046060761246931481e-02 9.297054990834685562e-02 1.061592740023202808e-01
-1.315334741322193857e-02 -1.338128008781358513e-02 -1.350957700087440649e-02 -1.355246197840176414e-02 -1.351682067699966350e-02 -1.340894752140320278e-02 -1.323852492753951893e-02 -1.301011693555698123e-02 -1.273314724328666880e-02 -1.241211036143796687e-02 -1.204973639088835480e-02 -1.165313478068197295e-02 -1.122938786562310831e-02 -1.077674915293758140e-02 -1.030352979718540674e-02 -9.812414817510384246e-03 -9.306647309658244716e-03 -8.789846474065332593e-03 -8.266120044162827973e-03 -7.735266762563752785e-03 -7.204082806554046314e-03 -6.673665457094579700e-03 -6.146764919348290945e-03 -5.626247599656575282e-03 -5.115089446758203096e-03 -4.614147650445210580e-03 -4.126727223452864024e-03 -3.655574045091869451e-03 -3.201931248408840247e-03 -2.768735318360637798e-03 -2.357956863580534801e-03 -1.971504430903436855e-03 -1.611635127277910584e-03 -1.280503657455689392e-03 -9.803501023631921996e-04 -7.136178131555981352e-04 -4.827496956746335499e-04 -2.909237622916727162e-04 -1.419709905586818977e-04 -4.133017736307476042e-05 0.000000000000000000e+00 -4.126247383040571037e-05 -1.413461309549557399e-04 -2.886925308848153904e-04 -4.773261876461765141e-04 -7.028404094799878266e-04 -9.617149891049114885e-04 -1.250848918342040150e-03 -1.566669686736466005e-03 -1.906292936195375098e-03 -2.267234794780970120e-03 -2.645351607820867201e-03 -3.038713599726627912e-03 -3.444630308552243392e-03 -3.856312787114735130e-03 -4.274220147930218872e-03 -4.691976928672403346e-03 -5.106473761963714608e-03 -5.516339750951337884e-03 -5.909710201125184525e-03 -6.292217131832700261e-03 -6.647285401574221098e-03 -6.980638343876188756e-03 -7.279115140020775421e-03 -7.540996874662697635e-03 -7.760228871829810693e-03 -7.925146250052028662e-03 -8.038316064209793943e-03 -8.078700868767829668e-03 -8.057595534657124858e-03 -7.943364221558391058e-03 -7.754672486586344782e-03 -7.450200702974529854e-03 -7.052457386830912611e-03 -6.521454335944087966e-03 -5.873030963596037601e-03 -5.075526427256282780e-03 -4.122870559231550658e-03 -3.015157648168065307e-03 -1.696729305148747535e-03 -2.341295245666952241e-04 1.521328933353660595e-03 3.410017616262694951e-03 5.668127133319766919e-03 8.110144382640349647e-03 1.089801829194669835e-02 1.400463641516880298e-02 1.737606924031265265e-02 2.129870896245511513e-02 2.542338423198342579e-02 3.024081561384295291e-02 3.543474556635817230e-02 4.111850851341036783e-02 4.769656101072805576e-02 5.454482060107790353e-02 6.274045392434113300e-02 7.163548891479221137e-02 8.128449317442387745e-02 9.381606828316679803e-02 1.070298576660753120e-01
-1.404706608300565485e-02 -1.426949649846454005e-02 -1.439166539096803366e-02 -1.442784225480453486e-02 -1.438486759494816969e-02 -1.426898885940441897e-02 -1.408991881157073411e-02 -1.385216271125655485e-02 -1.356520035958141968e-02 -1.323348801005552744e-02 -1.285970822382709322e-02 -1.245100943555499384e-02 -1.201452509090572551e-02 -1.154836863776698141e-02 -1.106093813440089946e-02 -1.055488992571596008e-02 -1.003347408959265330e-02 -9.500275531349910985e-03 -8.959434831340318262e-03 -8.410653851637861500e-03 -7.860837368751094623e-03 -7.311002714425418603e-03 -6.763890093253510649e-03 -6.222365185365896778e-03 -5.689414767902967185e-03 -5.165785262355004903e-03 -4.654805695343156025e-03 -4.159221862140349835e-03 -3.680166650386729188e-03 -3.220580787979931969e-03 -2.782360574439035616e-03 -2.367314051818447673e-03 -1.977607430320493798e-03 -1.615262048768606462e-03 -1.282342613976750201e-03 -9.810653969911653505e-04 -7.135066535418621569e-04 -4.823425784870050137e-04 -2.905212492891884324e-04 -1.417271396140229456e-04 -4.126247383040571037e-05 0.000000000000000000e+00 -4.114339742111727816e-05 -1.407653366206629286e-04 -2.871913318402974369e-04 -4.742326154103526648e-04 -6.974950475243657522e-04 -9.533537593734431326e-04 -1.237908956493671830e-03 -1.548051271164752052e-03 -1.881107852019670013e-03 -2.232793648147213261e-03 -2.601066557344822172e-03 -2.983150286072433488e-03 -3.372270420022638326e-03 -3.768762209857223766e-03 -4.166230173865193009e-03 -4.561519866487451225e-03 -4.953206371577256739e-03 -5.329483510249310996e-03 -5.695863340741458281e-03 -6.035852606936953357e-03 -6.355066159568822926e-03 -6.640386019889032987e-03 -6.890049427751954170e-03 -7.097985844971455016e-03 -7.252565732218441141e-03 -7.356276909808556752e-03 -7.388139312023533911e-03 -7.359326517184072713e-03 -7.238311499830341056e-03 -7.043605479101211486e-03 -6.734053720200527948e-03 -6.331979885926930507e-03 -5.797484795223462051e-03 -5.146273019164038232e-03 -4.346744186152551315e-03 -3.392765350539228564e-03 -2.284358314004641954e-03 -9.659384291250683319e-04 4.962136286906781990e-04 2.250536176152451162e-03 4.137827910202895865e-03 6.393910197932672901e-03 8.833723301053919563e-03 1.161910830296386532e-02 1.472312043308443563e-02 1.809199028497110451e-02 2.201211277896619745e-02 2.613457918785055956e-02 3.095024629184517373e-02 3.614302143318726124e-02 4.182650254730402306e-02 4.840573775228051989e-02 5.525621767836841336e-02 6.345693264677076950e-02 7.235925789491315374e-02 8.201823684462150599e-02 9.456798143901923304e-02 1.078035429938386525e-01
-1.496686839564664862e-02 -1.518329493245051953e-02 -1.529887133072171945e-02 -1.532791005650435689e-02 -1.527720671876087177e-02 -1.515296212956329658e-02 -1.496491795674581571e-02 -1.471752118480329496e-02 -1.442030581961717406e-02 -1.407768982497015209e-02 -1.369231043768082134e-02 -1.327135386643085724e-02 -1.282200276817424545e-02 -1.234223571300008260e-02 -1.184053439574739297e-02 -1.131952813011183334e-02 -1.078247672543808378e-02 -1.023292922350416134e-02 -9.675060098367938011e-03 -9.108481055466022269e-03 -8.540202433779953139e-03 -7.971164633234661956e-03 -7.404100569056715209e-03 -6.841878287673019976e-03 -6.287498887456166585e-03 -5.741603410177820166e-03 -5.207549734804417518e-03 -4.688089786616056465e-03 -4.184254783918817111e-03 -3.698999243937239889e-03 -3.234157915708246733e-03 -2.791454948140259518e-03 -2.372987567677564691e-03 -1.980673973243640695e-03 -1.616446718985309339e-03 -1.282359821841883019e-03 -9.802308269413195774e-04 -7.124159409841457347e-04 -4.813332341727649677e-04 -2.897945869319018541e-04 -1.413461309549557399e-04 -4.114339742111727816e-05 0.000000000000000000e+00 -4.097411200554290645e-05 -1.400108590157156385e-04 -2.852188508772890430e-04 -4.704279567830926823e-04 -6.911307475790939847e-04 -9.429404772793859024e-04 -1.222404618256622832e-03 -1.526588987644683648e-03 -1.851051450748264493e-03 -2.193584610227339304e-03 -2.551303004197036373e-03 -2.917459854554493859e-03 -3.292219276155750052e-03 -3.669180862712839719e-03 -4.045130624523052276e-03 -4.418570099984031607e-03 -4.777783256680767643e-03 -5.128112017179553561e-03 -5.453190331386026379e-03 -5.758481311504470845e-03 -6.030935002022896896e-03 -6.268730260528099230e-03 -6.465780792164976809e-03 -6.610502321212075039e-03 -6.705282994866834656e-03 -6.729227911763002723e-03 -6.693354216150582126e-03 -6.566283852358467676e-03 -6.366330751315985026e-03 -6.052550663675049236e-03 -5.647039592627467464e-03 -5.110025877431922936e-03 -4.457048258760587522e-03 -3.656589004599197779e-03 -2.702446285828163930e-03 -1.594557976156374401e-03 -2.774500450861694389e-04 1.182925843930315857e-03 2.934655939610952835e-03 4.819094350702046725e-03 7.071544589094425071e-03 9.507533300554982247e-03 1.228870609495047450e-02 1.538831614088320698e-02 1.875279307224697600e-02 2.266840776813949798e-02 2.678669251234400139e-02 3.159844050115045988e-02 3.678787543225414680e-02 4.246882763710457809e-02 4.904681906521335399e-02 5.589713963880227343e-02 6.410031135083260612e-02 7.300727768132964091e-02 8.267357607826675281e-02 9.523850468967187677e-02 1.084929946303182513e-01
-1.590764626408514015e-02 -1.611773781440395403e-02 -1.622642347430713894e-02 -1.624805630242276422e-02 -1.618938717720730391e-02 -1.605657051844744387e-02 -1.585937562530903566e-02 -1.560219159911235831e-02 -1.529460500305490633e-02 -1.494099545216431846e-02 -1.454395675080277783e-02 -1.411071183380241401e-02 -1.364849093484776787e-02 -1.315514218220525944e-02 -1.263922810434003896e-02 -1.210335239673165919e-02 -1.155078698747469268e-02 -1.098504367709329799e-02 -1.041033174965577679e-02 -9.826178548847819272e-03 -9.239697371922095392e-03 -8.651754245484477579e-03 -8.065077106824913855e-03 -7.482538997802823388e-03 -6.907158283386949371e-03 -6.339475114315984428e-03 -5.782880226399500501e-03 -5.240136766563763260e-03 -4.712181209295840389e-03 -4.201989455536070395e-03 -3.711344680308759081e-03 -3.241899855345842241e-03 -2.795699584510091817e-03 -2.374580818611859989e-03 -1.980374119475047934e-03 -1.615014409519166527e-03 -1.280129134883623010e-03 -9.778593998863716052e-04 -7.102699441826620941e-04 -4.796570838735414455e-04 -2.886925308848153904e-04 -1.407653366206629286e-04 -4.097411200554290645e-05 0.000000000000000000e+00 -4.076628718840957788e-05 -1.390156541889453479e-04 -2.828437235492531343e-04 -4.659772294113295743e-04 -6.832035421681093013e-04 -9.305337811965630479e-04 -1.204662172510695406e-03 -1.500948849972538746e-03 -1.816957819695375065e-03 -2.149662968455201550e-03 -2.492349330007859187e-03 -2.844962841473841486e-03 -3.201107659310031828e-03 -3.557494608898537081e-03 -3.912532209061958532e-03 -4.254620922779062120e-03 -4.588886746748066514e-03 -4.899129965282300603e-03 -5.190622742316408633e-03 -5.450404801997654758e-03 -5.676583166312476614e-03 -5.863055401785555176e-03 -5.998290978424636322e-03 -6.084559844822812202e-03 -6.101076767444535420e-03 -6.058670905592089539e-03 -5.926148837583911089e-03 -5.721588710453917592e-03 -5.404297416588876857e-03 -4.996104915286569970e-03 -4.457401441475772330e-03 -3.803532095545070213e-03 -3.003081633838777798e-03 -2.049773829203016540e-03 -9.434523653067961035e-04 3.712130753608100520e-04 1.828658852327746942e-03 3.576526395731915997e-03 5.456840591051559386e-03 7.704253227209911792e-03 1.013499714270527097e-02 1.291044342240832421e-02 1.600407041080698090e-02 1.936254187379959912e-02 2.327189001375995492e-02 2.738424931074623370e-02 3.219016846166389278e-02 3.737432450799094141e-02 4.305075188663520791e-02 4.962533932789248148e-02 5.647338121150402568e-02 6.467666536615190864e-02 7.358590404487097558e-02 8.325714487400026620e-02 9.583457344654267018e-02 1.091054321237162616e-01
-1.686738097187812091e-02 -1.707083452970648008e-02 -1.717235858393928449e-02 -1.718634444277888917e-02 -1.711949838743276331e-02 -1.697792865381086980e-02 -1.677143090635913047e-02 -1.650433671179785122e-02 -1.618628355806306374e-02 -1.582161261520920181e-02 -1.541287606116215070e-02 -1.496733249510928676e-02 -1.449225808856913211e-02 -1.398537479172645703e-02 -1.345532317491593410e-02 -1.290468262014110579e-02 -1.233673942432578219e-02 -1.175496669361175694e-02 -1.116360930199455925e-02 -1.056211575149224036e-02 -9.957699593474145239e-03 -9.351154767061942152e-03 -8.745206243099823418e-03 -8.142734328764777985e-03 -7.546777160597373246e-03 -6.957777902229733691e-03 -6.379163469432236333e-03 -5.813712449060259857e-03 -5.262272331503115019e-03 -4.727846513344680091e-03 -4.212174565621507050e-03 -3.716848252120374951e-03 -3.243872078740772658e-03 -2.795018086685363556e-03 -2.372036677973476948e-03 -1.976773780778873224e-03 -1.610713600468938189e-03 -1.275848223928344183e-03 -9.739889870717943765e-04 -7.070968990566806056e-04 -4.773261876461765141e-04 -2.871913318402974369e-04 -1.400108590157156385e-04 -4.076628718840957788e-05 0.000000000000000000e+00 -4.046481830577430827e-05 -1.378241144789349448e-04 -2.800967603625581503e-04 -4.603803400126116330e-04 -6.737798189984101072e-04 -9.164308348137417681e-04 -1.183416071726672847e-03 -1.471986179870432565e-03 -1.778929856649846819e-03 -2.097559542281191014e-03 -2.427550716817217236e-03 -2.762517525385144168e-03 -3.099077301933705897e-03 -3.435524177671900325e-03 -3.760399684479276416e-03 -4.078567325392135068e-03 -4.374031600906436168e-03 -4.651834131478849166e-03 -4.899125228546297173e-03 -5.113926282468650442e-03 -5.290117963022145098e-03 -5.416231619741029846e-03 -5.494400344921546164e-03 -5.503972717913474533e-03 -5.455558380640712635e-03 -5.318183863184500204e-03 -5.109653124734658824e-03 -4.789564548339897421e-03 -4.379443767445589941e-03 -3.839877054642282239e-03 -3.185988119803973007e-03 -2.386483930022054167e-03 -1.435008315415209346e-03 -3.313005206341257392e-04 9.797931230252077128e-04 2.433155824730470762e-03 4.175891769018003075e-03 6.050811648828591238e-03 8.291782046742413037e-03 1.071586150122971759e-02 1.348406771641508239e-02 1.657013139826291059e-02 1.992098546078835408e-02 2.382230901511184218e-02 2.792699963169065214e-02 3.272518087418596622e-02 3.790211990431413547e-02 4.357202700181439514e-02 5.014105073091024156e-02 5.698469486198509681e-02 6.518574740979110604e-02 7.409488973300348835e-02 8.376869573484424514e-02 9.635593948450993373e-02 1.096406059601873206e-01
-1.785874942455478731e-02 -1.805462549861736044e-02 -1.814809542091511130e-02 -1.815358523627319531e-02 -1.807775707968084511e-02 -1.792667354775057120e-02 -1.771015473858528200e-02 -1.743247538689485232e-02 -1.710332126207825265e-02 -1.672699496947260833e-02 -1.630600994295039463e-02 -1.584765859262182719e-02 -1.535926016983502063e-02 -1.483841726183166010e-02 -1.429384360318874947e-02 -1.372809604750380164e-02 -1.314447844726196468e-02 -1.254642240136738529e-02 -1.193820895629060796e-02 -1.131921609967090347e-02 -1.069675219482946193e-02 -1.007154185144321090e-02 -9.446309077378534091e-03 -8.823943600462125225e-03 -8.207505548615601221e-03 -7.597345418933976191e-03 -6.996928997676676865e-03 -6.409053892112215323e-03 -5.834484135907480606e-03 -5.276255526141304664e-03 -4.736070756554466854e-03 -4.215468632672969562e-03 -3.716423440392468969e-03 -3.240654897751160668e-03 -2.789849569917346450e-03 -2.365786131790836855e-03 -1.969841772537672675e-03 -1.603904701361402729e-03 -1.269591533387570692e-03 -9.686312243223360596e-04 -7.028404094799878266e-04 -4.742326154103526648e-04 -2.852188508772890430e-04 -1.390156541889453479e-04 -4.046481830577430827e-05 0.000000000000000000e+00 -4.018207422373798465e-05 -1.366391834979330255e-04 -2.768686074614556958e-04 -4.541662434860427311e-04 -6.637410643655083931e-04 -9.002577326733263163e-04 -1.160516794679433694e-03 -1.441054599878532905e-03 -1.735210456999314310e-03 -2.042308586860941411e-03 -2.355987340487364357e-03 -2.672744458052211947e-03 -2.990727727922304346e-03 -3.298663580727501099e-03 -3.601078114522038298e-03 -3.882245112976079326e-03 -4.146911609151593403e-03 -4.382374706828895405e-03 -4.586548501558707081e-03 -4.753296535356277275e-03 -4.871226375150583543e-03 -4.942304033997313439e-03 -4.946052607165740689e-03 -4.892810441198824911e-03 -4.751882945787211376e-03 -4.540736629903951993e-03 -4.219328258142085453e-03 -3.808816096284473041e-03 -3.270039054878992602e-03 -2.617853716495477379e-03 -1.821121789147950309e-03 -8.733979860177099042e-04 2.256997582206210495e-04 1.531094493140927604e-03 2.978212870580532190e-03 4.713470498768246308e-03 6.580652431315225925e-03 8.812622163587247037e-03 1.122745933223856518e-02 1.398569986953113187e-02 1.706137159770071410e-02 2.040173374065923362e-02 2.429192731181595288e-02 2.838587407230819259e-02 3.317298122128686799e-02 3.833932761202152317e-02 4.399925429096607221e-02 5.055899956820164576e-02 5.739460556727749019e-02 6.558943935216166032e-02 7.449447244590123862e-02 8.416683289006110513e-02 9.675943015599108854e-02 1.100536653035415480e-01
-1.886594165466137785e-02 -1.905395782802321580e-02 -1.913912175409127059e-02 -1.913589194344877953e-02 -1.905088651416464440e-02 -1.889012263424616478e-02 -1.866344359643978823e-02 -1.837506764272289761e-02 -1.803472721637977561e-02 -1.764668625442000760e-02 -1.721342115697310771e-02 -1.674225706719767448e-02 -1.624055466979235085e-02 -1.570580127238963009e-02 -1.514678097822463876e-02 -1.456602928104422379e-02 -1.396686964021298660e-02 -1.335269061306043614e-02 -1.272780998961886567e-02 -1.209154040783411155e-02 -1.145128214293134050e-02 -1.080769240325163416e-02 -1.016349581052955475e-02 -9.521593259410709997e-03 -8.885068734515888522e-03 -8.254183183400320978e-03 -7.632443613165951213e-03 -7.022669641183476585e-03 -6.425546051160857530e-03 -5.844145153907520651e-03 -5.280138119060362456e-03 -4.735017290451337679e-03 -4.210734541399974162e-03 -3.708967050036315882e-03 -3.231350005735156294e-03 -2.779611068246423677e-03 -2.355045887736606502e-03 -1.959470155093123722e-03 -1.594345239925742952e-03 -1.261232715877858013e-03 -9.617149891049114885e-04 -6.974950475243657522e-04 -4.704279567830926823e-04 -2.828437235492531343e-04 -1.378241144789349448e-04 -4.018207422373798465e-05 0.000000000000000000e+00 -3.987294070439961757e-05 -1.350352387191611214e-04 -2.730204309427941567e-04 -4.472222112158474872e-04 -6.515543111970112378e-04 -8.821665439984194279e-04 -1.135237852683879112e-03 -1.404095789138026795e-03 -1.687639073652102972e-03 -1.979522274470957299e-03 -2.276095777791420360e-03 -2.575332796413976055e-03 -2.866165357929828517e-03 -3.152731063007174761e-03 -3.419609422119163078e-03 -3.671210321172346802e-03 -3.894997708505321121e-03 -4.088763087570446153e-03 -4.246351164741479778e-03 -4.356453471987320469e-03 -4.420849044734609379e-03 -4.419260102383915090e-03 -4.361720605702834597e-03 -4.217851249578963291e-03 -4.004740921798033426e-03 -3.682746562785443878e-03 -3.272619040167845661e-03 -2.735485415918392782e-03 -2.085906063692299917e-03 -1.292917991843833825e-03 -3.499809057073699492e-04 7.434192751769597152e-04 2.041940568441202863e-03 3.481614664962218164e-03 5.208071691250704127e-03 7.066191746758154757e-03 9.287695045427368790e-03 1.169180786195023192e-02 1.443850132920609930e-02 1.750212897619773944e-02 2.083031311679939268e-02 2.470753599073782780e-02 2.878891314759579600e-02 3.356294462537701140e-02 3.871666530519257687e-02 4.436451690978604478e-02 5.091271412235709448e-02 5.773805424871403247e-02 6.592420133414278460e-02 7.482262933450034570e-02 8.449103704346527799e-02 9.708614956084016256e-02 1.103872434239534517e-01
-1.988621504277354735e-02 -2.006613860775274816e-02 -2.014279323688539236e-02 -2.013066770732019339e-02 -2.003633620353528766e-02 -1.986577062652072900e-02 -1.962883625228883933e-02 -1.932969511577131705e-02 -1.897812477660509867e-02 -1.857835036949206931e-02 -1.813281284929402215e-02 -1.764886903627338466e-02 -1.713391945246711678e-02 -1.658533995695221641e-02 -1.601198233067180343e-02 -1.541636177164651400e-02 -1.480182324808188010e-02 -1.417171075777390321e-02 -1.353037931945755279e-02 -1.287708104979612411e-02 -1.221930530961334860e-02 -1.155764363294919939e-02 -1.089482264069008277e-02 -1.023375592000475010e-02 -9.577552925665644423e-03 -8.926387805127333763e-03 -8.283810781841149939e-03 -7.652666023925225325e-03 -7.033562666347914494e-03 -6.429612959611530343e-03 -5.842460997283360769e-03 -5.273557994559197049e-03 -4.724839714539630364e-03 -4.197948567230880279e-03 -3.694478083891117315e-03 -3.216117307480614862e-03 -2.764100093222365828e-03 -2.340192590755574287e-03 -1.945727509391703691e-03 -1.582142030833622037e-03 -1.250848918342040150e-03 -9.533537593734431326e-04 -6.911307475790939847e-04 -4.659772294113295743e-04 -2.800967603625581503e-04 -1.366391834979330255e-04 -3.987294070439961757e-05 0.000000000000000000e+00 -3.936812570415337831e-05 -1.330556646265135257e-04 -2.686939548880440398e-04 -4.385870544224568235e-04 -6.378575466939873095e-04 -8.621451582521144630e-04 -1.104687119922953542e-03 -1.363862087008338442e-03 -1.633318818585749455e-03 -1.909224531207232012e-03 -2.189344598845122114e-03 -2.462832091784883382e-03 -2.733384069750433021e-03 -2.985918338536008854e-03 -3.224465141146493075e-03 -3.436673131195888686e-03 -3.620195528259873008e-03 -3.768855736684839641e-03 -3.871436037007680575e-03 -3.929508869882747391e-03 -3.923018758504315251e-03 -3.861663172056162274e-03 -3.715412751270075198e-03 -3.500939953242410141e-03 -3.179041853330955014e-03 -2.770023292753998057e-03 -2.235333483075030436e-03 -1.589208517532969545e-03 -8.008803962040733637e-04 1.362919276161056459e-04 1.222964902122258835e-03 2.513498432910710179e-03 3.944588596811016146e-03 5.660986713027060802e-03 7.508784230645493274e-03 9.718422931041970081e-03 1.211039678003256181e-02 1.484403200893447128e-02 1.789403541698664224e-02 2.120842789315813270e-02 2.507091630414848282e-02 2.913797379737825821e-02 3.389700875019230342e-02 3.903615155197825981e-02 4.466991542610876387e-02 5.120438151209494304e-02 5.801731220646999532e-02 6.619239481796690416e-02 7.508181134647595734e-02 8.474384715493266107e-02 9.733873026980266463e-02 1.106440598231474004e-01
-2.093019871230206164e-02 -2.110118761717993952e-02 -2.116853502618576410e-02 -2.114675666570020596e-02 -2.104238318022300103e-02 -2.086134169840647701e-02 -2.061351764152685728e-02 -2.030301747461626949e-02 -1.993966136753466678e-02 -1.952763550295433248e-02 -1.906934805008475564e-02 -1.857218571837548904e-02 -1.804358611916423438e-02 -1.748082000152972881e-02 -1.689280214150745696e-02 -1.628202901935538183e-02 -1.565187000073742229e-02 -1.500562169408037327e-02 -1.434767671446013360e-02 -1.367723432400225203e-02 -1.300186755781973513e-02 -1.232210453396598293e-02 -1.164067537234358962e-02 -1.096050792280389707e-02 -1.028473863215317863e-02 -9.613458187436529911e-03 -8.950261698472683491e-03 -8.298020165981689900e-03 -7.657270868188126300e-03 -7.031168859707670471e-03 -6.421335189799592946e-03 -5.829184685376520569e-03 -5.256642287541746228e-03 -4.705322024989855301e-03 -4.176783550266738310e-03 -3.672686949030112835e-03 -3.194222682383340839e-03 -2.743125591284090170e-03 -2.320615497066857991e-03 -1.928034941600431651e-03 -1.566669686736466005e-03 -1.237908956493671830e-03 -9.429404772793859024e-04 -6.832035421681093013e-04 -4.603803400126116330e-04 -2.768686074614556958e-04 -1.350352387191611214e-04 -3.936812570415337831e-05 0.000000000000000000e+00 -3.889196643291903399e-05 -1.312214436274272700e-04 -2.637820380040345469e-04 -4.297541256944592547e-04 -6.238786671541873829e-04 -8.391649777430565393e-04 -1.073317171933818592e-03 -1.319949516171092796e-03 -1.574993087386733492e-03 -1.835955585355097952e-03 -2.092243454189790519e-03 -2.347029062716110559e-03 -2.585628251939087185e-03 -2.811622285373682750e-03 -3.012877805980029855e-03 -3.186885235797132232e-03 -3.327444356292286187e-03 -3.423441343000543924e-03 -3.476209880695302346e-03 -3.465957494432680974e-03 -3.401991319347152931e-03 -3.254691778305285332e-03 -3.040249412577522570e-03 -2.719969833648749891e-03 -2.313646607145392053e-03 -1.783109228057466744e-03 -1.142222054370090056e-03 -3.604456067840544620e-04 5.689716057671878602e-04 1.646845842665944915e-03 2.927183111296027818e-03 4.347444031156166844e-03 6.051343994584956754e-03 7.886381779639184408e-03 1.008149393795310100e-02 1.245864562194465286e-02 1.517638413245270268e-02 1.820981623920947534e-02 2.150742094911295421e-02 2.535193616649866755e-02 2.940146575677859975e-02 3.414202106193164887e-02 3.926306014042679760e-02 4.487912004976746250e-02 5.139596929481438092e-02 5.819268112386799530e-02 6.635252159602444966e-02 7.522871890958571228e-02 8.488017338319520100e-02 9.747013239029778120e-02 1.107752324636519514e-01
-2.198525884173141431e-02 -2.214694737920741563e-02 -2.220465477507749252e-02 -2.217292124416359034e-02 -2.205823402167272906e-02 -2.186647568146615761e-02 -2.160755042806794535e-02 -2.128550949179741636e-02 -2.091021387297586909e-02 -2.048581063098753319e-02 -2.001467695376668576e-02 -1.950422818974173467e-02 -1.896193714687288701e-02 -1.838497381201520398e-02 -1.778231276082753443e-02 -1.715643287333046274e-02 -1.651072998991109930e-02 -1.584845138356405503e-02 -1.517402763243691499e-02 -1.448661053453326186e-02 -1.379385321844650569e-02 -1.309622204205473928e-02 -1.239645182755566566e-02 -1.169748598571718201e-02 -1.100248925841285086e-02 -1.031147137040777650e-02 -9.628073815034610128e-03 -8.955196380903029940e-03 -8.293307438091868100e-03 -7.645607332695814051e-03 -7.013697364201321172e-03 -6.398959818908367403e-03 -5.803313161170775558e-03 -5.228348225837398111e-03 -4.675597044759949306e-03 -4.146698433593387634e-03 -3.642813354335472376e-03 -3.165659206651239010e-03 -2.716354929100162074e-03 -2.296169994050578644e-03 -1.906292936195375098e-03 -1.548051271164752052e-03 -1.222404618256622832e-03 -9.305337811965630479e-04 -6.737798189984101072e-04 -4.541662434860427311e-04 -2.730204309427941567e-04 -1.330556646265135257e-04 -3.889196643291903399e-05 0.000000000000000000e+00 -3.845444359973360093e-05 -1.288859794269514580e-04 -2.585686236772355429e-04 -4.204609255197278017e-04 -6.070179120264418415e-04 -8.150522110947910903e-04 -1.038065959547584960e-03 -1.271682265010509738e-03 -1.513093792231745560e-03 -1.751969401435959917e-03 -1.990885992675717198e-03 -2.215593439574337076e-03 -2.429168534949566194e-03 -2.619715980192061089e-03 -2.784542557768165949e-03 -2.917420284776151007e-03 -3.007346964041368587e-03 -3.055392524416444822e-03 -3.042055994912695738e-03 -2.976213820877537941e-03 -2.828699234908027549e-03 -2.615172209308291862e-03 -2.297496659366071725e-03 -1.894906459302347912e-03 -1.369653856392094582e-03 -7.351962174019233132e-04 3.875279782061813449e-05 9.590624565648520061e-04 2.026721793917274361e-03 3.295341619275804490e-03 4.703221466670903794e-03 6.392923930859883974e-03 8.213500996077205407e-03 1.039221463838924109e-02 1.275265309632067634e-02 1.545248431090517904e-02 1.846724979952718559e-02 2.174593119572931776e-02 2.557015152204500374e-02 2.959985076425830641e-02 3.431941231985358165e-02 3.941979688731844789e-02 4.501552888900239857e-02 5.151192727753084455e-02 5.828963870979908535e-02 6.643116700469464675e-02 7.529104389684460052e-02 8.492880491550736100e-02 9.751033346889270703e-02 1.108118581566450711e-01
-2.304509215389460852e-02 -2.319732963063769748e-02 -2.324527403348919385e-02 -2.320348797689175679e-02 -2.307841528295340172e-02 -2.287589404464951404e-02 -2.260584608034710286e-02 -2.227226757157896309e-02 -2.188505887203395783e-02 -2.144832772217353245e-02 -2.096442170831658292e-02 -2.044078378700064924e-02 -1.988492043595591063e-02 -1.929390428149713177e-02 -1.867676715703392443e-02 -1.803597121275535287e-02 -1.737494040809717255e-02 -1.669687113244211485e-02 -1.600623223851604937e-02 -1.530213232284549640e-02 -1.459230183029514016e-02 -1.387714668623607484e-02 -1.315940741389831636e-02 -1.244204407313831418e-02 -1.172825080918160623e-02 -1.101795840951613759e-02 -1.031485604349646756e-02 -9.621873950965142974e-03 -8.939414017569813353e-03 -8.270724000407403409e-03 -7.617388193316032563e-03 -6.980759529535029984e-03 -6.362753596678816237e-03 -5.764942294055996896e-03 -5.188835122128754307e-03 -4.636055811845118946e-03 -4.107746815089852177e-03 -3.605618922089881551e-03 -3.130699243492185424e-03 -2.684200255218205378e-03 -2.267234794780970120e-03 -1.881107852019670013e-03 -1.526588987644683648e-03 -1.204662172510695406e-03 -9.164308348137417681e-04 -6.637410643655083931e-04 -4.472222112158474872e-04 -2.686939548880440398e-04 -1.312214436274272700e-04 -3.845444359973360093e-05 0.000000000000000000e+00 -3.770729335927924808e-05 -1.262446014868023880e-04 -2.528459959169060411e-04 -4.085547647059151188e-04 -5.889058627057686124e-04 -7.871294863603939262e-04 -9.984316135009940751e-04 -1.219613751802572921e-03 -1.440595175319692167e-03 -1.663288262731099643e-03 -1.873896738768587866e-03 -2.074942421763203981e-03 -2.254779398739414908e-03 -2.410510702825829910e-03 -2.535874585270270209e-03 -2.619984583464796124e-03 -2.663625233085054056e-03 -2.647608541282986394e-03 -2.580346910770914270e-03 -2.433159994524758396e-03 -2.221137508394144255e-03 -1.906741068495088065e-03 -1.508605517102301619e-03 -9.894396028402585586e-04 -3.622650525431092561e-04 4.029317311863289675e-04 1.313143877512579216e-03 2.369543782197780502e-03 3.625313793058859702e-03 5.019652536177199309e-03 6.693875261790549480e-03 8.498705295973740803e-03 1.065959263483751140e-02 1.300187183692713688e-02 1.568224978981358486e-02 1.867673088893750943e-02 2.193483555880204605e-02 2.573695259844965832e-02 2.974502574314685788e-02 3.444162111004600568e-02 3.951934504962983929e-02 4.509267914262593546e-02 5.156637936673424960e-02 5.832288188223255787e-02 6.644364498704946609e-02 7.528471611156084542e-02 8.490628163933255923e-02 9.747653287459157045e-02 1.107717561996244271e-01
-2.412440910677426942e-02 -2.426622590755833642e-02 -2.430348395559778218e-02 -2.425076473892662232e-02 -2.411446911922832115e-02 -2.390039128561460835e-02 -2.361846871012773796e-02 -2.327264324042688237e-02 -2.287285188127896607e-02 -2.242316291464319100e-02 -2.192589714784654031e-02 -2.138852318447204137e-02 -2.081857817158960788e-02 -2.021304414784341752e-02 -1.958100508762095071e-02 -1.892490801492885399e-02 -1.824820796588255689e-02 -1.755404730772802679e-02 -1.684693336559706101e-02 -1.612593959385055786e-02 -1.539886765795939194e-02 -1.466606521829394438e-02 -1.393027975728977630e-02 -1.319448926183341975e-02 -1.246191840423638286e-02 -1.173242209559832716e-02 -1.100973824497031295e-02 -1.029682912970497632e-02 -9.594033232651510978e-03 -8.904647517861907779e-03 -8.230242046559088642e-03 -7.572143561757060937e-03 -6.932268006181185882e-03 -6.312172078395850150e-03 -5.713347061437001884e-03 -5.137406661759102988e-03 -4.585487627260631527e-03 -4.059304055713641723e-03 -3.559794311990160942e-03 -3.088125895993165670e-03 -2.645351607820867201e-03 -2.232793648147213261e-03 -1.851051450748264493e-03 -1.500948849972538746e-03 -1.183416071726672847e-03 -9.002577326733263163e-04 -6.515543111970112378e-04 -4.385870544224568235e-04 -2.637820380040345469e-04 -1.288859794269514580e-04 -3.770729335927924808e-05 0.000000000000000000e+00 -3.714841377289168634e-05 -1.239787230791211670e-04 -2.462302169318197897e-04 -3.972209812603821888e-04 -5.695928848060693994e-04 -7.579433958737613608e-04 -9.585568664757238011e-04 -1.161599571278815191e-03 -1.368199188565344393e-03 -1.565065200335502560e-03 -1.754074911923031443e-03 -1.923862197446779554e-03 -2.071293186245215523e-03 -2.190065768183591111e-03 -2.269421510255886787e-03 -2.309820488647473802e-03 -2.292432877338712593e-03 -2.225143862390366323e-03 -2.079827487016849830e-03 -1.870926969843811349e-03 -1.561579977743754455e-03 -1.169746485317091356e-03 -6.586587445661651330e-04 -4.084755829547592754e-05 7.133891610738851696e-04 1.611179896391479183e-03 2.653900616249038613e-03 3.894240507702484422e-03 5.272413762765881806e-03 6.928305216186703142e-03 8.714538077612576927e-03 1.085448547709011446e-02 1.317546602809605005e-02 1.583306847310772536e-02 1.880381475711367933e-02 2.203783362122047063e-02 2.581405223071853161e-02 2.979673870085752796e-02 3.446628232635806643e-02 3.951720817326787039e-02 4.506389818710021533e-02 5.151033350505296315e-02 5.824114795453594340e-02 6.633622692464302695e-02 7.515353379963618519e-02 8.475393813665832443e-02 9.730735953715707875e-02 1.105909945686534002e-01
-2.520683082746200121e-02 -2.533794204442796349e-02 -2.536425900238492570e-02 -2.530037974614829377e-02 -2.515266223734125006e-02 -2.492685691379914470e-02 -2.463291559537916786e-02 -2.427472606651415177e-02 -2.386226029932791981e-02 -2.339954693005785735e-02 -2.288888155202262187e-02 -2.233775721575348427e-02 -2.175373995855023335e-02 -2.113372511219502314e-02 -2.048684582286086631e-02 -1.981553492123255822e-02 -1.912328027477339099e-02 -1.841316841884665934e-02 -1.768974534866052384e-02 -1.695205411252098671e-02 -1.620796420636594348e-02 -1.545776637802431797e-02 -1.470421595895021749e-02 -1.395030980454436964e-02 -1.319930401418867305e-02 -1.245097959791752196e-02 -1.170912416588310023e-02 -1.097673334190163441e-02 -1.025408435202390667e-02 -9.544524938614351584e-03 -8.849613095171626753e-03 -8.170651842036913415e-03 -7.509560122498371015e-03 -6.867882490208532253e-03 -6.247095554847925669e-03 -5.648807172494718642e-03 -5.074157292951908538e-03 -4.524870850766582464e-03 -4.001801280292482943e-03 -3.506080577766135242e-03 -3.038713599726627912e-03 -2.601066557344822172e-03 -2.193584610227339304e-03 -1.816957819695375065e-03 -1.471986179870432565e-03 -1.160516794679433694e-03 -8.821665439984194279e-04 -6.378575466939873095e-04 -4.297541256944592547e-04 -2.585686236772355429e-04 -1.262446014868023880e-04 -3.714841377289168634e-05 0.000000000000000000e+00 -3.657506072363148064e-05 -1.206568642232452859e-04 -2.393718896913643590e-04 -3.839161112195732528e-04 -5.479148054604587870e-04 -7.269413630724974595e-04 -9.113423703681622356e-04 -1.101349788318439771e-03 -1.284185075737243054e-03 -1.461010255993433482e-03 -1.620745397946210531e-03 -1.759991124284376873e-03 -1.872394508508290478e-03 -1.947327796962938784e-03 -1.984899078452007082e-03 -1.966661251720958070e-03 -1.899931442044033858e-03 -1.757177748830107689e-03 -1.552148769023986574e-03 -1.248705126461802095e-03 -8.640843780219897852e-04 -3.620827362648126879e-04 2.452946082760476543e-04 9.874146955566320827e-04 1.871548847834358931e-03 2.899289350133504861e-03 4.122792200462521706e-03 5.483359768232110021e-03 7.119332237671138763e-03 8.885375556995644963e-03 1.100261974212346505e-02 1.330051662854614403e-02 1.593343768087929213e-02 1.887845655114217536e-02 2.208635402008918280e-02 2.583445071407575178e-02 2.978954265735245244e-02 3.442961206613526226e-02 3.945127662073677488e-02 4.496878152641958781e-02 5.138519488529247337e-02 5.808761141665719219e-02 6.615399772021346436e-02 7.494449217049403700e-02 8.452066618461273606e-02 9.705376727117465130e-02 1.103224713594758155e-01
-2.628918279385672463e-02 -2.640934408775563735e-02 -2.642450500979620642e-02 -2.634927789208763027e-02 -2.618997781062881725e-02 -2.595231155612798268e-02 -2.564624400588499942e-02 -2.527560910290227447e-02 -2.485041213964900297e-02 -2.437464189407068105e-02 -2.385057020637071368e-02 -2.328571339317864197e-02 -2.268766465065730209e-02 -2.205323627452249191e-02 -2.139160771495485225e-02 -2.070519846493890093e-02 -1.999753086073086106e-02 -1.927163384267571722e-02 -1.853209222622398400e-02 -1.777792312383486006e-02 -1.701706058802421317e-02 -1.624973969268095342e-02 -1.547872441219155792e-02 -1.470703130791251034e-02 -1.393794869761677546e-02 -1.317118549122486826e-02 -1.241057982952653571e-02 -1.165916182900628151e-02 -1.091714937859478152e-02 -1.018794235599806974e-02 -9.473088577115262865e-03 -8.773869480659390874e-03 -8.092209276224338055e-03 -7.429642967164085121e-03 -6.787635468818664641e-03 -6.167792259267668165e-03 -5.571264316228452529e-03 -4.999793729508650308e-03 -4.454151501889658249e-03 -3.935441601354172647e-03 -3.444630308552243392e-03 -2.983150286072433488e-03 -2.551303004197036373e-03 -2.149662968455201550e-03 -1.778929856649846819e-03 -1.441054599878532905e-03 -1.135237852683879112e-03 -8.621451582521144630e-04 -6.238786671541873829e-04 -4.204609255197278017e-04 -2.528459959169060411e-04 -1.239787230791211670e-04 -3.657506072363148064e-05 0.000000000000000000e+00 -3.546715221325325018e-05 -1.171982215626421464e-04 -2.310257901758649979e-04 -3.687148249263971778e-04 -5.247578136625685730e-04 -6.895364092462941130e-04 -8.622392367421127801e-04 -1.030581932303764603e-03 -1.194929329712435262e-03 -1.344484455987449145e-03 -1.475548864696141216e-03 -1.581704439088782443e-03 -1.652453465445180569e-03 -1.687523451441630407e-03 -1.668871680616135222e-03 -1.603206902040410498e-03 -1.463628070570432982e-03 -1.263142406930706230e-03 -9.663776205642848893e-04 -5.898029205786414764e-04 -9.781668849684344025e-05 4.981349749838548391e-04 1.227061848297461566e-03 2.096385470744532853e-03 3.107926811027228453e-03 4.313270541076996700e-03 5.654876785934570549e-03 7.269431860531305745e-03 9.013781245275409582e-03 1.110665270256983028e-02 1.337977417507740796e-02 1.598620489515689691e-02 1.890360293353943177e-02 2.208344303200682202e-02 2.580130021256121786e-02 2.972669366738156516e-02 3.433497736819979274e-02 3.932502851077157580e-02 4.481091982655827088e-02 5.119467322129434006e-02 5.786609747033844009e-02 6.590090679779303517e-02 7.466166382067307428e-02 8.421065942882666189e-02 9.672007935580595461e-02 1.099706296083264867e-01
-2.738059723549046698e-02 -2.748880160075306556e-02 -2.749184782890712331e-02 -2.740435888604531023e-02 -2.723260737722688063e-02 -2.698225699691492174e-02 -2.666328365052306193e-02 -2.627946812279102762e-02 -2.584084624904947614e-02 -2.535136675743598911e-02 -2.481328060772236554e-02 -2.423412534423419196e-02 -2.362151820887370413e-02 -2.297219536722661104e-02 -2.229537726783692442e-02 -2.159347166311631483e-02 -2.087003837702861020e-02 -2.012804537795742643e-02 -1.937211644208614025e-02 -1.860125099041465280e-02 -1.782344121692891470e-02 -1.703886856684888595e-02 -1.625030678020455976e-02 -1.546079325973326313e-02 -1.467364947577576295e-02 -1.388851504950128213e-02 -1.310927944377693333e-02 -1.233900851623959127e-02 -1.157786344122002653e-02 -1.082929752793815315e-02 -1.009485052260972182e-02 -9.375784614048088272e-03 -8.674031498934087203e-03 -7.991119078075481497e-03 -7.328503257765461854e-03 -6.687790136681082132e-03 -6.070152318124688584e-03 -5.477355712913967167e-03 -4.910086914587385998e-03 -4.369427676612858136e-03 -3.856312787114735130e-03 -3.372270420022638326e-03 -2.917459854554493859e-03 -2.492349330007859187e-03 -2.097559542281191014e-03 -1.735210456999314310e-03 -1.404095789138026795e-03 -1.104687119922953542e-03 -8.391649777430565393e-04 -6.070179120264418415e-04 -4.085547647059151188e-04 -2.462302169318197897e-04 -1.206568642232452859e-04 -3.546715221325325018e-05 0.000000000000000000e+00 -3.486818560627380492e-05 -1.139050967218224741e-04 -2.230629289520225100e-04 -3.548465478904194725e-04 -4.993837422925251346e-04 -6.545539263806965380e-04 -8.085545471115951344e-04 -9.608131124724250682e-04 -1.100824456434557064e-03 -1.224537996991958977e-03 -1.325452048167807817e-03 -1.393205340602388098e-03 -1.427095433227165699e-03 -1.409531074735070888e-03 -1.346538462520086021e-03 -1.211922108963259248e-03 -1.017859931647713267e-03 -7.298343382624583597e-04 -3.634591215840865530e-04 1.161896361022707325e-04 6.982885079374057113e-04 1.411446095661239575e-03 2.263247740954321685e-03 3.255766238640878107e-03 4.439941218192577921e-03 5.759523972867275354e-03 7.349337015252310756e-03 9.068667884702175108e-03 1.113353731216559783e-02 1.337822312440650752e-02 1.595429089847033577e-02 1.884004629926594454e-02 2.198773809216902908e-02 2.567093235382822414e-02 2.956224271172769313e-02 3.413397736315626485e-02 3.908758998077521696e-02 4.453691415304839030e-02 5.088267847249905440e-02 5.751788123296863731e-02 6.551536699726701052e-02 7.424059034778640598e-02 8.375659798151258162e-02 9.623582882479375655e-02 1.094620224410339793e-01
-2.846192115146628510e-02 -2.855810966372795967e-02 -2.854900787487602010e-02 -2.844924739748133646e-02 -2.826505823015701413e-02 -2.800206092097357047e-02 -2.767024125561035053e-02 -2.727332692224859745e-02 -2.682138289617241877e-02 -2.631831759634173373e-02 -2.576636218385219834e-02 -2.517307442241067950e-02 -2.454609416706277081e-02 -2.388208429542892919e-02 -2.319030392989007705e-02 -2.247314971151348484e-02 -2.173422022055748748e-02 -2.097642099044982889e-02 -2.020441485761459433e-02 -1.941718705229877884e-02 -1.862278530909100560e-02 -1.782133837262878107e-02 -1.701563035171238525e-02 -1.620872014055363408e-02 -1.540396297814983217e-02 -1.460093056065303596e-02 -1.380356432854901172e-02 -1.301496677613922515e-02 -1.223524381089091673e-02 -1.146790323647461918e-02 -1.071447815844761564e-02 -9.976213119278654062e-03 -9.255048997442893999e-03 -8.552508496736832555e-03 -7.870040672584233121e-03 -7.209254730964786972e-03 -6.571350770354533744e-03 -5.958123057182795890e-03 -5.370174958682416566e-03 -4.808570908757525686e-03 -4.274220147930218872e-03 -3.768762209857223766e-03 -3.292219276155750052e-03 -2.844962841473841486e-03 -2.427550716817217236e-03 -2.042308586860941411e-03 -1.687639073652102972e-03 -1.363862087008338442e-03 -1.073317171933818592e-03 -8.150522110947910903e-04 -5.889058627057686124e-04 -3.972209812603821888e-04 -2.393718896913643590e-04 -1.171982215626421464e-04 -3.486818560627380492e-05 0.000000000000000000e+00 -3.380619758208691650e-05 -1.097403361909332631e-04 -2.143683187485478925e-04 -3.367117160882893145e-04 -4.729466662934944665e-04 -6.116115817562661761e-04 -7.510604871435733187e-04 -8.810378660661921657e-04 -9.970880134086979041e-04 -1.092597174800036264e-03 -1.157328896264298024e-03 -1.190118494764358381e-03 -1.173838941006755121e-03 -1.113795119158211833e-03 -9.845254240026246606e-04 -7.973358397237451101e-04 -5.185995733465453839e-04 -1.630338748768167534e-04 3.035756085930652048e-04 8.710580663031652904e-04 1.567602310370008745e-03 2.400964515537840072e-03 3.373480440229448263e-03 4.535411751163676009e-03 5.831861972459329024e-03 7.395694225304838554e-03 9.088758359810045206e-03 1.112422790894818103e-02 1.333905663621093307e-02 1.588323235890864993e-02 1.873573721290489047e-02 2.184963104408299550e-02 2.549634679695045314e-02 2.935176657310090143e-02 3.388495428411786303e-02 3.880008937498791166e-02 4.421073360556726506e-02 5.051620105239273961e-02 5.711290827314163820e-02 6.507052473079821819e-02 7.375762321226986273e-02 8.323802041593286738e-02 9.568403848820383750e-02 1.088829628029007734e-01
-2.954191237134118353e-02 -2.962533878721829161e-02 -2.960338433219733556e-02 -2.949068606535232284e-02 -2.929343161657749217e-02 -2.901719875832842188e-02 -2.867198135242254864e-02 -2.826145449153727451e-02 -2.779570988175761315e-02 -2.727861542263720906e-02 -2.671238479032411739e-02 -2.610459419901767220e-02 -2.546290346630863954e-02 -2.478390787900930370e-02 -2.407690077013024954e-02 -2.334426894309127309e-02 -2.258965216072028603e-02 -2.181589072231482351e-02 -2.102768657858722356e-02 -2.022401753681768444e-02 -1.941298151206949374e-02 -1.859465622338229984e-02 -1.777183702914730823e-02 -1.694760520157334582e-02 -1.612535046440277675e-02 -1.530457889240843805e-02 -1.448928448472885933e-02 -1.368260733597914669e-02 -1.288460020442971921e-02 -1.209882636553283319e-02 -1.132681393516710155e-02 -1.056979162559201768e-02 -9.829711186096434794e-03 -9.108091964331266333e-03 -8.406378151790905306e-03 -7.726184237703437319e-03 -7.068746187306462758e-03 -6.435891628167711431e-03 -5.828138368005997272e-03 -5.246537384515082003e-03 -4.691976928672403346e-03 -4.166230173865193009e-03 -3.669180862712839719e-03 -3.201107659310031828e-03 -2.762517525385144168e-03 -2.355987340487364357e-03 -1.979522274470957299e-03 -1.633318818585749455e-03 -1.319949516171092796e-03 -1.038065959547584960e-03 -7.871294863603939262e-04 -5.695928848060693994e-04 -3.839161112195732528e-04 -2.310257901758649979e-04 -1.139050967218224741e-04 -3.380619758208691650e-05 0.000000000000000000e+00 -3.279034201852937258e-05 -1.061026037131318489e-04 -2.039690989869002991e-04 -3.199087772780551120e-04 -4.425208630123300679e-04 -5.688420012565087447e-04 -6.888066926540314938e-04 -7.974699800247231352e-04 -8.880657997154539629e-04 -9.504717930773898260e-04 -9.830079167685301655e-04 -9.690435793736629222e-04 -9.130934181978966890e-04 -7.904891950344383744e-04 -6.115866652920409763e-04 -3.437223058085914218e-04 -6.404016332783868393e-07 4.511005186981220660e-04 1.002037990796900147e-03 1.679904124348818861e-03 2.492638340567232547e-03 3.442859714521850911e-03 4.580088797623060870e-03 5.850896742693789676e-03 7.386005884101987107e-03 9.050055759127650923e-03 1.105310832062977866e-02 1.323503089544841860e-02 1.574407549690404196e-02 1.855995553645894969e-02 2.163661148651374599e-02 2.524311241838461672e-02 2.905893357647315600e-02 3.354952741229610957e-02 3.842207701922106811e-02 4.378981273261262075e-02 5.005041432047807604e-02 5.660413678001363635e-02 6.451692298458744368e-02 7.316087868954213036e-02 8.260062027021575215e-02 9.500772228343434822e-02 1.081739230464433543e-01
-3.061339416380537415e-02 -3.068351105302180581e-02 -3.064819350590386460e-02 -3.052208116189414344e-02 -3.031131938616715704e-02 -3.002144340357582042e-02 -2.966245352291796422e-02 -2.923797260050331470e-02 -2.875811694327201629e-02 -2.822671370006879510e-02 -2.764596098273275349e-02 -2.702345189666988112e-02 -2.636686391991938105e-02 -2.567272957196153893e-02 -2.495037255444176871e-02 -2.420217089731058202e-02 -2.343180758050267265e-02 -2.264205526905405108e-02 -2.183765505656964923e-02 -2.101758307662560110e-02 -2.018998285699846740e-02 -1.935488250522321430e-02 -1.851508937681101141e-02 -1.767370788499433854e-02 -1.683416285468863904e-02 -1.599589670254264462e-02 -1.516295649882093421e-02 -1.433852078377917394e-02 -1.352259098024677364e-02 -1.271878670297055258e-02 -1.192863251017117765e-02 -1.115334285413049908e-02 -1.039488182830150542e-02 -9.654767020650822928e-03 -8.934439476450228845e-03 -8.235520846992860911e-03 -7.559290139471652736e-03 -6.907612631571247164e-03 -6.280918522152956207e-03 -5.680248559141398701e-03 -5.106473761963714608e-03 -4.561519866487451225e-03 -4.045130624523052276e-03 -3.557494608898537081e-03 -3.099077301933705897e-03 -2.672744458052211947e-03 -2.276095777791420360e-03 -1.909224531207232012e-03 -1.574993087386733492e-03 -1.271682265010509738e-03 -9.984316135009940751e-04 -7.579433958737613608e-04 -5.479148054604587870e-04 -3.687148249263971778e-04 -2.230629289520225100e-04 -1.097403361909332631e-04 -3.279034201852937258e-05 0.000000000000000000e+00 -3.199495631456272804e-05 -1.011878442169766856e-04 -1.944368609329005793e-04 -2.995877117599743400e-04 -4.119468705005013831e-04 -5.214970901491478017e-04 -6.226837127236706237e-04 -7.085261160804101621e-04 -7.689901221311634671e-04 -8.018226102308734227e-04 -7.909106184582626042e-04 -7.399123528174511577e-04 -6.250019698084141595e-04 -4.555127776336709289e-04 -1.998068868097613304e-04 1.294139250400672125e-04 5.647630094334221695e-04 1.097536880636851286e-03 1.754978623456415754e-03 2.545222584329986937e-03 3.471189678806552159e-03 4.581603108055332108e-03 5.824605298554219601e-03 7.328615009598693497e-03 8.961265962271425245e-03 1.092927040427105201e-02 1.307562339272461127e-02 1.554669826401156030e-02 1.832298911569962829e-02 2.135937976770929669e-02 2.492236584471607674e-02 2.869531022694427058e-02 3.313971936861748180e-02 3.796603263709541487e-02 4.328709394450136472e-02 4.949874676937060514e-02 5.600546891508229042e-02 6.386896800279928677e-02 7.246526328509883541e-02 8.185979630391282402e-02 9.422279965999535989e-02 1.073513085751898188e-01
-3.166757382485863026e-02 -3.172418735190274397e-02 -3.167534192161147732e-02 -3.153567747329311111e-02 -3.131129698295287422e-02 -3.100769310257767142e-02 -3.063487125981423365e-02 -3.019640217503949398e-02 -2.970242511069554059e-02 -2.915672617852704818e-02 -2.856148916269984905e-02 -2.792432285769974598e-02 -2.725292069961704478e-02 -2.654375572790323989e-02 -2.580617925245332067e-02 -2.504256120787107243e-02 -2.425662915738213687e-02 -2.345108640290305413e-02 -2.263071317249054637e-02 -2.179448787979554325e-02 -2.095059649064134888e-02 -2.009901846074735321e-02 -1.924257366415849102e-02 -1.838439020192372819e-02 -1.752792846415862638e-02 -1.667256857863042008e-02 -1.582241111097004715e-02 -1.498067371511679902e-02 -1.414730779216388790e-02 -1.332599002447276693e-02 -1.251824252622490974e-02 -1.172526671652729391e-02 -1.094904023420750772e-02 -1.019108021854286950e-02 -9.452825998327862855e-03 -8.735907974901868656e-03 -8.041653462860343105e-03 -7.371968740711887236e-03 -6.727195423507748018e-03 -6.108366769463913215e-03 -5.516339750951337884e-03 -4.953206371577256739e-03 -4.418570099984031607e-03 -3.912532209061958532e-03 -3.435524177671900325e-03 -2.990727727922304346e-03 -2.575332796413976055e-03 -2.189344598845122114e-03 -1.835955585355097952e-03 -1.513093792231745560e-03 -1.219613751802572921e-03 -9.585568664757238011e-04 -7.269413630724974595e-04 -5.247578136625685730e-04 -3.548465478904194725e-04 -2.143683187485478925e-04 -1.061026037131318489e-04 -3.199495631456272804e-05 0.000000000000000000e+00 -3.030461414621488103e-05 -9.638192440397652661e-05 -1.814303573439701722e-04 -2.781057241775242161e-04 -3.761087337361690430e-04 -4.690829649097727483e-04 -5.497314714759671261e-04 -6.080555248275665292e-04 -6.411665991117310170e-04 -6.334693202043606419e-04 -5.877089193541129575e-04 -4.809287609482959525e-04 -3.213836896373001295e-04 -7.850101852746593778e-05 2.361119276605982975e-04 6.542041188316582989e-04 1.167868539485028556e-03 1.803838029869164750e-03 2.570451271866058818e-03 3.470945047977735953e-03 4.553206215770044807e-03 5.767022364176144222e-03 7.238393842713630733e-03 8.838093828829385323e-03 1.076931593261343245e-02 1.287833530535276161e-02 1.530954496091141426e-02 1.804425476430027153e-02 2.103833668961241354e-02 2.455556249476620323e-02 2.828339366174537073e-02 3.267914965571572239e-02 3.745670739860851306e-02 4.272848432836928723e-02 4.888834005217856937e-02 5.534525360355357915e-02 6.315632436606155586e-02 7.170176120452109725e-02 8.104784755606342372e-02 9.336302073539792801e-02 1.064502402429650108e-01
-3.271243416717484198e-02 -3.275440710217880635e-02 -3.269094832396701733e-02 -3.253669410315951360e-02 -3.229770539585585798e-02 -3.197943282445669944e-02 -3.159188470989604536e-02 -3.113858032901650752e-02 -3.062967888998746613e-02 -3.006892525076787503e-02 -2.945849182523374576e-02 -2.880600087367202189e-02 -2.811915843362999823e-02 -2.739438532040516794e-02 -2.664105476812150819e-02 -2.586153022382253752e-02 -2.505958687950371466e-02 -2.423785508205245076e-02 -2.340115419712673894e-02 -2.254847348748878488e-02 -2.168803441325162229e-02 -2.081976980921096398e-02 -1.994651304780992174e-02 -1.907141689097835435e-02 -1.819797799974476327e-02 -1.732551694791417685e-02 -1.645818825708500466e-02 -1.559924959839642522e-02 -1.474860469521999118e-02 -1.390998809873367215e-02 -1.308492106441849767e-02 -1.227459368168470899e-02 -1.148099856027462451e-02 -1.070565386514232831e-02 -9.949998696283102184e-03 -9.215673723756534486e-03 -8.504063905478420615e-03 -7.817121158865680819e-03 -7.155093129045719813e-03 -6.519007725457326430e-03 -5.909710201125184525e-03 -5.329483510249310996e-03 -4.777783256680767643e-03 -4.254620922779062120e-03 -3.760399684479276416e-03 -3.298663580727501099e-03 -2.866165357929828517e-03 -2.462832091784883382e-03 -2.092243454189790519e-03 -1.751969401435959917e-03 -1.440595175319692167e-03 -1.161599571278815191e-03 -9.113423703681622356e-04 -6.895364092462941130e-04 -4.993837422925251346e-04 -3.367117160882893145e-04 -2.039690989869002991e-04 -1.011878442169766856e-04 -3.030461414621488103e-05 0.000000000000000000e+00 -2.962381203253094952e-05 -9.115070045029316503e-05 -1.705594556248302140e-04 -2.564465275449734349e-04 -3.412705709712193780e-04 -4.172417963553831655e-04 -4.743200158384697218e-04 -5.088735571600055962e-04 -5.058481274919923720e-04 -4.669682832327826105e-04 -3.702201090363121949e-04 -2.226665107882830341e-04 5.103782958371105849e-06 3.026861263529800894e-04 7.008791064413433247e-04 1.192650816326912278e-03 1.804173311245049760e-03 2.544007682666604708e-03 3.415735009284492918e-03 4.466318330135110592e-03 5.647351250541166046e-03 7.082162454004836682e-03 8.644982558492664282e-03 1.053511614955882081e-02 1.260245163041084915e-02 1.498917922430442751e-02 1.767750176501814430e-02 2.062437673818107164e-02 2.409052655465071524e-02 2.776796926585489711e-02 3.210931766947178190e-02 3.683227945635458855e-02 4.204875993876333595e-02 4.815032251503148508e-02 5.455104424377177352e-02 6.230262888611992622e-02 7.079006682041411036e-02 8.008052351588412776e-02 9.233973506641413032e-02 1.053778881387230637e-01
-3.372846256151995625e-02 -3.375585562589744626e-02 -3.367786791031313065e-02 -3.350913012169987049e-02 -3.325566087004272475e-02 -3.292286850794845510e-02 -3.252076311022067401e-02 -3.205281239508583901e-02 -3.152919420066147005e-02 -3.095361178461131235e-02 -3.032822689747083356e-02 -2.966067430226171364e-02 -2.895867135606644549e-02 -2.821858878360938849e-02 -2.744981975950910869e-02 -2.665472161300852516e-02 -2.583711800777965806e-02 -2.499956508699163749e-02 -2.414692129055884262e-02 -2.327818932432257348e-02 -2.240162396986000726e-02 -2.151711203650430448e-02 -2.062750071221597370e-02 -1.973596776895480964e-02 -1.884604644624054970e-02 -1.795699865005662144e-02 -1.707303316408115279e-02 -1.619744815350498968e-02 -1.533010054265948607e-02 -1.447478330254492462e-02 -1.363301762074298207e-02 -1.280598312986991338e-02 -1.199568829527031255e-02 -1.120365327145955714e-02 -1.043131798658614162e-02 -9.680334564259651664e-03 -8.952149253055319278e-03 -8.248762014039345836e-03 -7.570326002386384978e-03 -6.917865769554665256e-03 -6.292217131832700261e-03 -5.695863340741458281e-03 -5.128112017179553561e-03 -4.588886746748066514e-03 -4.078567325392135068e-03 -3.601078114522038298e-03 -3.152731063007174761e-03 -2.733384069750433021e-03 -2.347029062716110559e-03 -1.990885992675717198e-03 -1.663288262731099643e-03 -1.368199188565344393e-03 -1.101349788318439771e-03 -8.622392367421127801e-04 -6.545539263806965380e-04 -4.729466662934944665e-04 -3.199087772780551120e-04 -1.944368609329005793e-04 -9.638192440397652661e-05 -2.962381203253094952e-05 0.000000000000000000e+00 -2.765321632614003988e-05 -8.517760305537525056e-05 -1.561435769209529312e-04 -2.309349029495644245e-04 -3.009131251261454310e-04 -3.558249242584521355e-04 -3.911783376813193769e-04 -3.924168697404528672e-04 -3.601765703122872253e-04 -2.733871524266406894e-04 -1.378666700361241837e-04 7.461524713059386471e-05 3.549008129214437091e-04 7.328169156497477132e-04 1.202237766530833696e-03 1.788761990700216131e-03 2.501182212618857648e-03 3.343435753203172212e-03 4.361534490050278379e-03 5.508933558811879294e-03 6.906205705464185662e-03 8.431147410806194564e-03 1.027904859687822636e-02 1.230352504805654057e-02 1.464448798638429139e-02 1.728505953942804929e-02 2.018331648604232420e-02 2.359681721573403390e-02 2.722229678573107048e-02 3.150747602589731855e-02 3.617403195327817400e-02 4.133332610447026934e-02 4.737450930330422416e-02 5.371697321998325503e-02 6.140672925602452814e-02 6.983376542723607194e-02 7.906613956539831900e-02 9.126650325435858857e-02 1.042527820242034053e-01
-3.472582563292092583e-02 -3.473743549988939083e-02 -3.464376936273616536e-02 -3.445944821711666162e-02 -3.419044865301335001e-02 -3.384213727518170511e-02 -3.342452357379810390e-02 -3.294102438618096151e-02 -3.240183304514721030e-02 -3.181061096057546944e-02 -3.116951221899577629e-02 -3.048618176427730919e-02 -2.976834478939160977e-02 -2.901232935626008036e-02 -2.822754270447858094e-02 -2.741633766866213850e-02 -2.658258944256408629e-02 -2.572877628290082264e-02 -2.485979564847229373e-02 -2.397467242924666841e-02 -2.308168755247130832e-02 -2.218068384964022588e-02 -2.127452326595535848e-02 -2.036640951858170734e-02 -1.945991306837302481e-02 -1.855423990389082345e-02 -1.765365344214142596e-02 -1.676149316055564054e-02 -1.587757149382629240e-02 -1.500574051582836965e-02 -1.414752282555764573e-02 -1.330408917841996441e-02 -1.247746515855741034e-02 -1.166917418594581868e-02 -1.088065826329343011e-02 -1.011358219459168595e-02 -9.369462739255651762e-03 -8.650352211028722316e-03 -7.956303150578825090e-03 -7.288338246564718403e-03 -6.647285401574221098e-03 -6.035852606936953357e-03 -5.453190331386026379e-03 -4.899129965282300603e-03 -4.374031600906436168e-03 -3.882245112976079326e-03 -3.419609422119163078e-03 -2.985918338536008854e-03 -2.585628251939087185e-03 -2.215593439574337076e-03 -1.873896738768587866e-03 -1.565065200335502560e-03 -1.284185075737243054e-03 -1.030581932303764603e-03 -8.085545471115951344e-04 -6.116115817562661761e-04 -4.425208630123300679e-04 -2.995877117599743400e-04 -1.814303573439701722e-04 -9.115070045029316503e-05 -2.765321632614003988e-05 0.000000000000000000e+00 -2.666925506789041833e-05 -7.958750142955661744e-05 -1.430958697227202592e-04 -2.068294375705548305e-04 -2.599929973262637972e-04 -2.970084978963782874e-04 -3.037844508693154921e-04 -2.797213055538705362e-04 -2.047506446065661123e-04 -8.331227673741281592e-05 1.115492638564807848e-04 3.720441800848517389e-04 7.269398653583225567e-04 1.171103606490975224e-03 1.729508545240565631e-03 2.411199831313548536e-03 3.220502424392757135e-03 4.202384169880946096e-03 5.312334847372257585e-03 6.667899486674122578e-03 8.150782779975718206e-03 9.951861056373800807e-03 1.192883677831446665e-02 1.421910167303530592e-02 1.680678060920415273e-02 1.965117464787424773e-02 2.300632501044097555e-02 2.657418036622816171e-02 3.079700396487294878e-02 3.540086959680877055e-02 4.049650057652909307e-02 4.647029297280858007e-02 5.274760508908293843e-02 6.036788975703089033e-02 6.872678169875501286e-02 7.789327236024523593e-02 9.002591697436224116e-02 1.029518244540228444e-01
-3.568854199786608561e-02 -3.568420333135080558e-02 -3.557472285081864083e-02 -3.537470949152954347e-02 -3.509009756019154658e-02 -3.472621175795709281e-02 -3.429305959567729989e-02 -3.379400701509271965e-02 -3.323926117107600664e-02 -3.263244127107245429e-02 -3.197569478635653439e-02 -3.127667560641411715e-02 -3.054311507380613744e-02 -2.977130157614449324e-02 -2.897065374693907902e-02 -2.814352046908630278e-02 -2.729382961392234908e-02 -2.642397989449829510e-02 -2.553890767445143872e-02 -2.463766357619556757e-02 -2.372855162942233420e-02 -2.281137148891188016e-02 -2.188900022017215008e-02 -2.096466787020012656e-02 -2.004198240951693410e-02 -1.912009505662659592e-02 -1.820332408666025525e-02 -1.729505073173798202e-02 -1.639504397209556874e-02 -1.550721544012334530e-02 -1.463308993444689676e-02 -1.377383019224021066e-02 -1.293147970696506555e-02 -1.210756600179774267e-02 -1.130353403637240906e-02 -1.052106224341442520e-02 -9.761742165184106312e-03 -9.027680850537511681e-03 -8.318828392805621696e-03 -7.636207039587006307e-03 -6.980638343876188756e-03 -6.355066159568822926e-03 -5.758481311504470845e-03 -5.190622742316408633e-03 -4.651834131478849166e-03 -4.146911609151593403e-03 -3.671210321172346802e-03 -3.224465141146493075e-03 -2.811622285373682750e-03 -2.429168534949566194e-03 -2.074942421763203981e-03 -1.754074911923031443e-03 -1.461010255993433482e-03 -1.194929329712435262e-03 -9.608131124724250682e-04 -7.510604871435733187e-04 -5.688420012565087447e-04 -4.119468705005013831e-04 -2.781057241775242161e-04 -1.705594556248302140e-04 -8.517760305537525056e-05 -2.666925506789041833e-05 0.000000000000000000e+00 -2.483834131905560128e-05 -7.279059631992712553e-05 -1.278265680494383716e-04 -1.777397253427404067e-04 -2.154894035941712360e-04 -2.272994524193938659e-04 -2.111958020037940642e-04 -1.480912981125515060e-04 -4.095977766360725525e-05 1.358585240228693536e-04 3.760090913504932075e-04 7.071717497806329078e-04 1.125252821819411331e-03 1.654582763449763405e-03 2.304472987043726384e-03 3.079653410886673548e-03 4.024009068143041823e-03 5.095143809382474132e-03 6.407454470388040946e-03 7.846709185099109973e-03 9.599190970408510992e-03 1.152685238747896967e-02 1.376445641624679528e-02 1.629716864639685348e-02 1.908556261139859878e-02 2.237999856647987507e-02 2.588786841817236617e-02 3.004571294912050661e-02 3.458420136598272521e-02 3.961337322849312059e-02 4.551670447648714646e-02 5.172582958990845636e-02 5.927322016708769237e-02 6.756046757594236229e-02 7.665751191763314765e-02 8.871827648831942525e-02 1.015797801781932463e-01
-3.661857925839440142e-02 -3.659741126069515627e-02 -3.647128233909158190e-02 -3.625478571640827763e-02 -3.595381349636428414e-02 -3.557364872553714363e-02 -3.512429484459878015e-02 -3.460906731374135958e-02 -3.403818439484485037e-02 -3.341522278442365934e-02 -3.274232565719237265e-02 -3.202715383368048840e-02 -3.127744187424408295e-02 -3.048944444027423817e-02 -2.967258669534311721e-02 -2.882921480673394932e-02 -2.796331169479870926e-02 -2.707719350956405702e-02 -2.617583540038470602e-02 -2.525832069548583636e-02 -2.433297067752004939e-02 -2.339954343492267608e-02 -2.246093185731468100e-02 -2.152039302633890205e-02 -2.058157288521478279e-02 -1.964357007437111946e-02 -1.871075797369481375e-02 -1.778656019533941812e-02 -1.687070409570246010e-02 -1.596716138366671700e-02 -1.507746022266664987e-02 -1.420275657704928030e-02 -1.334511283961159478e-02 -1.250606163642986601e-02 -1.168705185864948870e-02 -1.088977652273015462e-02 -1.011590933093797773e-02 -9.367615502839043984e-03 -8.644737683348835411e-03 -7.948298793496788583e-03 -7.279115140020775421e-03 -6.640386019889032987e-03 -6.030935002022896896e-03 -5.450404801997654758e-03 -4.899125228546297173e-03 -4.382374706828895405e-03 -3.894997708505321121e-03 -3.436673131195888686e-03 -3.012877805980029855e-03 -2.619715980192061089e-03 -2.254779398739414908e-03 -1.923862197446779554e-03 -1.620745397946210531e-03 -1.344484455987449145e-03 -1.100824456434557064e-03 -8.810378660661921657e-04 -6.888066926540314938e-04 -5.214970901491478017e-04 -3.761087337361690430e-04 -2.564465275449734349e-04 -1.561435769209529312e-04 -7.958750142955661744e-05 -2.483834131905560128e-05 0.000000000000000000e+00 -2.328063290235604654e-05 -6.630750740199697901e-05 -1.115460071233753681e-04 -1.495732999532428664e-04 -1.666305839985726678e-04 -1.591204151295544378e-04 -1.089181952363960093e-04 -1.738076215163086857e-05 1.398018450059490547e-04 3.578282548492017767e-04 6.632279885351310966e-04 1.053027435554909630e-03 1.550876019546065798e-03 2.166373339555605071e-03 2.904683730483359483e-03 3.808533141605230377e-03 4.837787890575984129e-03 6.103466996661754962e-03 7.495694183946577382e-03 9.195819614067346492e-03 1.107035306267656338e-02 1.325122307529880139e-02 1.572470749919119282e-02 1.845274228541493589e-02 2.168170229613786137e-02 2.512485042075507380e-02 2.921251505676247806e-02 3.368033014843641038e-02 3.863756831989750840e-02 4.446448534748881354e-02 5.059956016110789268e-02 5.806751939804377649e-02 6.627647919065793314e-02 7.529736051478785885e-02 8.727853479354574784e-02 1.000682215523741592e-01
-3.750765583750415022e-02 -3.746909409696919102e-02 -3.732579180050488166e-02 -3.709232332888234840e-02 -3.677453844750278034e-02 -3.637767856791496168e-02 -3.591174123095164372e-02 -3.537999159518989689e-02 -3.479265674343212655e-02 -3.415327050558547572e-02 -3.346397344603302404e-02 -3.273243162673411533e-02 -3.196638042841382088e-02 -3.116204534158284467e-02 -3.032885417766173486e-02 -2.946915127115068422e-02 -2.858697633775930669e-02 -2.768456058159596278e-02 -2.676691777516770898e-02 -2.583316928398515788e-02 -2.489164906736440752e-02 -2.394207486078014924e-02 -2.298735587971334482e-02 -2.203077675365261445e-02 -2.107602173121891909e-02 -2.012213855035427379e-02 -1.917355587469937728e-02 -1.823374017529000302e-02 -1.730237859963168479e-02 -1.638350335223803800e-02 -1.547864688160949243e-02 -1.458895936899640144e-02 -1.371652291837777149e-02 -1.286287608287761675e-02 -1.202947250070174334e-02 -1.121802059115029060e-02 -1.043028198782924854e-02 -9.668482845658576963e-03 -8.932354635939554477e-03 -8.222921955563178287e-03 -7.540996874662697635e-03 -6.890049427751954170e-03 -6.268730260528099230e-03 -5.676583166312476614e-03 -5.113926282468650442e-03 -4.586548501558707081e-03 -4.088763087570446153e-03 -3.620195528259873008e-03 -3.186885235797132232e-03 -2.784542557768165949e-03 -2.410510702825829910e-03 -2.071293186245215523e-03 -1.759991124284376873e-03 -1.475548864696141216e-03 -1.224537996991958977e-03 -9.970880134086979041e-04 -7.974699800247231352e-04 -6.226837127236706237e-04 -4.690829649097727483e-04 -3.412705709712193780e-04 -2.309349029495644245e-04 -1.430958697227202592e-04 -7.279059631992712553e-05 -2.328063290235604654e-05 0.000000000000000000e+00 -2.159526910128217736e-05 -5.854209195732540394e-05 -9.506495939115566784e-05 -1.165879161897365179e-04 -1.174784683701801669e-04 -8.046225944258189600e-05 -5.106664035858798911e-06 1.315350342833143671e-04 3.263280741711005462e-04 6.046134543649106519e-04 9.646114274194372840e-04 1.429265265581625144e-03 2.008484833865620267e-03 2.707895768509938073e-03 3.569005401903635466e-03 4.554064811357672049e-03 5.770529397462587085e-03 7.113117761000986583e-03 8.757970085002120264e-03 1.057640531276893281e-02 1.269734880136241806e-02 1.510824954202039105e-02 1.777247989066910172e-02 2.093217732470442627e-02 2.430682952024332266e-02 2.832014480756595010e-02 3.271302839381895478e-02 3.759391551461022107e-02 4.333958879218624549e-02 4.939584774584671045e-02 5.677902610334206734e-02 6.490424307020992156e-02 7.384342403757315765e-02 8.573858270989087593e-02 9.845025015507757882e-02
-3.835123360461223374e-02 -3.829464867192877708e-02 -3.813358480423212349e-02 -3.788259426055284873e-02 -3.754748433034338362e-02 -3.713345481431229445e-02 -3.665049543218945605e-02 -3.610182123610161664e-02 -3.549766572710888468e-02 -3.484151950118508090e-02 -3.413552226794214217e-02 -3.338734355266903542e-02 -3.260471703960421408e-02 -3.178384381008614312e-02 -3.093415025196488699e-02 -3.005797977847579627e-02 -2.915943069607840332e-02 -2.824064678277926621e-02 -2.730668023704385661e-02 -2.635669600523959932e-02 -2.539903591707015629e-02 -2.443337861371408515e-02 -2.346265013222070817e-02 -2.249016315163387958e-02 -2.151964053304755708e-02 -2.055008084439413629e-02 -1.958596816713087385e-02 -1.863081227787866112e-02 -1.768426155854618820e-02 -1.675040907763736264e-02 -1.583079246998952971e-02 -1.492655710263446345e-02 -1.403980555765815819e-02 -1.317208308852269028e-02 -1.232484883299944656e-02 -1.149982735228416431e-02 -1.069887408537917306e-02 -9.924278844021583446e-03 -9.175657893500388518e-03 -8.454038351711989918e-03 -7.760228871829810693e-03 -7.097985844971455016e-03 -6.465780792164976809e-03 -5.863055401785555176e-03 -5.290117963022145098e-03 -4.753296535356277275e-03 -4.246351164741479778e-03 -3.768855736684839641e-03 -3.327444356292286187e-03 -2.917420284776151007e-03 -2.535874585270270209e-03 -2.190065768183591111e-03 -1.872394508508290478e-03 -1.581704439088782443e-03 -1.325452048167807817e-03 -1.092597174800036264e-03 -8.880657997154539629e-04 -7.085261160804101621e-04 -5.497314714759671261e-04 -4.172417963553831655e-04 -3.009131251261454310e-04 -2.068294375705548305e-04 -1.278265680494383716e-04 -6.630750740199697901e-05 -2.159526910128217736e-05 0.000000000000000000e+00 -1.938648232324702292e-05 -5.091481882679715909e-05 -7.530050199733295813e-05 -8.393745363910465329e-05 -6.011514573822651641e-05 -1.359538319478659218e-06 1.139351205361460728e-04 2.844385744291688667e-04 5.342754405686100938e-04 8.629439876167710466e-04 1.292660122757083307e-03 1.833670256797259590e-03 2.492091607175783707e-03 3.308152667496289112e-03 4.246617650338735395e-03 5.411186035407911099e-03 6.701420831175308734e-03 8.287964539442804757e-03 1.004720772568434839e-02 1.210489730366803851e-02 1.444971489357160799e-02 1.704654642008229803e-02 2.013302982078390979e-02 2.343524590771173255e-02 2.736985854783191563e-02 3.168336336294963473e-02 3.648328481052531824e-02 4.214266869459970533e-02 4.811513118034915770e-02 5.540793746961347743e-02 6.344370826086298543e-02 7.229539764507741939e-02 8.409781919521586158e-02 9.672497501892085570e-02
-3.914292704295907477e-02 -3.906741977921812659e-02 -3.888774392695371063e-02 -3.861842578016272398e-02 -3.826523007244908570e-02 -3.783331510802412367e-02 -3.733266055790585014e-02 -3.676643166164550447e-02 -3.614486551762463584e-02 -3.547140909758761396e-02 -3.474820345374940445e-02 -3.398291947900466958e-02 -3.318328616517840501e-02 -3.234548601437814419e-02 -3.147893908949683794e-02 -3.058598903869536034e-02 -2.967079499838887191e-02 -2.873541031288895375e-02 -2.778492540736909877e-02 -2.681855560968426921e-02 -2.584464477959913520e-02 -2.486283400417077516e-02 -2.387606676033016129e-02 -2.288768440374966406e-02 -2.190144878081634605e-02 -2.091631140080718598e-02 -1.993681191428930966e-02 -1.896650392975685051e-02 -1.800499879456718411e-02 -1.705645085090012891e-02 -1.612240396568420664e-02 -1.520399980384923300e-02 -1.430336227531758819e-02 -1.342204416944114964e-02 -1.256151091195489844e-02 -1.172350395187926608e-02 -1.090997960947159839e-02 -1.012329451181148698e-02 -9.362944431804298695e-03 -8.629959725301894480e-03 -7.925146250052028662e-03 -7.252565732218441141e-03 -6.610502321212075039e-03 -5.998290978424636322e-03 -5.416231619741029846e-03 -4.871226375150583543e-03 -4.356453471987320469e-03 -3.871436037007680575e-03 -3.423441343000543924e-03 -3.007346964041368587e-03 -2.619984583464796124e-03 -2.269421510255886787e-03 -1.947327796962938784e-03 -1.652453465445180569e-03 -1.393205340602388098e-03 -1.157328896264298024e-03 -9.504717930773898260e-04 -7.689901221311634671e-04 -6.080555248275665292e-04 -4.743200158384697218e-04 -3.558249242584521355e-04 -2.599929973262637972e-04 -1.777397253427404067e-04 -1.115460071233753681e-04 -5.854209195732540394e-05 -1.938648232324702292e-05 0.000000000000000000e+00 -1.779792199729790525e-05 -4.216918789468060424e-05 -5.752134278247389432e-05 -4.691615289298400882e-05 -5.389651935971961905e-06 8.739944718261227763e-05 2.321224305235070062e-04 4.516613888239096042e-04 7.469050737618498914e-04 1.139316923209898746e-03 1.639514723949186958e-03 2.254146258019895654e-03 3.022084078825537645e-03 3.910770061720025836e-03 5.019900440984659262e-03 6.254203238438060808e-03 7.778452731895812988e-03 9.474448863072026938e-03 1.146453370667055438e-02 1.373870086797801537e-02 1.626344885343700142e-02 1.927157759827902161e-02 2.249623664813582558e-02 2.634649643992548196e-02 3.057485607652821180e-02 3.528783338751151355e-02 4.085439628683884550e-02 4.673662030103031828e-02 5.393182508775051787e-02 6.187078120580569163e-02 7.062750167198328377e-02 8.232850896720511624e-02 9.486278636762213168e-02
-3.987644871962714443e-02 -3.978156490039408411e-02 -3.958286063169835778e-02 -3.929483319064286384e-02 -3.892320444018415593e-02 -3.847309102275775494e-02 -3.795446073781627572e-02 -3.737042902956677626e-02 -3.673123439374725852e-02 -3.604027975110635218e-02 -3.529970883579658381e-02 -3.451719227253602362e-02 -3.370045213668670936e-02 -3.284565624033253251e-02 -3.196221480610927923e-02 -3.105247238349473360e-02 -3.012065030138000310e-02 -2.916870937091253779e-02 -2.820177797934297903e-02 -2.721912632410816713e-02 -2.622909623648705946e-02 -2.523129224182008024e-02 -2.422867559177710461e-02 -2.322461666013386772e-02 -2.222291645543761351e-02 -2.122248082336608554e-02 -2.022790501638727090e-02 -1.924278678061330794e-02 -1.826670158312893033e-02 -1.730386528049876471e-02 -1.635582867237650451e-02 -1.542373047945799769e-02 -1.450971652776666954e-02 -1.361534774071138099e-02 -1.274209641510237745e-02 -1.189172145911221445e-02 -1.106628482820792847e-02 -1.026821215854079039e-02 -9.496875407390081847e-03 -8.753308816327298736e-03 -8.038316064209793943e-03 -7.356276909808556752e-03 -6.705282994866834656e-03 -6.084559844822812202e-03 -5.494400344921546164e-03 -4.942304033997313439e-03 -4.420849044734609379e-03 -3.929508869882747391e-03 -3.476209880695302346e-03 -3.055392524416444822e-03 -2.663625233085054056e-03 -2.309820488647473802e-03 -1.984899078452007082e-03 -1.687523451441630407e-03 -1.427095433227165699e-03 -1.190118494764358381e-03 -9.830079167685301655e-04 -8.018226102308734227e-04 -6.411665991117310170e-04 -5.088735571600055962e-04 -3.911783376813193769e-04 -2.970084978963782874e-04 -2.154894035941712360e-04 -1.495732999532428664e-04 -9.506495939115566784e-05 -5.091481882679715909e-05 -1.779792199729790525e-05 0.000000000000000000e+00 -1.498425442147954811e-05 -3.344334986399299936e-05 -3.433096711435990045e-05 -9.250664851578882519e-06 6.116203850159429578e-05 1.798225135627440352e-04 3.684129505433508811e-04 6.293234850990314655e-04 9.832709851097520826e-04 1.441283097930901036e-03 2.010574918803409439e-03 2.728618674625593599e-03 3.565650230238692764e-03 4.617199821399409210e-03 5.793379974551204903e-03 7.252848333196837416e-03 8.883044548206098234e-03 1.080275360140492413e-02 1.300333562042876867e-02 1.545296983098787269e-02 1.837938720166543138e-02 2.152313111118575595e-02 2.528530205466206215e-02 2.942468528458874744e-02 3.404672574803402352e-02 3.951607598147988121e-02 4.530371480385442240e-02 5.239640349128038554e-02 6.023351077943683851e-02 6.889012678352679497e-02 8.048369186587644997e-02 9.291923893980347238e-02
-4.054602558008901791e-02 -4.043058164716994973e-02 -4.021172141406081924e-02 -3.990390868025039950e-02 -3.951282238645825728e-02 -3.904353768973489736e-02 -3.850600793152370027e-02 -3.790329914974621683e-02 -3.724564794793394640e-02 -3.653641278341379639e-02 -3.577774263877486760e-02 -3.497730542953558786e-02 -3.414281281531161838e-02 -3.327042475114905251e-02 -3.236953589616087257e-02 -3.144249305438606701e-02 -3.049358229425358502e-02 -2.952466846462520333e-02 -2.854091763828181527e-02 -2.754166276607339370e-02 -2.653523681091096709e-02 -2.552120955734227259e-02 -2.450256070939793585e-02 -2.348269034480499062e-02 -2.246543899761255236e-02 -2.144966933027558920e-02 -2.044003227571911108e-02 -1.944017024226474266e-02 -1.844962481531342569e-02 -1.747267372244165617e-02 -1.651087583216370724e-02 -1.556536813163422739e-02 -1.463831923159253368e-02 -1.373129903267145124e-02 -1.284578747038023216e-02 -1.198356159746249983e-02 -1.114679702906462566e-02 -1.033799183883088446e-02 -9.556387787860720628e-03 -8.803023515939312205e-03 -8.078700868767829668e-03 -7.388139312023533911e-03 -6.729227911763002723e-03 -6.101076767444535420e-03 -5.503972717913474533e-03 -4.946052607165740689e-03 -4.419260102383915090e-03 -3.923018758504315251e-03 -3.465957494432680974e-03 -3.042055994912695738e-03 -2.647608541282986394e-03 -2.292432877338712593e-03 -1.966661251720958070e-03 -1.668871680616135222e-03 -1.409531074735070888e-03 -1.173838941006755121e-03 -9.690435793736629222e-04 -7.909106184582626042e-04 -6.334693202043606419e-04 -5.058481274919923720e-04 -3.924168697404528672e-04 -3.037844508693154921e-04 -2.272994524193938659e-04 -1.666305839985726678e-04 -1.165879161897365179e-04 -7.530050199733295813e-05 -4.216918789468060424e-05 -1.498425442147954811e-05 0.000000000000000000e+00 -1.346694445159002385e-05 -2.365835577755603936e-05 -1.469521617025737470e-05 3.256704893550566027e-05 1.237572963860289477e-04 2.794283519514939584e-04 5.036588700967348231e-04 8.164170141998772223e-04 1.229199216291609886e-03 1.749845033911845427e-03 2.414339752126681837e-03 3.195916752000482752e-03 4.185642880591977644e-03 5.299406738459633281e-03 6.689299478580768010e-03 8.248812884700473802e-03 1.009289858139350571e-02 1.221438070876290638e-02 1.458324003099709110e-02 1.742172351626214422e-02 2.047835184272528419e-02 2.414557955994800498e-02 2.818898651694157209e-02 3.271282487389237659e-02 3.807700919699641418e-02 4.376221677039315860e-02 5.074355759103377217e-02 5.846980515734767625e-02 6.701716010926084266e-02 7.849260469862417988e-02 9.081912042880047053e-02
-4.114664131369349942e-02 -4.101026319797451691e-02 -4.077090880082745450e-02 -4.044300547518131506e-02 -4.003218881380576910e-02 -3.954349220646591334e-02 -3.898685272952384651e-02 -3.836528693822804925e-02 -3.768902741452029304e-02 -3.696138769657209000e-02 -3.618452308787190042e-02 -3.536609721174932552e-02 -3.451380922557323316e-02 -3.362381461529995175e-02 -3.270548925655858419e-02 -3.176118271212013955e-02 -3.079524683093126658e-02 -2.980944867244972318e-02 -2.880899164056349715e-02 -2.779327525464891924e-02 -2.677061996256246967e-02 -2.574056165931870588e-02 -2.470609870719187029e-02 -2.367066109559168297e-02 -2.263812893730743347e-02 -2.160732292279343714e-02 -2.058294957818818105e-02 -1.956869614504008759e-02 -1.856407131519233200e-02 -1.757341478909157928e-02 -1.659829405885304698e-02 -1.563984499091475300e-02 -1.470025942562458443e-02 -1.378111670501924735e-02 -1.288390485429280474e-02 -1.201041950265446800e-02 -1.116295390706956159e-02 -1.034408037303313765e-02 -9.552907624674977782e-03 -8.790479189168864949e-03 -8.057595534657124858e-03 -7.359326517184072713e-03 -6.693354216150582126e-03 -6.058670905592089539e-03 -5.455558380640712635e-03 -4.892810441198824911e-03 -4.361720605702834597e-03 -3.861663172056162274e-03 -3.401991319347152931e-03 -2.976213820877537941e-03 -2.580346910770914270e-03 -2.225143862390366323e-03 -1.899931442044033858e-03 -1.603206902040410498e-03 -1.346538462520086021e-03 -1.113795119158211833e-03 -9.130934181978966890e-04 -7.399123528174511577e-04 -5.877089193541129575e-04 -4.669682832327826105e-04 -3.601765703122872253e-04 -2.797213055538705362e-04 -2.111958020037940642e-04 -1.591204151295544378e-04 -1.174784683701801669e-04 -8.393745363910465329e-05 -5.752134278247389432e-05 -3.344334986399299936e-05 -1.346694445159002385e-05 0.000000000000000000e+00 -1.004764093082144427e-05 -1.351428769913454175e-05 1.240371096822290298e-05 7.698540437639511680e-05 1.999570123144556177e-04 3.873068562327830477e-04 6.583244666070742213e-04 1.025047132970913211e-03 1.495994988723436947e-03 2.105641820099535266e-03 2.830333227445414046e-03 3.756533169935849514e-03 4.806109457653140460e-03 6.124365458518910010e-03 7.611056509901015232e-03 9.377164114460101452e-03 1.141702738580230303e-02 1.370249168033832454e-02 1.645010839263105762e-02 1.941667454902484824e-02 2.298565085146542231e-02 2.692967272406932011e-02 3.135173714897043773e-02 3.660679759366614050e-02 4.218564424764315035e-02 4.905115538470361525e-02 5.666193022922494382e-02 6.509529323439533499e-02 7.644699269904586814e-02 8.865898765159085926e-02
-4.166735884380023958e-02 -4.150865945790505052e-02 -4.124748585807214152e-02 -4.089822397068787474e-02 -4.046646593053571106e-02 -3.995720350844145230e-02 -3.938035462344047222e-02 -3.873888673289294093e-02 -3.804302473620879699e-02 -3.729603678184245652e-02 -3.650008726212750076e-02 -3.566283279027759878e-02 -3.479195614582131224e-02 -3.388361581698706715e-02 -3.294716258996910341e-02 -3.198495023985958863e-02 -3.100139910577004443e-02 -2.999817474071786449e-02 -2.898051752165053951e-02 -2.794790209628827959e-02 -2.690862888692413524e-02 -2.586220188220644811e-02 -2.481163880249270814e-02 -2.376040025180559123e-02 -2.271240625472426000e-02 -2.166643824518832417e-02 -2.062725835173828681e-02 -1.959859915542216946e-02 -1.857993862219231573e-02 -1.757567873058485386e-02 -1.658739678122089778e-02 -1.561622878683932569e-02 -1.466439069069014334e-02 -1.373347211507613963e-02 -1.282496992362991417e-02 -1.194069896671090536e-02 -1.108307876859437879e-02 -1.025475947610188232e-02 -9.454709682240380886e-03 -8.683978179787943397e-03 -7.943364221558391058e-03 -7.238311499830341056e-03 -6.566283852358467676e-03 -5.926148837583911089e-03 -5.318183863184500204e-03 -4.751882945787211376e-03 -4.217851249578963291e-03 -3.715412751270075198e-03 -3.254691778305285332e-03 -2.828699234908027549e-03 -2.433159994524758396e-03 -2.079827487016849830e-03 -1.757177748830107689e-03 -1.463628070570432982e-03 -1.211922108963259248e-03 -9.845254240026246606e-04 -7.904891950344383744e-04 -6.250019698084141595e-04 -4.809287609482959525e-04 -3.702201090363121949e-04 -2.733871524266406894e-04 -2.047506446065661123e-04 -1.480912981125515060e-04 -1.089181952363960093e-04 -8.046225944258189600e-05 -6.011514573822651641e-05 -4.691615289298400882e-05 -3.433096711435990045e-05 -2.365835577755603936e-05 -1.004764093082144427e-05 0.000000000000000000e+00 -8.438767840734939796e-06 -2.362074498329924666e-06 3.522689878965312715e-05 1.239845369020997623e-04 2.722607822578382297e-04 4.987702880332456346e-04 8.162127140566299843e-04 1.233883847275296652e-03 1.784665226788106906e-03 2.448258385704393802e-03 3.306190955044363555e-03 4.286763858880271449e-03 5.527978784841014459e-03 6.936331315709809431e-03 8.618515253093650408e-03 1.057049836276491295e-02 1.276613029690087942e-02 1.541578601769411083e-02 1.828521581885289571e-02 2.174809917031816919e-02 2.558471914258764190e-02 2.989667553074304429e-02 3.503346459794964840e-02 4.049692113603720056e-02 4.723639996595918600e-02 5.472127696590933787e-02 6.303003382096727947e-02 7.424553106360998189e-02 8.633097584797022606e-02
-4.210703573654428489e-02 -4.192562077828543288e-02 -4.164227035994039205e-02 -4.127132589273252439e-02 -4.081833554421510080e-02 -4.028824910686801264e-02 -3.969096344427580636e-02 -3.902939678470396245e-02 -3.831376413404030679e-02 -3.754728776137383761e-02 -3.673214212402842183e-02 -3.587597518012286546e-02 -3.498645120531895802e-02 -3.405973498242687025e-02 -3.310514897585037364e-02 -3.212505160862710873e-02 -3.112393260474044521e-02 -3.010335425858756686e-02 -2.906859347943069327e-02 -2.801920366626298176e-02 -2.696346159777607276e-02 -2.590084017430405172e-02 -2.483437660805454250e-02 -2.376756224362697179e-02 -2.270435698149642079e-02 -2.164350417605043209e-02 -2.058982136963083409e-02 -1.954708656014558787e-02 -1.851474793171425937e-02 -1.749726973400744789e-02 -1.649623955663293007e-02 -1.551279410133932224e-02 -1.454917377101794251e-02 -1.360697884995665241e-02 -1.268771540692270605e-02 -1.179321784997056088e-02 -1.092603566476868515e-02 -1.008889844538274350e-02 -9.280631904546643440e-03 -8.502290465634776417e-03 -7.754672486586344782e-03 -7.043605479101211486e-03 -6.366330751315985026e-03 -5.721588710453917592e-03 -5.109653124734658824e-03 -4.540736629903951993e-03 -4.004740921798033426e-03 -3.500939953242410141e-03 -3.040249412577522570e-03 -2.615172209308291862e-03 -2.221137508394144255e-03 -1.870926969843811349e-03 -1.552148769023986574e-03 -1.263142406930706230e-03 -1.017859931647713267e-03 -7.973358397237451101e-04 -6.115866652920409763e-04 -4.555127776336709289e-04 -3.213836896373001295e-04 -2.226665107882830341e-04 -1.378666700361241837e-04 -8.331227673741281592e-05 -4.095977766360725525e-05 -1.738076215163086857e-05 -5.106664035858798911e-06 -1.359538319478659218e-06 -5.389651935971961905e-06 -9.250664851578882519e-06 -1.469521617025737470e-05 -1.351428769913454175e-05 -8.438767840734939796e-06 0.000000000000000000e+00 -4.417843986415093127e-06 9.756881600542222088e-06 6.599729795420117284e-05 1.759370755167743994e-04 3.580395814153369827e-04 6.258542951569356916e-04 9.895688131535962384e-04 1.480482526029058832e-03 2.081788572239395840e-03 2.869952000999820285e-03 3.779919738729264900e-03 4.942175222312328309e-03 6.270171629096932264e-03 7.866179693606478729e-03 9.727849578647806972e-03 1.183110054693936597e-02 1.437991661777004992e-02 1.714930688901195044e-02 2.050281356689465095e-02 2.422863488198778725e-02 2.842690858504726137e-02 3.344144239633073390e-02 3.878554405004464023e-02 4.539443822975841591e-02 5.274871515196066785e-02 6.092802419413578807e-02 7.200150651163450544e-02 8.395470827071305209e-02
-4.244608732561405695e-02 -4.224045473224102842e-02 -4.193349245006572357e-02 -4.153949197790884895e-02 -4.106395725799938390e-02 -4.051179613400812674e-02 -3.989288125750189984e-02 -3.921008191949015842e-02 -3.847359930091820424e-02 -3.768660921315702961e-02 -3.685129898491767975e-02 -3.597530499556511607e-02 -3.506626889720310114e-02 -3.412036950185604045e-02 -3.314689430366213330e-02 -3.214820783409777505e-02 -3.112887194416069647e-02 -3.009034176952340989e-02 -2.903793032141110952e-02 -2.797127858544212753e-02 -2.689863184170082633e-02 -2.581943392786456570e-02 -2.473674221957289365e-02 -2.365407949134001875e-02 -2.257544581442816334e-02 -2.149954925027341979e-02 -2.043126271064132915e-02 -1.937441009367002476e-02 -1.832841200817514338e-02 -1.729779524855012962e-02 -1.628415888016343516e-02 -1.528864155818732140e-02 -1.431350900545369509e-02 -1.336037298637005044e-02 -1.243074949354316949e-02 -1.152649309996878202e-02 -1.065029213812707098e-02 -9.804959339149266206e-03 -8.989170076242558594e-03 -8.203984694554855572e-03 -7.450200702974529854e-03 -6.734053720200527948e-03 -6.052550663675049236e-03 -5.404297416588876857e-03 -4.789564548339897421e-03 -4.219328258142085453e-03 -3.682746562785443878e-03 -3.179041853330955014e-03 -2.719969833648749891e-03 -2.297496659366071725e-03 -1.906741068495088065e-03 -1.561579977743754455e-03 -1.248705126461802095e-03 -9.663776205642848893e-04 -7.298343382624583597e-04 -5.185995733465453839e-04 -3.437223058085914218e-04 -1.998068868097613304e-04 -7.850101852746593778e-05 5.103782958371105849e-06 7.461524713059386471e-05 1.115492638564807848e-04 1.358585240228693536e-04 1.398018450059490547e-04 1.315350342833143671e-04 1.139351205361460728e-04 8.739944718261227763e-05 6.116203850159429578e-05 3.256704893550566027e-05 1.240371096822290298e-05 -2.362074498329924666e-06 -4.417843986415093127e-06 0.000000000000000000e+00 -2.428953836841607483e-06 2.212996284267632063e-05 9.263741643983358642e-05 2.281035102930095704e-04 4.433040609278515731e-04 7.495311370782076210e-04 1.176470263574813657e-03 1.711103722785933812e-03 2.424487958070820071e-03 3.258725179334009958e-03 4.336223729778376779e-03 5.577923688601549301e-03 7.081325638788493748e-03 8.845890083368224133e-03 1.084976124623582283e-02 1.329000004546621039e-02 1.595162590903986821e-02 1.918716675192089216e-02 2.279339573866701052e-02 2.686882784860822326e-02 3.175102480567026930e-02 3.696581228621476090e-02 4.343282263424830258e-02 5.064493383400270332e-02 5.868299348463656973e-02 6.960051571070990928e-02 8.140798886937128387e-02
-4.268850649112887474e-02 -4.245811684378641981e-02 -4.212704441618098095e-02 -4.170952731343402498e-02 -4.121102467773096745e-02 -4.063640200237339517e-02 -3.999550558423314861e-02 -3.929115563407115097e-02 -3.853353701496531336e-02 -3.772577853835501482e-02 -3.687008148738624147e-02 -3.597406880633524651e-02 -3.504535713162082455e-02 -3.408014299567518890e-02 -3.308767528995137930e-02 -3.207032513479735059e-02 -3.103272746620278078e-02 -2.997622833411428545e-02 -2.890617632776515400e-02 -2.782230403599816881e-02 -2.673282117505981770e-02 -2.563714343984335731e-02 -2.453834848983538208e-02 -2.343999064052160186e-02 -2.234611005164577335e-02 -2.125538081012212643e-02 -2.017273093004479101e-02 -1.910203024668177818e-02 -1.804267283287241952e-02 -1.699924795441942749e-02 -1.597336664501314285e-02 -1.496617007214318118e-02 -1.397994961433202121e-02 -1.301632887711900999e-02 -1.207683411232396420e-02 -1.116334034527899366e-02 -1.027867876093557786e-02 -9.425746900705411768e-03 -8.603066642466794534e-03 -7.811704519440243466e-03 -7.052457386830912611e-03 -6.331979885926930507e-03 -5.647039592627467464e-03 -4.996104915286569970e-03 -4.379443767445589941e-03 -3.808816096284473041e-03 -3.272619040167845661e-03 -2.770023292753998057e-03 -2.313646607145392053e-03 -1.894906459302347912e-03 -1.508605517102301619e-03 -1.169746485317091356e-03 -8.640843780219897852e-04 -5.898029205786414764e-04 -3.634591215840865530e-04 -1.630338748768167534e-04 -6.404016332783868393e-07 1.294139250400672125e-04 2.361119276605982975e-04 3.026861263529800894e-04 3.549008129214437091e-04 3.720441800848517389e-04 3.760090913504932075e-04 3.578282548492017767e-04 3.263280741711005462e-04 2.844385744291688667e-04 2.321224305235070062e-04 1.798225135627440352e-04 1.237572963860289477e-04 7.698540437639511680e-05 3.522689878965312715e-05 9.756881600542222088e-06 -2.428953836841607483e-06 0.000000000000000000e+00 1.818381984763917103e-06 3.604092188702612276e-05 1.261260640668115940e-04 2.889660190532605810e-04 5.373287567743689763e-04 8.994028495485917318e-04 1.366170550381795579e-03 2.003162517060785852e-03 2.759901860797775441e-03 3.750480093751673571e-03 4.903585254930065140e-03 6.311793844180901836e-03 7.976443081220363496e-03 9.877980727137525285e-03 1.220629392260652590e-02 1.475677308201528426e-02 1.787051212523926846e-02 2.135317575470219165e-02 2.530157883295169885e-02 3.004676261348648847e-02 3.512757952235823211e-02 4.144734447712805636e-02 4.851174623764220595e-02 5.640284040455700865e-02 6.715750972766965088e-02 7.881250147154938990e-02
-4.281459449970903552e-02 -4.255792213218689835e-02 -4.220128121240585006e-02 -4.175885089497710645e-02 -4.123604514055134729e-02 -4.063768700345238294e-02 -3.997359313951409643e-02 -3.924653489110230264e-02 -3.846667675974657641e-02 -3.763709994229624822e-02 -3.676002230036101714e-02 -3.584305033866985735e-02 -3.489377151912409492e-02 -3.390840762789126828e-02 -3.289616233440595394e-02 -3.185941469229014444e-02 -3.080287517021251809e-02 -2.972777704139306643e-02 -2.863950389266600727e-02 -2.753788834609172120e-02 -2.643109681667021871e-02 -2.531851884748614889e-02 -2.420325293202441053e-02 -2.308888548213372527e-02 -2.197949688819522684e-02 -2.087373002243131381e-02 -1.977656778512748570e-02 -1.869192627916893557e-02 -1.761917521457267988e-02 -1.656296642514054618e-02 -1.552492400751992463e-02 -1.450619283286536110e-02 -1.350909068955041814e-02 -1.253525375849939838e-02 -1.158621919348223894e-02 -1.066388299186826760e-02 -9.771227568810325614e-03 -8.911238700846868532e-03 -8.082277704844487154e-03 -7.285417522145620772e-03 -6.521454335944087966e-03 -5.797484795223462051e-03 -5.110025877431922936e-03 -4.457401441475772330e-03 -3.839877054642282239e-03 -3.270039054878992602e-03 -2.735485415918392782e-03 -2.235333483075030436e-03 -1.783109228057466744e-03 -1.369653856392094582e-03 -9.894396028402585586e-04 -6.586587445661651330e-04 -3.620827362648126879e-04 -9.781668849684344025e-05 1.161896361022707325e-04 3.035756085930652048e-04 4.511005186981220660e-04 5.647630094334221695e-04 6.542041188316582989e-04 7.008791064413433247e-04 7.328169156497477132e-04 7.269398653583225567e-04 7.071717497806329078e-04 6.632279885351310966e-04 6.046134543649106519e-04 5.342754405686100938e-04 4.516613888239096042e-04 3.684129505433508811e-04 2.794283519514939584e-04 1.999570123144556177e-04 1.239845369020997623e-04 6.599729795420117284e-05 2.212996284267632063e-05 1.818381984763917103e-06 0.000000000000000000e+00 4.486323956109927735e-06 4.978057933224810938e-05 1.588510329832981682e-04 3.468546850927678449e-04 6.407043276788204622e-04 1.035795268236716637e-03 1.591843598475084498e-03 2.266340548038869862e-03 3.164517968278990345e-03 4.223360707246381907e-03 5.530176239069706234e-03 7.088314318561272920e-03 8.880687578519119718e-03 1.108946647598885171e-02 1.352118429706306024e-02 1.650459722269825846e-02 1.985494209603100302e-02 2.366716455129880270e-02 2.826520318782543839e-02 3.320202509929937040e-02 3.936308559935686180e-02 4.626801092471577448e-02 5.400008622219198973e-02 6.457749494084530362e-02 7.606603638288500502e-02
-4.282694397099429118e-02 -4.254315339264480578e-02 -4.216015712544163296e-02 -4.169207121073148503e-02 -4.114426383621372363e-02 -4.052151523537528277e-02 -3.983360987396755704e-02 -3.908327014643553365e-02 -3.828063718801266724e-02 -3.742874400358831011e-02 -3.652982642822266701e-02 -3.559147229287185077e-02 -3.462123697529351229e-02 -3.361537215014887003e-02 -3.258303181653277036e-02 -3.152660360283010554e-02 -3.045087468339546799e-02 -2.935696328000358957e-02 -2.825028732908252405e-02 -2.713078446153061041e-02 -2.600657276965689935e-02 -2.487701684259824297e-02 -2.374523616166046569e-02 -2.261484936966895454e-02 -2.148997695817489451e-02 -2.036923228408804576e-02 -1.925765275341995153e-02 -1.815920074027910225e-02 -1.707322291899227018e-02 -1.600443352980329692e-02 -1.495447031991348208e-02 -1.392448253840805616e-02 -1.291681474786199324e-02 -1.193311609939640139e-02 -1.097493500286239598e-02 -1.004418870105328043e-02 -9.144015688275497489e-03 -8.277491923312618738e-03 -7.442814182987866900e-03 -6.641062001542352711e-03 -5.873030963596037601e-03 -5.146273019164038232e-03 -4.457048258760587522e-03 -3.803532095545070213e-03 -3.185988119803973007e-03 -2.617853716495477379e-03 -2.085906063692299917e-03 -1.589208517532969545e-03 -1.142222054370090056e-03 -7.351962174019233132e-04 -3.622650525431092561e-04 -4.084755829547592754e-05 2.452946082760476543e-04 4.981349749838548391e-04 6.982885079374057113e-04 8.710580663031652904e-04 1.002037990796900147e-03 1.097536880636851286e-03 1.167868539485028556e-03 1.192650816326912278e-03 1.202237766530833696e-03 1.171103606490975224e-03 1.125252821819411331e-03 1.053027435554909630e-03 9.646114274194372840e-04 8.629439876167710466e-04 7.469050737618498914e-04 6.293234850990314655e-04 5.036588700967348231e-04 3.873068562327830477e-04 2.722607822578382297e-04 1.759370755167743994e-04 9.263741643983358642e-05 3.604092188702612276e-05 4.486323956109927735e-06 0.000000000000000000e+00 8.720605969014805225e-06 6.638374744305508557e-05 1.944940571143582986e-04 4.194888666351204165e-04 7.416715397093875950e-04 1.214889103834826400e-03 1.804991849698733830e-03 2.608064912845597938e-03 3.569743056249907731e-03 4.771873419832650676e-03 6.219910483802548740e-03 7.899336993672956275e-03 9.984282372959785157e-03 1.229289482896966934e-02 1.514104428614060360e-02 1.835395536543826811e-02 2.202460183959020767e-02 2.646945915654685955e-02 3.125627899814786836e-02 3.725169666770811183e-02 4.398996980896885400e-02 5.155562209335839974e-02 6.194679877972808502e-02 7.326011337962001768e-02
-4.270532728705600523e-02 -4.239301045227383824e-02 -4.198231583589262517e-02 -4.148729088771341278e-02 -4.091325744075757775e-02 -4.026495260904228157e-02 -3.955212538156416269e-02 -3.877744923981518710e-02 -3.795103799628574137e-02 -3.707587577710180771e-02 -3.615421860839385104e-02 -3.519363270455122539e-02 -3.420163739255044355e-02 -3.317452101290507827e-02 -3.212138170131650927e-02 -3.104461675942227217e-02 -2.994909204062867758e-02 -2.883580741343072518e-02 -2.771021445419497020e-02 -2.657236323233103104e-02 -2.543031640519077818e-02 -2.428341538359557461e-02 -2.313480100881604162e-02 -2.198812452156229114e-02 -2.084754649282993810e-02 -1.971165325646628830e-02 -1.858553635453386033e-02 -1.747320459742018883e-02 -1.637398356605646033e-02 -1.529264984146527784e-02 -1.423085573917193258e-02 -1.318975590750470772e-02 -1.217172228311724780e-02 -1.117841758958493248e-02 -1.021140201988190999e-02 -9.272614472361828675e-03 -8.365356827637393522e-03 -7.492798180303794631e-03 -6.652964591355225998e-03 -5.846942357573547966e-03 -5.075526427256282780e-03 -4.346744186152551315e-03 -3.656589004599197779e-03 -3.003081633838777798e-03 -2.386483930022054167e-03 -1.821121789147950309e-03 -1.292917991843833825e-03 -8.008803962040733637e-04 -3.604456067840544620e-04 3.875279782061813449e-05 4.029317311863289675e-04 7.133891610738851696e-04 9.874146955566320827e-04 1.227061848297461566e-03 1.411446095661239575e-03 1.567602310370008745e-03 1.679904124348818861e-03 1.754978623456415754e-03 1.803838029869164750e-03 1.804173311245049760e-03 1.788761990700216131e-03 1.729508545240565631e-03 1.654582763449763405e-03 1.550876019546065798e-03 1.429265265581625144e-03 1.292660122757083307e-03 1.139316923209898746e-03 9.832709851097520826e-04 8.164170141998772223e-04 6.583244666070742213e-04 4.987702880332456346e-04 3.580395814153369827e-04 2.281035102930095704e-04 1.261260640668115940e-04 4.978057933224810938e-05 8.720605969014805225e-06 0.000000000000000000e+00 1.277985622594179915e-05 8.162121270571809362e-05 2.362996121126892390e-04 4.831242532981061544e-04 8.700626741339201331e-04 1.371955629853927050e-03 2.075293535182098914e-03 2.934913237707226230e-03 4.026896793935530461e-03 5.358945712593543576e-03 6.919274196574232150e-03 8.873458851443416506e-03 1.105200315791454724e-02 1.375702534511547004e-02 1.682439274793057216e-02 2.034494242783468909e-02 2.462712028525348984e-02 2.925451883208218806e-02 3.507343573380217183e-02 4.163386319649464706e-02 4.902157331733703050e-02 5.921257394060275292e-02 7.033709550285294210e-02
-4.244280253223331467e-02 -4.210063022228582863e-02 -4.166097059613582676e-02 -4.113779716844545575e-02 -4.053638477557508502e-02 -3.986142704327211295e-02 -3.912263424759365726e-02 -3.832263094561827454e-02 -3.747149976450614428e-02 -3.657217526947509345e-02 -3.562693566302654880e-02 -3.464332267103498175e-02 -3.362881576198961664e-02 -3.257974625533099911e-02 -3.150515053749725070e-02 -3.040743653972111105e-02 -2.929155047704856685e-02 -2.815837084571315430e-02 -2.701338207743553266e-02 -2.585675348213711811e-02 -2.469648557620018892e-02 -2.353189825240731281e-02 -2.236615397984054177e-02 -2.120293684486262986e-02 -2.004644737434990720e-02 -1.889524721675939212e-02 -1.775448158077430616e-02 -1.662820576285706231e-02 -1.551572606340234639e-02 -1.442188121917631349e-02 -1.334833892004205769e-02 -1.229626012894624587e-02 -1.126804464954433982e-02 -1.026536929342047877e-02 -9.289806485766716193e-03 -8.343317110117709490e-03 -7.429373029103847337e-03 -6.551239090165528189e-03 -5.706765060487062335e-03 -4.897044130117378380e-03 -4.122870559231550658e-03 -3.392765350539228564e-03 -2.702446285828163930e-03 -2.049773829203016540e-03 -1.435008315415209346e-03 -8.733979860177099042e-04 -3.499809057073699492e-04 1.362919276161056459e-04 5.689716057671878602e-04 9.590624565648520061e-04 1.313143877512579216e-03 1.611179896391479183e-03 1.871548847834358931e-03 2.096385470744532853e-03 2.263247740954321685e-03 2.400964515537840072e-03 2.492638340567232547e-03 2.545222584329986937e-03 2.570451271866058818e-03 2.544007682666604708e-03 2.501182212618857648e-03 2.411199831313548536e-03 2.304472987043726384e-03 2.166373339555605071e-03 2.008484833865620267e-03 1.833670256797259590e-03 1.639514723949186958e-03 1.441283097930901036e-03 1.229199216291609886e-03 1.025047132970913211e-03 8.162127140566299843e-04 6.258542951569356916e-04 4.433040609278515731e-04 2.889660190532605810e-04 1.588510329832981682e-04 6.638374744305508557e-05 1.277985622594179915e-05 0.000000000000000000e+00 1.632793663208786938e-05 1.014416659165240375e-04 2.717940981284971969e-04 5.700182189976032987e-04 9.807152260475904271e-04 1.580455067739294783e-03 2.333826811323880257e-03 3.310892443744384295e-03 4.521746056501796396e-03 5.957491270682901963e-03 7.774686904083671912e-03 9.816877596532158634e-03 1.237163473627700405e-02 1.528607387447278310e-02 1.864874433080365712e-02 2.275953840672984008e-02 2.721886689550390148e-02 3.285128162799244578e-02 3.922353032594005917e-02 4.642264089347492018e-02 5.640051421436809154e-02 6.732360898597333776e-02
-4.203557309748129356e-02 -4.166243785626810858e-02 -4.119276237946856156e-02 -4.064044129914790027e-02 -4.001070168828213536e-02 -3.930819316618772152e-02 -3.854258425322742987e-02 -3.771645043239579831e-02 -3.683983958394199121e-02 -3.591563601775749071e-02 -3.494614162755993458e-02 -3.393887100191572692e-02 -3.290126033650109250e-02 -3.182968921370765703e-02 -3.073312710632070122e-02 -2.961399325765201596e-02 -2.847731540850684251e-02 -2.732384819423894218e-02 -2.615910804427690195e-02 -2.498338903553265489e-02 -2.380462377412340125e-02 -2.262211201738184574e-02 -2.143903795794310785e-02 -2.025911859610285415e-02 -1.908659415107805124e-02 -1.792000356326539645e-02 -1.676454513049718820e-02 -1.562432053167428503e-02 -1.449861831016263647e-02 -1.339233903384673408e-02 -1.230716638065310065e-02 -1.124426835358716126e-02 -1.020607295944109261e-02 -9.194271481106519595e-03 -8.210448914716117486e-03 -7.256588360950555483e-03 -6.336336936574316070e-03 -5.453057303454689198e-03 -4.604418519791320108e-03 -3.791520784229063246e-03 -3.015157648168065307e-03 -2.284358314004641954e-03 -1.594557976156374401e-03 -9.434523653067961035e-04 -3.313005206341257392e-04 2.256997582206210495e-04 7.434192751769597152e-04 1.222964902122258835e-03 1.646845842665944915e-03 2.026721793917274361e-03 2.369543782197780502e-03 2.653900616249038613e-03 2.899289350133504861e-03 3.107926811027228453e-03 3.255766238640878107e-03 3.373480440229448263e-03 3.442859714521850911e-03 3.471189678806552159e-03 3.470945047977735953e-03 3.415735009284492918e-03 3.343435753203172212e-03 3.220502424392757135e-03 3.079653410886673548e-03 2.904683730483359483e-03 2.707895768509938073e-03 2.492091607175783707e-03 2.254146258019895654e-03 2.010574918803409439e-03 1.749845033911845427e-03 1.495994988723436947e-03 1.233883847275296652e-03 9.895688131535962384e-04 7.495311370782076210e-04 5.373287567743689763e-04 3.468546850927678449e-04 1.944940571143582986e-04 8.162121270571809362e-05 1.632793663208786938e-05 0.000000000000000000e+00 2.275849869126655989e-05 1.180492720614934044e-04 3.268203668967961661e-04 6.446709459898558592e-04 1.138167996974748242e-03 1.782220078288876408e-03 2.640692446404191429e-03 3.726225128353410909e-03 5.032964767234582304e-03 6.708052319858492929e-03 8.608684938102073581e-03 1.100718453116178441e-02 1.376245531765118990e-02 1.696062318625390919e-02 2.089255475050033617e-02 2.517635892573499845e-02 3.061355582638536355e-02 3.678857616519437546e-02 4.378969989144754216e-02 5.354286147694908848e-02 6.425318441679339632e-02
-4.144807312433995694e-02 -4.104188720235280030e-02 -4.054019213036008651e-02 -3.995679648385985772e-02 -3.929687884164945189e-02 -3.856504445919084478e-02 -3.777091580040425889e-02 -3.691701935447799787e-02 -3.601336306377611596e-02 -3.506278013037644747e-02 -3.406759903789569055e-02 -3.303530338067506289e-02 -3.197328088022100001e-02 -3.087796829169542345e-02 -2.975826006352177977e-02 -2.861658819585777280e-02 -2.745806443329912305e-02 -2.628331537777595095e-02 -2.509788846592075906e-02 -2.390221217926147279e-02 -2.270414190607661364e-02 -2.150295964700033036e-02 -2.030187176894537870e-02 -1.910462862524908711e-02 -1.791551002014601934e-02 -1.673303552259175486e-02 -1.556245592846172698e-02 -1.440791943365704597e-02 -1.326869941059549696e-02 -1.214975805036211387e-02 -1.105279618539878328e-02 -9.978990171082724459e-03 -8.930796934633722373e-03 -7.909922959949078347e-03 -6.917966443388712250e-03 -5.956933158073662860e-03 -5.030654815062818308e-03 -4.142595599245235682e-03 -3.290235844947697608e-03 -2.474682861162924574e-03 -1.696729305148747535e-03 -9.659384291250683319e-04 -2.774500450861694389e-04 3.712130753608100520e-04 9.797931230252077128e-04 1.531094493140927604e-03 2.041940568441202863e-03 2.513498432910710179e-03 2.927183111296027818e-03 3.295341619275804490e-03 3.625313793058859702e-03 3.894240507702484422e-03 4.122792200462521706e-03 4.313270541076996700e-03 4.439941218192577921e-03 4.535411751163676009e-03 4.580088797623060870e-03 4.581603108055332108e-03 4.553206215770044807e-03 4.466318330135110592e-03 4.361534490050278379e-03 4.202384169880946096e-03 4.024009068143041823e-03 3.808533141605230377e-03 3.569005401903635466e-03 3.308152667496289112e-03 3.022084078825537645e-03 2.728618674625593599e-03 2.414339752126681837e-03 2.105641820099535266e-03 1.784665226788106906e-03 1.480482526029058832e-03 1.176470263574813657e-03 8.994028495485917318e-04 6.407043276788204622e-04 4.194888666351204165e-04 2.362996121126892390e-04 1.014416659165240375e-04 2.275849869126655989e-05 0.000000000000000000e+00 2.453915081979118895e-05 1.418171171642113038e-04 3.629881502036358398e-04 7.447404767173537721e-04 1.273328498433090594e-03 2.006119881452828047e-03 2.958559028157337067e-03 4.128091433520775233e-03 5.651749526451088634e-03 7.401424053872451836e-03 9.632985037119290439e-03 1.221804626240452496e-02 1.524007743765787293e-02 1.898012219475542217e-02 2.307547868932202650e-02 2.830247049625034261e-02 3.426478423733159140e-02 4.105195092305102822e-02 5.056088211433984458e-02 6.103943872183670294e-02
-4.071718731121021229e-02 -4.027741015981700645e-02 -3.974319449000773830e-02 -3.912825908610584325e-02 -3.843773313416198878e-02 -3.767617680134383029e-02 -3.685316408152761181e-02 -3.597117213835865357e-02 -3.504016628653194854e-02 -3.406292801490196087e-02 -3.304181283566454130e-02 -3.198427134925085902e-02 -3.089764046604748238e-02 -2.977841690802196517e-02 -2.863541681202730338e-02 -2.747108499682981986e-02 -2.629061717203751147e-02 -2.509451076656243895e-02 -2.388834324067456993e-02 -2.267267992859878234e-02 -2.145529556959890893e-02 -2.023545514704272463e-02 -1.901638691835938477e-02 -1.780187423527246349e-02 -1.659623592098824485e-02 -1.539797328022496359e-02 -1.421238879312680670e-02 -1.304367670427963866e-02 -1.189109603974547458e-02 -1.075966995826194150e-02 -9.651116590604247314e-03 -8.566620904704613793e-03 -7.508668691854625266e-03 -6.478981691430685252e-03 -5.479171353213740936e-03 -4.511266088200072133e-03 -3.579284217705591686e-03 -2.686792083920530594e-03 -1.831079725181816720e-03 -1.013261607564208688e-03 -2.341295245666952241e-04 4.962136286906781990e-04 1.182925843930315857e-03 1.828658852327746942e-03 2.433155824730470762e-03 2.978212870580532190e-03 3.481614664962218164e-03 3.944588596811016146e-03 4.347444031156166844e-03 4.703221466670903794e-03 5.019652536177199309e-03 5.272413762765881806e-03 5.483359768232110021e-03 5.654876785934570549e-03 5.759523972867275354e-03 5.831861972459329024e-03 5.850896742693789676e-03 5.824605298554219601e-03 5.767022364176144222e-03 5.647351250541166046e-03 5.508933558811879294e-03 5.312334847372257585e-03 5.095143809382474132e-03 4.837787890575984129e-03 4.554064811357672049e-03 4.246617650338735395e-03 3.910770061720025836e-03 3.565650230238692764e-03 3.195916752000482752e-03 2.830333227445414046e-03 2.448258385704393802e-03 2.081788572239395840e-03 1.711103722785933812e-03 1.366170550381795579e-03 1.035795268236716637e-03 7.416715397093875950e-04 4.831242532981061544e-04 2.717940981284971969e-04 1.180492720614934044e-04 2.453915081979118895e-05 0.000000000000000000e+00 3.486730144641736473e-05 1.626991732690541426e-04 4.340316679335431971e-04 8.475324539771733612e-04 1.454288961954541826e-03 2.272771267116002747e-03 3.303880087516253283e-03 4.674382921634800958e-03 6.271204414972753050e-03 8.333417518767149978e-03 1.074563672713801932e-02 1.358861080847817426e-02 1.713330822087710814e-02 2.103669166176846961e-02 2.604917405756090876e-02 3.179420291552759181e-02 3.836254712110431786e-02 4.762095512185449131e-02 5.786144497380674157e-02
-3.974820717028459960e-02 -3.927162501380132564e-02 -3.870179074369695105e-02 -3.805232342115794086e-02 -3.732830194740222041e-02 -3.653424102381452876e-02 -3.567966027152558173e-02 -3.476698770506037039e-02 -3.380613883729799429e-02 -3.279984231378885173e-02 -3.175048489767884341e-02 -3.066547886513948384e-02 -2.955210302555999480e-02 -2.840692680524525837e-02 -2.723867660717671502e-02 -2.604981222944491304e-02 -2.484561694930420561e-02 -2.362645317466538497e-02 -2.239792707071663891e-02 -2.116075460230215644e-02 -1.992261671845751980e-02 -1.868276482442721154e-02 -1.744444977887238402e-02 -1.621148863742238877e-02 -1.498823914318547779e-02 -1.377318916063252630e-02 -1.257169205810593215e-02 -1.138798838288568316e-02 -1.022132654852803135e-02 -9.076790434045189926e-03 -7.956117166633691618e-03 -6.860502235208620903e-03 -5.792461356336930933e-03 -4.753732583727465766e-03 -3.745941531806407099e-03 -2.771139911185160898e-03 -1.833546014240350353e-03 -9.368336659293374780e-04 -7.809109565970473454e-05 7.415599700729691435e-04 1.521328933353660595e-03 2.250536176152451162e-03 2.934655939610952835e-03 3.576526395731915997e-03 4.175891769018003075e-03 4.713470498768246308e-03 5.208071691250704127e-03 5.660986713027060802e-03 6.051343994584956754e-03 6.392923930859883974e-03 6.693875261790549480e-03 6.928305216186703142e-03 7.119332237671138763e-03 7.269431860531305745e-03 7.349337015252310756e-03 7.395694225304838554e-03 7.386005884101987107e-03 7.328615009598693497e-03 7.238393842713630733e-03 7.082162454004836682e-03 6.906205705464185662e-03 6.667899486674122578e-03 6.407454470388040946e-03 6.103466996661754962e-03 5.770529397462587085e-03 5.411186035407911099e-03 5.019900440984659262e-03 4.617199821399409210e-03 4.185642880591977644e-03 3.756533169935849514e-03 3.306190955044363555e-03 2.869952000999820285e-03 2.424487958070820071e-03 2.003162517060785852e-03 1.591843598475084498e-03 1.214889103834826400e-03 8.700626741339201331e-04 5.700182189976032987e-04 3.268203668967961661e-04 1.418171171642113038e-04 3.486730144641736473e-05 0.000000000000000000e+00 3.474993907592871523e-05 1.890324863720316273e-04 4.788847339786128643e-04 9.492609646039040783e-04 1.622250909706135502e-03 2.502679693057063837e-03 3.706029249561981764e-03 5.135872763826654364e-03 7.012640995828434143e-03 9.235375524742961417e-03 1.188173882137555371e-02 1.521138662616206005e-02 1.890326530690467077e-02 2.367847297374858773e-02 2.918269306080034653e-02 3.550790446723295357e-02 4.448580051424921855e-02 5.445908593912607287e-02
-3.863898314409708323e-02 -3.812553889242586980e-02 -3.752005307163586156e-02 -3.683604239059345975e-02 -3.607853451111420195e-02 -3.525199782435417539e-02 -3.436589574177884021e-02 -3.342260670384045174e-02 -3.243199450437395104e-02 -3.139673446443924654e-02 -3.031924413663489304e-02 -2.920689605103143904e-02 -2.806690953364809893e-02 -2.689592739318147352e-02 -2.570258464913888208e-02 -2.448935561932119587e-02 -2.326161008506433259e-02 -2.201957548415545141e-02 -2.076888559771683518e-02 -1.951040683840365997e-02 -1.825172493955640185e-02 -1.699207793996904137e-02 -1.573473869558350557e-02 -1.448355724617667040e-02 -1.324292942810079143e-02 -1.201133004483467825e-02 -1.079416232981733614e-02 -9.595712339809603364e-03 -8.415218117537093256e-03 -7.257823304405941478e-03 -6.125283765069156061e-03 -5.018805370999079862e-03 -3.940933359124709767e-03 -2.893421864722078851e-03 -1.877910467713461706e-03 -8.964738997170318413e-04 4.647037846905455183e-05 9.471416855734160478e-04 1.808652717639858132e-03 2.629874515622132591e-03 3.410017616262694951e-03 4.137827910202895865e-03 4.819094350702046725e-03 5.456840591051559386e-03 6.050811648828591238e-03 6.580652431315225925e-03 7.066191746758154757e-03 7.508784230645493274e-03 7.886381779639184408e-03 8.213500996077205407e-03 8.498705295973740803e-03 8.714538077612576927e-03 8.885375556995644963e-03 9.013781245275409582e-03 9.068667884702175108e-03 9.088758359810045206e-03 9.050055759127650923e-03 8.961265962271425245e-03 8.838093828829385323e-03 8.644982558492664282e-03 8.431147410806194564e-03 8.150782779975718206e-03 7.846709185099109973e-03 7.495694183946577382e-03 7.113117761000986583e-03 6.701420831175308734e-03 6.254203238438060808e-03 5.793379974551204903e-03 5.299406738459633281e-03 4.806109457653140460e-03 4.286763858880271449e-03 3.779919738729264900e-03 3.258725179334009958e-03 2.759901860797775441e-03 2.266340548038869862e-03 1.804991849698733830e-03 1.371955629853927050e-03 9.807152260475904271e-04 6.446709459898558592e-04 3.629881502036358398e-04 1.626991732690541426e-04 3.474993907592871523e-05 0.000000000000000000e+00 4.838757105585234086e-05 2.199922303401935508e-04 5.575727114153217201e-04 1.087715186902316056e-03 1.819524095270641517e-03 2.857360599783809185e-03 4.121560107939847839e-03 5.813943541317367902e-03 7.848034811167803326e-03 1.029842689454774085e-02 1.341343978865217057e-02 1.689407116287766630e-02 2.143199038431320425e-02 2.669518430346740079e-02 3.277683065206671298e-02 4.147322927034080564e-02 5.117807752502978591e-02
-3.723092635995406408e-02 -3.667668497196741040e-02 -3.603175050801665780e-02 -3.530952536580178602e-02 -3.451498472874270362e-02 -3.365255004190570443e-02 -3.273162138871477111e-02 -3.175452767648723196e-02 -3.073107238715211409e-02 -2.966387607682885452e-02 -2.855539190223577162e-02 -2.741294626319001893e-02 -2.624369032075279939e-02 -2.504435512657310348e-02 -2.382347081404312394e-02 -2.258352866790136471e-02 -2.132998898780957830e-02 -2.006293746779741483e-02 -1.878803382367977282e-02 -1.750631084955411865e-02 -1.622524364962141252e-02 -1.494406090427768952e-02 -1.366605820371535884e-02 -1.239511930876235901e-02 -1.113567791049829836e-02 -9.886201408464079243e-03 -8.652141827872439350e-03 -7.437830945012047223e-03 -6.242500787112081895e-03 -5.071354350199230865e-03 -3.926168171166533050e-03 -2.808160705351725461e-03 -1.719907897281158782e-03 -6.631811574357993067e-04 3.603649322879709516e-04 1.348631871168404217e-03 2.296987671019157240e-03 3.201538654320934540e-03 4.065611699657911693e-03 4.888070504493580160e-03 5.668127133319766919e-03 6.393910197932672901e-03 7.071544589094425071e-03 7.704253227209911792e-03 8.291782046742413037e-03 8.812622163587247037e-03 9.287695045427368790e-03 9.718422931041970081e-03 1.008149393795310100e-02 1.039221463838924109e-02 1.065959263483751140e-02 1.085448547709011446e-02 1.100261974212346505e-02 1.110665270256983028e-02 1.113353731216559783e-02 1.112422790894818103e-02 1.105310832062977866e-02 1.092927040427105201e-02 1.076931593261343245e-02 1.053511614955882081e-02 1.027904859687822636e-02 9.951861056373800807e-03 9.599190970408510992e-03 9.195819614067346492e-03 8.757970085002120264e-03 8.287964539442804757e-03 7.778452731895812988e-03 7.252848333196837416e-03 6.689299478580768010e-03 6.124365458518910010e-03 5.527978784841014459e-03 4.942175222312328309e-03 4.336223729778376779e-03 3.750480093751673571e-03 3.164517968278990345e-03 2.608064912845597938e-03 2.075293535182098914e-03 1.580455067739294783e-03 1.138167996974748242e-03 7.447404767173537721e-04 4.340316679335431971e-04 1.890324863720316273e-04 4.838757105585234086e-05 0.000000000000000000e+00 4.988371712277839265e-05 2.443695923614042087e-04 6.187739021054072808e-04 1.187716476498068552e-03 2.043389268637674228e-03 3.125005884746068219e-03 4.613501023722599292e-03 6.438703280320701161e-03 8.671677229315499780e-03 1.154783728453678826e-02 1.479319104301057841e-02 1.906557925498109096e-02 2.405848858189973960e-02 2.986621676503509182e-02 3.824315684022561168e-02 4.764265881109419620e-02
-3.564559021503987957e-02 -3.504991738778162613e-02 -3.436493921559991005e-02 -3.360393976159636864e-02 -3.277184068680316642e-02 -3.187301562721434056e-02 -3.091679866595731241e-02 -2.990546882946987228e-02 -2.884876634250244098e-02 -2.774925640996517284e-02 -2.660942790007225778e-02 -2.543655890117413332e-02 -2.423773000561657565e-02 -2.300976297724510733e-02 -2.176107982427710752e-02 -2.049418863028018567e-02 -1.921463953231650201e-02 -1.792237587058853610e-02 -1.662308195060380189e-02 -1.531795857198436916e-02 -1.401436695999469517e-02 -1.271152717966461676e-02 -1.141275701117749897e-02 -1.012197325890284993e-02 -8.843646552112671699e-03 -7.576238002138691030e-03 -6.325247186795501797e-03 -5.095050761746433565e-03 -3.884875543115340335e-03 -2.699982774107767547e-03 -1.542169613145349949e-03 -4.126672135349451764e-04 6.859180844499546126e-04 1.751797716135650163e-03 2.783302204434678906e-03 3.778309518581490778e-03 4.731972316882604446e-03 5.640283959864045293e-03 6.506786041048484570e-03 7.330334975118257823e-03 8.110144382640349647e-03 8.833723301053919563e-03 9.507533300554982247e-03 1.013499714270527097e-02 1.071586150122971759e-02 1.122745933223856518e-02 1.169180786195023192e-02 1.211039678003256181e-02 1.245864562194465286e-02 1.275265309632067634e-02 1.300187183692713688e-02 1.317546602809605005e-02 1.330051662854614403e-02 1.337977417507740796e-02 1.337822312440650752e-02 1.333905663621093307e-02 1.323503089544841860e-02 1.307562339272461127e-02 1.287833530535276161e-02 1.260245163041084915e-02 1.230352504805654057e-02 1.192883677831446665e-02 1.152685238747896967e-02 1.107035306267656338e-02 1.057640531276893281e-02 1.004720772568434839e-02 9.474448863072026938e-03 8.883044548206098234e-03 8.248812884700473802e-03 7.611056509901015232e-03 6.936331315709809431e-03 6.270171629096932264e-03 5.577923688601549301e-03 4.903585254930065140e-03 4.223360707246381907e-03 3.569743056249907731e-03 2.934913237707226230e-03 2.333826811323880257e-03 1.782220078288876408e-03 1.273328498433090594e-03 8.475324539771733612e-04 4.788847339786128643e-04 2.199922303401935508e-04 4.988371712277839265e-05 0.000000000000000000e+00 6.077773788237816888e-05 2.829719956266574243e-04 6.906963422615985948e-04 1.364678503296024026e-03 2.263599012430228541e-03 3.547379895073810019e-03 5.162472104537796369e-03 7.176404363639199424e-03 9.811497408543035093e-03 1.281919079337567879e-02 1.682287463163112395e-02 2.154198075821922576e-02 2.707190754738264538e-02 3.512402895048027940e-02 4.421268023007685066e-02
-3.377151372800590856e-02 -3.313133920052868664e-02 -3.240335712506614563e-02 -3.160072320882501007e-02 -3.072830421940386803e-02 -2.979042509016915918e-02 -2.879634780017370499e-02 -2.774830132094274759e-02 -2.665595539486353971e-02 -2.552181862537805657e-02 -2.434841877187865489e-02 -2.314298024668826059e-02 -2.191250606467065598e-02 -2.065391977222541531e-02 -1.937552465017988723e-02 -1.807984709268939394e-02 -1.677252919018901167e-02 -1.545336733872604285e-02 -1.412806852432446636e-02 -1.279801272487945951e-02 -1.147043547484682957e-02 -1.014455128953872798e-02 -8.823700291848868282e-03 -7.511832398315987369e-03 -6.213454447044797213e-03 -4.927025638101767413e-03 -3.658091619967884789e-03 -2.411073549274500571e-03 -1.185196360106055558e-03 1.422142410922866418e-05 1.185360807204993705e-03 2.326976430930494111e-03 3.436430984342764283e-03 4.511918054605379425e-03 5.551752660173936427e-03 6.553788898207013602e-03 7.512953812962352984e-03 8.425123906259601725e-03 9.294064224213416381e-03 1.011862386818795922e-02 1.089801829194669835e-02 1.161910830296386532e-02 1.228870609495047450e-02 1.291044342240832421e-02 1.348406771641508239e-02 1.398569986953113187e-02 1.443850132920609930e-02 1.484403200893447128e-02 1.517638413245270268e-02 1.545248431090517904e-02 1.568224978981358486e-02 1.583306847310772536e-02 1.593343768087929213e-02 1.598620489515689691e-02 1.595429089847033577e-02 1.588323235890864993e-02 1.574407549690404196e-02 1.554669826401156030e-02 1.530954496091141426e-02 1.498917922430442751e-02 1.464448798638429139e-02 1.421910167303530592e-02 1.376445641624679528e-02 1.325122307529880139e-02 1.269734880136241806e-02 1.210489730366803851e-02 1.146453370667055438e-02 1.080275360140492413e-02 1.009289858139350571e-02 9.377164114460101452e-03 8.618515253093650408e-03 7.866179693606478729e-03 7.081325638788493748e-03 6.311793844180901836e-03 5.530176239069706234e-03 4.771873419832650676e-03 4.026896793935530461e-03 3.310892443744384295e-03 2.640692446404191429e-03 2.006119881452828047e-03 1.454288961954541826e-03 9.492609646039040783e-04 5.575727114153217201e-04 2.443695923614042087e-04 6.077773788237816888e-05 0.000000000000000000e+00 6.909099117824446523e-05 3.086032473199606940e-04 7.906523992066150086e-04 1.495759005424424082e-03 2.561324182334567823e-03 3.951970992504105773e-03 5.731384759441460197e-03 8.107572148063901807e-03 1.085978526445585679e-02 1.457338254993401083e-02 1.899634259666183045e-02 2.422505270292529822e-02 3.192227271920700105e-02 4.067066425690035736e-02
-3.162416622112795839e-02 -3.093708111413706607e-02 -3.016377538605841124e-02 -2.931726797216360758e-02 -2.840236940351215100e-02 -2.742335496271230966e-02 -2.638940929124500290e-02 -2.530271108213288933e-02 -2.417285348839781634e-02 -2.300228747190191658e-02 -2.179358180219748142e-02 -2.055390268801260412e-02 -1.929016986920240040e-02 -1.799941707844321392e-02 -1.668982044001088294e-02 -1.536392556683408017e-02 -1.402746747710303943e-02 -1.268009246981394167e-02 -1.132752828363925435e-02 -9.971342048171183414e-03 -8.618634384225165590e-03 -7.268616654676263167e-03 -5.924651145885140302e-03 -4.590720575362916556e-03 -3.271367031045691043e-03 -1.965051240006565614e-03 -6.773632964879316987e-04 5.872318418332911349e-04 1.829508530983736669e-03 3.044092202317383311e-03 4.229141267098390777e-03 5.383395127595780316e-03 6.504185308967236345e-03 7.589687174147874416e-03 8.638199908663102278e-03 9.647553659947405436e-03 1.061244294506391572e-02 1.152862498974582817e-02 1.240009408764275456e-02 1.322569206175250311e-02 1.400463641516880298e-02 1.472312043308443563e-02 1.538831614088320698e-02 1.600407041080698090e-02 1.657013139826291059e-02 1.706137159770071410e-02 1.750212897619773944e-02 1.789403541698664224e-02 1.820981623920947534e-02 1.846724979952718559e-02 1.867673088893750943e-02 1.880381475711367933e-02 1.887845655114217536e-02 1.890360293353943177e-02 1.884004629926594454e-02 1.873573721290489047e-02 1.855995553645894969e-02 1.832298911569962829e-02 1.804425476430027153e-02 1.767750176501814430e-02 1.728505953942804929e-02 1.680678060920415273e-02 1.629716864639685348e-02 1.572470749919119282e-02 1.510824954202039105e-02 1.444971489357160799e-02 1.373870086797801537e-02 1.300333562042876867e-02 1.221438070876290638e-02 1.141702738580230303e-02 1.057049836276491295e-02 9.727849578647806972e-03 8.845890083368224133e-03 7.976443081220363496e-03 7.088314318561272920e-03 6.219910483802548740e-03 5.358945712593543576e-03 4.521746056501796396e-03 3.726225128353410909e-03 2.958559028157337067e-03 2.272771267116002747e-03 1.622250909706135502e-03 1.087715186902316056e-03 6.187739021054072808e-04 2.829719956266574243e-04 6.909099117824446523e-05 0.000000000000000000e+00 7.352114917502650115e-05 3.590433647735480349e-04 8.639516698202287515e-04 1.702640946088185281e-03 2.859261264013923665e-03 4.393529383025840396e-03 6.498287106390443491e-03 8.982384577793212088e-03 1.239050560335153151e-02 1.650110838264051694e-02 2.141148585521368553e-02 2.873154642689623728e-02 3.711777810251515319e-02
-2.923988776303432235e-02 -2.850441932920799726e-02 -2.768437757458730442e-02 -2.679263852814650626e-02 -2.583395521586684396e-02 -2.481255227122347584e-02 -2.373753304291048583e-02 -2.261102563109551600e-02 -2.144254210585616605e-02 -2.023447501169783891e-02 -1.898943489229731885e-02 -1.771452642739967942e-02 -1.641658218119745882e-02 -1.509275093293482861e-02 -1.375107616251203257e-02 -1.239412285636609656e-02 -1.102771855020079350e-02 -9.651358111312124954e-03 -8.270788173083687411e-03 -6.887766851865984030e-03 -5.509254118299389269e-03 -4.134459661115030826e-03 -2.766767370471434617e-03 -1.410192027926582270e-03 -6.930978954544642079e-05 1.257414929806577319e-03 2.564349301742874232e-03 3.846985596506202754e-03 5.106095870563209793e-03 6.336250987120095601e-03 7.535586590537768359e-03 8.702826409458519485e-03 9.835271060144701316e-03 1.093107769505663462e-02 1.198852967641628187e-02 1.300543342193116736e-02 1.397624825261001291e-02 1.489661151565691011e-02 1.577074883626250479e-02 1.659749485400030533e-02 1.737606924031265265e-02 1.809199028497110451e-02 1.875279307224697600e-02 1.936254187379959912e-02 1.992098546078835408e-02 2.040173374065923362e-02 2.083031311679939268e-02 2.120842789315813270e-02 2.150742094911295421e-02 2.174593119572931776e-02 2.193483555880204605e-02 2.203783362122047063e-02 2.208635402008918280e-02 2.208344303200682202e-02 2.198773809216902908e-02 2.184963104408299550e-02 2.163661148651374599e-02 2.135937976770929669e-02 2.103833668961241354e-02 2.062437673818107164e-02 2.018331648604232420e-02 1.965117464787424773e-02 1.908556261139859878e-02 1.845274228541493589e-02 1.777247989066910172e-02 1.704654642008229803e-02 1.626344885343700142e-02 1.545296983098787269e-02 1.458324003099709110e-02 1.370249168033832454e-02 1.276613029690087942e-02 1.183110054693936597e-02 1.084976124623582283e-02 9.877980727137525285e-03 8.880687578519119718e-03 7.899336993672956275e-03 6.919274196574232150e-03 5.957491270682901963e-03 5.032964767234582304e-03 4.128091433520775233e-03 3.303880087516253283e-03 2.502679693057063837e-03 1.819524095270641517e-03 1.187716476498068552e-03 6.906963422615985948e-04 3.086032473199606940e-04 7.352114917502650115e-05 0.000000000000000000e+00 9.489158273179310044e-05 3.997324530712331736e-04 1.009060684441842604e-03 1.928003645365827801e-03 3.212477044676864679e-03 5.039759225169304635e-03 7.249423029750956537e-03 1.034387391290525482e-02 1.413325038461354932e-02 1.871567632629400624e-02 2.564536928279981254e-02 3.365624505886954942e-02
-2.641260283664192965e-02 -2.562350574962179994e-02 -2.475165278707913696e-02 -2.380976137682144778e-02 -2.280252499021340196e-02 -2.173411627767285470e-02 -2.061354779739221765e-02 -1.944289682563937749e-02 -1.823158305019989545e-02 -1.698193869244879473e-02 -1.569662116490500026e-02 -1.438266523791431606e-02 -1.304680525373003164e-02 -1.168632265421454264e-02 -1.030911154970493016e-02 -8.917758778858142499e-03 -7.518187699038225702e-03 -6.109734698243607376e-03 -4.698162275581285741e-03 -3.285437183936701366e-03 -1.878360140107337983e-03 -4.761440983414022554e-04 9.178051705280854122e-04 2.299440687308695885e-03 3.664153405482983850e-03 5.013468159749456809e-03 6.341711794896398580e-03 7.644334399134811164e-03 8.922100372207086849e-03 1.016952758991240824e-02 1.138472699355974616e-02 1.256640419888754856e-02 1.371182799576076139e-02 1.481913622756891868e-02 1.588659545161508202e-02 1.691198779636837735e-02 1.788952132005749984e-02 1.881470735444579212e-02 1.969201654908137034e-02 2.052027632104014288e-02 2.129870896245511513e-02 2.201211277896619745e-02 2.266840776813949798e-02 2.327189001375995492e-02 2.382230901511184218e-02 2.429192731181595288e-02 2.470753599073782780e-02 2.507091630414848282e-02 2.535193616649866755e-02 2.557015152204500374e-02 2.573695259844965832e-02 2.581405223071853161e-02 2.583445071407575178e-02 2.580130021256121786e-02 2.567093235382822414e-02 2.549634679695045314e-02 2.524311241838461672e-02 2.492236584471607674e-02 2.455556249476620323e-02 2.409052655465071524e-02 2.359681721573403390e-02 2.300632501044097555e-02 2.237999856647987507e-02 2.168170229613786137e-02 2.093217732470442627e-02 2.013302982078390979e-02 1.927157759827902161e-02 1.837938720166543138e-02 1.742172351626214422e-02 1.645010839263105762e-02 1.541578601769411083e-02 1.437991661777004992e-02 1.329000004546621039e-02 1.220629392260652590e-02 1.108946647598885171e-02 9.984282372959785157e-03 8.873458851443416506e-03 7.774686904083671912e-03 6.708052319858492929e-03 5.651749526451088634e-03 4.674382921634800958e-03 3.706029249561981764e-03 2.857360599783809185e-03 2.043389268637674228e-03 1.364678503296024026e-03 7.906523992066150086e-04 3.590433647735480349e-04 9.489158273179310044e-05 0.000000000000000000e+00 9.325971009155331615e-05 4.527914281661216123e-04 1.111019555212200416e-03 2.120199371234421371e-03 3.640137362502238183e-03 5.545428684871289704e-03 8.289805701388042181e-03 1.171979284336266414e-02 1.593405611894971319e-02 2.242066909270878927e-02 3.000470136914568098e-02
-2.339014310044706946e-02 -2.254712511466661073e-02 -2.162319081523789155e-02 -2.063089590133659890e-02 -1.957487320144979392e-02 -1.845924242186258724e-02 -1.729292303321949831e-02 -1.607794118717031928e-02 -1.482362177284224369e-02 -1.353223635730094188e-02 -1.220648824000725163e-02 -1.085334051007347256e-02 -9.479427757299263568e-03 -8.082164374007771990e-03 -6.669293466799453007e-03 -5.243422901133998337e-03 -3.810569595134039034e-03 -2.369912589107348033e-03 -9.272284504603378608e-04 5.153090093934498128e-04 1.951059554342937652e-03 3.380806614045162029e-03 4.801123609502355727e-03 6.207932690201811710e-03 7.596593424755160306e-03 8.968619341112482601e-03 1.031829883268098325e-02 1.164104133104792993e-02 1.293760323866932627e-02 1.420245131318298437e-02 1.543367237352133436e-02 1.662995427648217284e-02 1.778853486079179369e-02 1.890753319121230014e-02 1.998519949144028640e-02 2.101929225804621826e-02 2.200377123268171253e-02 2.293402361648277932e-02 2.381476221963962914e-02 2.464480744575270332e-02 2.542338423198342579e-02 2.613457918785055956e-02 2.678669251234400139e-02 2.738424931074623370e-02 2.792699963169065214e-02 2.838587407230819259e-02 2.878891314759579600e-02 2.913797379737825821e-02 2.940146575677859975e-02 2.959985076425830641e-02 2.974502574314685788e-02 2.979673870085752796e-02 2.978954265735245244e-02 2.972669366738156516e-02 2.956224271172769313e-02 2.935176657310090143e-02 2.905893357647315600e-02 2.869531022694427058e-02 2.828339366174537073e-02 2.776796926585489711e-02 2.722229678573107048e-02 2.657418036622816171e-02 2.588786841817236617e-02 2.512485042075507380e-02 2.430682952024332266e-02 2.343524590771173255e-02 2.249623664813582558e-02 2.152313111118575595e-02 2.047835184272528419e-02 1.941667454902484824e-02 1.828521581885289571e-02 1.714930688901195044e-02 1.595162590903986821e-02 1.475677308201528426e-02 1.352118429706306024e-02 1.229289482896966934e-02 1.105200315791454724e-02 9.816877596532158634e-03 8.608684938102073581e-03 7.401424053872451836e-03 6.271204414972753050e-03 5.135872763826654364e-03 4.121560107939847839e-03 3.125005884746068219e-03 2.263599012430228541e-03 1.495759005424424082e-03 8.639516698202287515e-04 3.997324530712331736e-04 9.325971009155331615e-05 0.000000000000000000e+00 1.224279198238642508e-04 5.268285640822600868e-04 1.265750539359067339e-03 2.482454950264112448e-03 4.086780715477522641e-03 6.484075278924916752e-03 9.557217041407661817e-03 1.340544642106067386e-02 1.945060381884722300e-02 2.660884998875900909e-02
-1.981437968634458535e-02 -1.891099454237377131e-02 -1.792873440042097588e-02 -1.687997423496989668e-02 -1.576928360736784551e-02 -1.460072747111840208e-02 -1.338312068703151336e-02 -1.211843788872035699e-02 -1.081589549563710673e-02 -9.477702094201179150e-03 -8.106612612719721334e-03 -6.709508335689617908e-03 -5.292910823770258233e-03 -3.854388129316710376e-03 -2.401512423818363828e-03 -9.369153602460933428e-04 5.332892976370740001e-04 2.010087675939242757e-03 3.487693134510694293e-03 4.963704581598560317e-03 6.431664205396425693e-03 7.892345947884682467e-03 9.342302316576844845e-03 1.077742472892351255e-02 1.219304310343582998e-02 1.359065122861213837e-02 1.496450233346868774e-02 1.630996619514479828e-02 1.762778486670102396e-02 1.891237627236053154e-02 2.016180100022235688e-02 2.137472633659032173e-02 2.254835828647350215e-02 2.368079598420314014e-02 2.477027226010841687e-02 2.581452143254536757e-02 2.680723699010822969e-02 2.774367522716425505e-02 2.862880637586373567e-02 2.946144380799842200e-02 3.024081561384295291e-02 3.095024629184517373e-02 3.159844050115045988e-02 3.219016846166389278e-02 3.272518087418596622e-02 3.317298122128686799e-02 3.356294462537701140e-02 3.389700875019230342e-02 3.414202106193164887e-02 3.431941231985358165e-02 3.444162111004600568e-02 3.446628232635806643e-02 3.442961206613526226e-02 3.433497736819979274e-02 3.413397736315626485e-02 3.388495428411786303e-02 3.354952741229610957e-02 3.313971936861748180e-02 3.267914965571572239e-02 3.210931766947178190e-02 3.150747602589731855e-02 3.079700396487294878e-02 3.004571294912050661e-02 2.921251505676247806e-02 2.832014480756595010e-02 2.736985854783191563e-02 2.634649643992548196e-02 2.528530205466206215e-02 2.414557955994800498e-02 2.298565085146542231e-02 2.174809917031816919e-02 2.050281356689465095e-02 1.918716675192089216e-02 1.787051212523926846e-02 1.650459722269825846e-02 1.514104428614060360e-02 1.375702534511547004e-02 1.237163473627700405e-02 1.100718453116178441e-02 9.632985037119290439e-03 8.333417518767149978e-03 7.012640995828434143e-03 5.813943541317367902e-03 4.613501023722599292e-03 3.547379895073810019e-03 2.561324182334567823e-03 1.702640946088185281e-03 1.009060684441842604e-03 4.527914281661216123e-04 1.224279198238642508e-04 0.000000000000000000e+00 1.293399407595874351e-04 5.689744565452459213e-04 1.446591531925389695e-03 2.713536539826977290e-03 4.718392593346498742e-03 7.386792910810235924e-03 1.081801825020867192e-02 1.635284659720825928e-02 2.301795889621394142e-02
-1.591279615237417566e-02 -1.494690420206268300e-02 -1.390425083479618351e-02 -1.279702241597924228e-02 -1.162972362237701951e-02 -1.040636336910061299e-02 -9.135646759136806239e-03 -7.819496616924603849e-03 -6.467015040520052160e-03 -5.080346793464807220e-03 -3.662299082819897578e-03 -2.219667078214304645e-03 -7.588543859295970861e-04 7.224114379494883664e-04 2.216735952064619042e-03 3.721463715647965742e-03 5.230385391701619646e-03 6.744653163916813909e-03 8.258473076149352998e-03 9.769212863163123650e-03 1.127060410716174133e-02 1.276340929869634877e-02 1.424416099733905039e-02 1.570872116927513051e-02 1.715239197243390024e-02 1.857664460555263908e-02 1.997569980408631096e-02 2.134488941051171373e-02 2.268493905141466538e-02 2.399022022547425692e-02 2.525876726038089881e-02 2.648922643161988333e-02 2.767877250357775321e-02 2.882548486695013512e-02 2.992757911514065672e-02 3.098276587004400451e-02 3.198447043756724728e-02 3.292781822854118357e-02 3.381803817270634394e-02 3.465393681403827753e-02 3.543474556635817230e-02 3.614302143318726124e-02 3.678787543225414680e-02 3.737432450799094141e-02 3.790211990431413547e-02 3.833932761202152317e-02 3.871666530519257687e-02 3.903615155197825981e-02 3.926306014042679760e-02 3.941979688731844789e-02 3.951934504962983929e-02 3.951720817326787039e-02 3.945127662073677488e-02 3.932502851077157580e-02 3.908758998077521696e-02 3.880008937498791166e-02 3.842207701922106811e-02 3.796603263709541487e-02 3.745670739860851306e-02 3.683227945635458855e-02 3.617403195327817400e-02 3.540086959680877055e-02 3.458420136598272521e-02 3.368033014843641038e-02 3.271302839381895478e-02 3.168336336294963473e-02 3.057485607652821180e-02 2.942468528458874744e-02 2.818898651694157209e-02 2.692967272406932011e-02 2.558471914258764190e-02 2.422863488198778725e-02 2.279339573866701052e-02 2.135317575470219165e-02 1.985494209603100302e-02 1.835395536543826811e-02 1.682439274793057216e-02 1.528607387447278310e-02 1.376245531765118990e-02 1.221804626240452496e-02 1.074563672713801932e-02 9.235375524742961417e-03 7.848034811167803326e-03 6.438703280320701161e-03 5.162472104537796369e-03 3.951970992504105773e-03 2.859261264013923665e-03 1.928003645365827801e-03 1.111019555212200416e-03 5.268285640822600868e-04 1.293399407595874351e-04 0.000000000000000000e+00 1.436975175465038390e-04 6.784703792258595101e-04 1.602432600353420611e-03 3.206026165456954402e-03 5.459548991759821668e-03 8.462295079305515166e-03 1.346991925896023901e-02 1.962485901324728665e-02
-1.160301367832872188e-02 -1.057121351971035406e-02 -9.464870747809994711e-03 -8.295972017656749742e-03 -7.068955155949852021e-03 -5.787771521200246738e-03 -4.461009406155458379e-03 -3.090539540180792244e-03 -1.685341516589278221e-03 -2.474950891780958173e-04 1.220138521740299353e-03 2.710856282501117320e-03 4.218379809019401350e-03 5.744812390871878449e-03 7.282947650991244970e-03 8.830105798946275009e-03 1.037998263164197077e-02 1.193389850389559026e-02 1.348605564651150779e-02 1.503358309291202843e-02 1.657041267338166257e-02 1.809729235030876904e-02 1.961073564051041274e-02 2.110657635503054852e-02 2.258009109498138045e-02 2.403272402422884646e-02 2.545866667729645982e-02 2.685321484677682946e-02 2.821707445958798743e-02 2.954457342886096516e-02 3.083371941789059267e-02 3.208313669492302012e-02 3.328996921172577839e-02 3.445227659888738803e-02 3.556825715939115895e-02 3.663559817347916692e-02 3.764745171000738466e-02 3.859881108959228868e-02 3.949516789767226754e-02 4.033532204352396899e-02 4.111850851341036783e-02 4.182650254730402306e-02 4.246882763710457809e-02 4.305075188663520791e-02 4.357202700181439514e-02 4.399925429096607221e-02 4.436451690978604478e-02 4.466991542610876387e-02 4.487912004976746250e-02 4.501552888900239857e-02 4.509267914262593546e-02 4.506389818710021533e-02 4.496878152641958781e-02 4.481091982655827088e-02 4.453691415304839030e-02 4.421073360556726506e-02 4.378981273261262075e-02 4.328709394450136472e-02 4.272848432836928723e-02 4.204875993876333595e-02 4.133332610447026934e-02 4.049650057652909307e-02 3.961337322849312059e-02 3.863756831989750840e-02 3.759391551461022107e-02 3.648328481052531824e-02 3.528783338751151355e-02 3.404672574803402352e-02 3.271282487389237659e-02 3.135173714897043773e-02 2.989667553074304429e-02 2.842690858504726137e-02 2.686882784860822326e-02 2.530157883295169885e-02 2.366716455129880270e-02 2.202460183959020767e-02 2.034494242783468909e-02 1.864874433080365712e-02 1.696062318625390919e-02 1.524007743765787293e-02 1.358861080847817426e-02 1.188173882137555371e-02 1.029842689454774085e-02 8.671677229315499780e-03 7.176404363639199424e-03 5.731384759441460197e-03 4.393529383025840396e-03 3.212477044676864679e-03 2.120199371234421371e-03 1.265750539359067339e-03 5.689744565452459213e-04 1.436975175465038390e-04 0.000000000000000000e+00 1.853943613429054338e-04 7.541390284367954777e-04 1.937812905654978657e-03 3.755522199077598877e-03 6.306389150102065244e-03 1.075222256814611921e-02 1.636264710929691280e-02
-6.581189909921514314e-03 -5.475753995863752444e-03 -4.298219928416835423e-03 -3.060352255293108392e-03 -1.766518648873671715e-03 -4.206105115834857244e-04 9.689144356185286355e-04 2.400237962670304093e-03 3.864519261431942354e-03 5.359746115077057560e-03 6.882997649427569087e-03 8.427674959981201752e-03 9.987640259017660505e-03 1.156480479780264137e-02 1.315217291831005664e-02 1.474703791738618541e-02 1.634299892609725191e-02 1.794155155445853467e-02 1.953689994471474733e-02 2.112591371997363243e-02 2.270274945100370090e-02 2.426813375564040864e-02 2.581856167494356313e-02 2.734983996939077677e-02 2.885722268564705484e-02 3.034211715662782360e-02 3.179869075598962258e-02 3.322220541524045778e-02 3.461334004826466249e-02 3.596638291815135169e-02 3.727931316430044273e-02 3.855073012248233510e-02 3.977774660773192306e-02 4.095840163404584899e-02 4.209087535978017769e-02 4.317283155208073708e-02 4.419713212866882568e-02 4.515863240554640612e-02 4.606310076477648785e-02 4.690933060051183379e-02 4.769656101072805576e-02 4.840573775228051989e-02 4.904681906521335399e-02 4.962533932789248148e-02 5.014105073091024156e-02 5.055899956820164576e-02 5.091271412235709448e-02 5.120438151209494304e-02 5.139596929481438092e-02 5.151192727753084455e-02 5.156637936673424960e-02 5.151033350505296315e-02 5.138519488529247337e-02 5.119467322129434006e-02 5.088267847249905440e-02 5.051620105239273961e-02 5.005041432047807604e-02 4.949874676937060514e-02 4.888834005217856937e-02 4.815032251503148508e-02 4.737450930330422416e-02 4.647029297280858007e-02 4.551670447648714646e-02 4.446448534748881354e-02 4.333958879218624549e-02 4.214266869459970533e-02 4.085439628683884550e-02 3.951607598147988121e-02 3.807700919699641418e-02 3.660679759366614050e-02 3.503346459794964840e-02 3.344144239633073390e-02 3.175102480567026930e-02 3.004676261348648847e-02 2.826520318782543839e-02 2.646945915654685955e-02 2.462712028525348984e-02 2.275953840672984008e-02 2.089255475050033617e-02 1.898012219475542217e-02 1.713330822087710814e-02 1.521138662616206005e-02 1.341343978865217057e-02 1.154783728453678826e-02 9.811497408543035093e-03 8.107572148063901807e-03 6.498287106390443491e-03 5.039759225169304635e-03 3.640137362502238183e-03 2.482454950264112448e-03 1.446591531925389695e-03 6.784703792258595101e-04 1.853943613429054338e-04 0.000000000000000000e+00 1.800088026456814205e-04 8.934786522766247074e-04 2.220286689835093696e-03 4.259031622087960933e-03 8.056952897789071422e-03 1.303824922081486815e-02
-1.309201795406167435e-03 -1.297594095857057539e-04 1.119323989267284603e-03 2.426509164468515500e-03 3.787499799590920979e-03 5.198465523957196410e-03 6.651081748088594203e-03 8.143582872944254980e-03 9.667269531729472121e-03 1.122019710579313934e-02 1.279938694951388012e-02 1.439834620883284622e-02 1.601107899035714155e-02 1.763930543526259775e-02 1.927624156303053837e-02 2.091915517127140856e-02 2.256155271067084023e-02 2.420510219968019516e-02 2.584401230926280935e-02 2.747489738016184457e-02 2.909213895031514951e-02 3.069644194211162969e-02 3.228428462095611629e-02 3.385144882612212136e-02 3.539316840024187005e-02 3.691081331633871976e-02 3.839852968475343520e-02 3.985154803624513242e-02 4.127051998653619158e-02 4.264969714492139463e-02 4.398703118137037293e-02 4.528109720573414432e-02 4.652897839843916916e-02 4.772869408503777056e-02 4.887840710693536206e-02 4.997575885380500793e-02 5.101332747175912896e-02 5.198583401946521576e-02 5.289931755633059396e-02 5.375256533574168660e-02 5.454482060107790353e-02 5.525621767836841336e-02 5.589713963880227343e-02 5.647338121150402568e-02 5.698469486198509681e-02 5.739460556727749019e-02 5.773805424871403247e-02 5.801731220646999532e-02 5.819268112386799530e-02 5.828963870979908535e-02 5.832288188223255787e-02 5.824114795453594340e-02 5.808761141665719219e-02 5.786609747033844009e-02 5.751788123296863731e-02 5.711290827314163820e-02 5.660413678001363635e-02 5.600546891508229042e-02 5.534525360355357915e-02 5.455104424377177352e-02 5.371697321998325503e-02 5.274760508908293843e-02 5.172582958990845636e-02 5.059956016110789268e-02 4.939584774584671045e-02 4.811513118034915770e-02 4.673662030103031828e-02 4.530371480385442240e-02 4.376221677039315860e-02 4.218564424764315035e-02 4.049692113603720056e-02 3.878554405004464023e-02 3.696581228621476090e-02 3.512757952235823211e-02 3.320202509929937040e-02 3.125627899814786836e-02 2.925451883208218806e-02 2.721886689550390148e-02 2.517635892573499845e-02 2.307547868932202650e-02 2.103669166176846961e-02 1.890326530690467077e-02 1.689407116287766630e-02 1.479319104301057841e-02 1.281919079337567879e-02 1.085978526445585679e-02 8.982384577793212088e-03 7.249423029750956537e-03 5.545428684871289704e-03 4.086780715477522641e-03 2.713536539826977290e-03 1.602432600353420611e-03 7.541390284367954777e-04 1.800088026456814205e-04 0.000000000000000000e+00 2.600402898185194545e-04 1.106829348861970708e-03 2.642362056436198259e-03 5.800924992467981767e-03 1.016026741740516659e-02
5.025282699315125612e-03 6.290288892433437695e-03 7.622159776444425994e-03 9.009613720749265475e-03 1.044843051439880988e-02 1.193484425449109487e-02 1.346068328618887922e-02 1.502423499705263232e-02 1.661696509317789339e-02 1.823699998190453364e-02 1.988129545506756024e-02 2.154348196029753915e-02 2.321772775064423477e-02 2.490552894589581623e-02 2.660034584742254626e-02 2.829941722889994793e-02 2.999615521718024258e-02 3.169240908631731912e-02 3.338240102897382933e-02 3.506246127093159970e-02 3.672723126437138497e-02 3.837738427982151368e-02 4.000938275705256952e-02 4.161898568160138367e-02 4.320141140574418337e-02 4.475797829775740588e-02 4.628281903593134405e-02 4.777113631234775060e-02 4.922354381938498502e-02 5.063426274453086684e-02 5.200121493799325645e-02 5.332294702622120131e-02 5.459651239238927367e-02 5.581990970839545430e-02 5.699128335736469708e-02 5.810825214860504406e-02 5.916308789685398306e-02 6.015036952484487109e-02 6.107642573264671082e-02 6.194003783599433266e-02 6.274045392434113300e-02 6.345693264677076950e-02 6.410031135083260612e-02 6.467666536615190864e-02 6.518574740979110604e-02 6.558943935216166032e-02 6.592420133414278460e-02 6.619239481796690416e-02 6.635252159602444966e-02 6.643116700469464675e-02 6.644364498704946609e-02 6.633622692464302695e-02 6.615399772021346436e-02 6.590090679779303517e-02 6.551536699726701052e-02 6.507052473079821819e-02 6.451692298458744368e-02 6.386896800279928677e-02 6.315632436606155586e-02 6.230262888611992622e-02 6.140672925602452814e-02 6.036788975703089033e-02 5.927322016708769237e-02 5.806751939804377649e-02 5.677902610334206734e-02 5.540793746961347743e-02 5.393182508775051787e-02 5.239640349128038554e-02 5.074355759103377217e-02 4.905115538470361525e-02 4.723639996595918600e-02 4.539443822975841591e-02 4.343282263424830258e-02 4.144734447712805636e-02 3.936308559935686180e-02 3.725169666770811183e-02 3.507343573380217183e-02 3.285128162799244578e-02 3.061355582638536355e-02 2.830247049625034261e-02 2.604917405756090876e-02 2.367847297374858773e-02 2.143199038431320425e-02 1.906557925498109096e-02 1.682287463163112395e-02 1.457338254993401083e-02 1.239050560335153151e-02 1.034387391290525482e-02 8.289805701388042181e-03 6.484075278924916752e-03 4.718392593346498742e-03 3.206026165456954402e-03 1.937812905654978657e-03 8.934786522766247074e-04 2.600402898185194545e-04 0.000000000000000000e+00 2.821040305226452105e-04 1.214961218006238575e-03 3.580421789538990041e-03 7.166574499448463698e-03
1.194263607878720546e-02 1.329729286308689584e-02 1.471593071668941821e-02 1.618753857910404381e-02 1.770797496020581896e-02 1.927354051638296983e-02 2.087622508410780231e-02 2.251436921809280012e-02 2.417961351000219583e-02 2.587015642333412302e-02 2.758288777720396823e-02 2.931156845421878376e-02 3.105053883588193564e-02 3.280106207499577931e-02 3.455685348454107242e-02 3.631512319238050512e-02 3.806919265990704737e-02 3.982109201028449785e-02 4.156506236634072149e-02 4.329714549113228284e-02 4.501225342413184283e-02 4.671102437741214697e-02 4.838990699461209744e-02 5.004464022688759339e-02 5.167043078550792590e-02 5.326854055267338239e-02 5.483309413971437785e-02 5.635927002264007335e-02 5.784764043681778212e-02 5.929240114170053477e-02 6.069144453731678546e-02 6.204328819588700306e-02 6.334495720513366734e-02 6.459443024122402122e-02 6.578983372939195551e-02 6.692876500805355899e-02 6.800318948640893257e-02 6.900754551298771133e-02 6.994845065507782067e-02 7.082468073208392223e-02 7.163548891479221137e-02 7.235925789491315374e-02 7.300727768132964091e-02 7.358590404487097558e-02 7.409488973300348835e-02 7.449447244590123862e-02 7.482262933450034570e-02 7.508181134647595734e-02 7.522871890958571228e-02 7.529104389684460052e-02 7.528471611156084542e-02 7.515353379963618519e-02 7.494449217049403700e-02 7.466166382067307428e-02 7.424059034778640598e-02 7.375762321226986273e-02 7.316087868954213036e-02 7.246526328509883541e-02 7.170176120452109725e-02 7.079006682041411036e-02 6.983376542723607194e-02 6.872678169875501286e-02 6.756046757594236229e-02 6.627647919065793314e-02 6.490424307020992156e-02 6.344370826086298543e-02 6.187078120580569163e-02 6.023351077943683851e-02 5.846980515734767625e-02 5.666193022922494382e-02 5.472127696590933787e-02 5.274871515196066785e-02 5.064493383400270332e-02 4.851174623764220595e-02 4.626801092471577448e-02 4.398996980896885400e-02 4.163386319649464706e-02 3.922353032594005917e-02 3.678857616519437546e-02 3.426478423733159140e-02 3.179420291552759181e-02 2.918269306080034653e-02 2.669518430346740079e-02 2.405848858189973960e-02 2.154198075821922576e-02 1.899634259666183045e-02 1.650110838264051694e-02 1.413325038461354932e-02 1.171979284336266414e-02 9.557217041407661817e-03 7.386792910810235924e-03 5.459548991759821668e-03 3.755522199077598877e-03 2.220286689835093696e-03 1.106829348861970708e-03 2.821040305226452105e-04 0.000000000000000000e+00 3.153105212788664957e-04 1.851790528682450976e-03 4.627240983220648474e-03
1.948878882631011056e-02 2.093721904219802976e-02 2.244664807139484797e-02 2.400634808982227142e-02 2.561225894089202981e-02 2.726074975355263774e-02 2.894398035695722182e-02 3.066034428314878824e-02 3.240166693269908027e-02 3.416621944315623161e-02 3.595082576707586686e-02 3.774938436487818016e-02 3.955641533952536371e-02 4.137294082392772854e-02 4.319294117894312279e-02 4.501359869910670497e-02 4.682814903366250281e-02 4.863880105404094767e-02 5.043982096999899412e-02 5.222695948819477962e-02 5.399540913863287717e-02 5.574576956801358119e-02 5.747447787001114250e-02 5.917725642914684059e-02 6.084930455651815784e-02 6.249182295639743590e-02 6.409893394512544695e-02 6.566579614853118585e-02 6.719293675615212180e-02 6.867453174816551265e-02 7.010844485623235478e-02 7.149316403353744853e-02 7.282568802934019647e-02 7.410397656214473550e-02 7.532613874822768896e-02 7.648975165080951211e-02 7.758647655861805603e-02 7.861061392735679831e-02 7.956906734045188223e-02 8.046060761246931481e-02 8.128449317442387745e-02 8.201823684462150599e-02 8.267357607826675281e-02 8.325714487400026620e-02 8.376869573484424514e-02 8.416683289006110513e-02 8.449103704346527799e-02 8.474384715493266107e-02 8.488017338319520100e-02 8.492880491550736100e-02 8.490628163933255923e-02 8.475393813665832443e-02 8.452066618461273606e-02 8.421065942882666189e-02 8.375659798151258162e-02 8.323802041593286738e-02 8.260062027021575215e-02 8.185979630391282402e-02 8.104784755606342372e-02 8.008052351588412776e-02 7.906613956539831900e-02 7.789327236024523593e-02 7.665751191763314765e-02 7.529736051478785885e-02 7.384342403757315765e-02 7.229539764507741939e-02 7.062750167198328377e-02 6.889012678352679497e-02 6.701716010926084266e-02 6.509529323439533499e-02 6.303003382096727947e-02 6.092802419413578807e-02 5.868299348463656973e-02 5.640284040455700865e-02 5.400008622219198973e-02 5.155562209335839974e-02 4.902157331733703050e-02 4.642264089347492018e-02 4.378969989144754216e-02 4.105195092305102822e-02 3.836254712110431786e-02 3.550790446723295357e-02 3.277683065206671298e-02 2.986621676503509182e-02 2.707190754738264538e-02 2.422505270292529822e-02 2.141148585521368553e-02 1.871567632629400624e-02 1.593405611894971319e-02 1.340544642106067386e-02 1.081801825020867192e-02 8.462295079305515166e-03 6.306389150102065244e-03 4.259031622087960933e-03 2.642362056436198259e-03 1.214961218006238575e-03 3.153105212788664957e-04 0.000000000000000000e+00 6.469500956478579923e-04 2.546210024440886954e-03
2.934432838072498217e-02 3.090785965857911766e-02 3.252887394781966979e-02 3.419698382385361057e-02 3.590821989339509912e-02 3.765902586311054012e-02 3.944176748269234700e-02 4.125489055790187987e-02 4.309044865473610209e-02 4.494678995785050812e-02 4.682066237046111912e-02 4.870613319454675239e-02 5.059793992099093085e-02 5.249681111425097413e-02 5.439704631115660494e-02 5.629579666187767284e-02 5.818621636983101197e-02 6.007069954962929170e-02 6.194355784023930500e-02 6.380021062732699200e-02 6.563618833854190093e-02 6.745203425298507138e-02 6.924417723531994806e-02 7.100833068153511451e-02 7.273969735385399371e-02 7.443939301785129636e-02 7.610155413950026038e-02 7.772133017577542713e-02 7.929918456506879210e-02 8.082928843138859065e-02 8.230947516855047219e-02 8.373819598410514597e-02 8.511242573359545371e-02 8.643010569919062913e-02 8.768932668597384517e-02 8.888764583516928219e-02 9.001639464787380973e-02 9.106972860167350525e-02 9.205485820270098429e-02 9.297054990834685562e-02 9.381606828316679803e-02 9.456798143901923304e-02 9.523850468967187677e-02 9.583457344654267018e-02 9.635593948450993373e-02 9.675943015599108854e-02 9.708614956084016256e-02 9.733873026980266463e-02 9.747013239029778120e-02 9.751033346889270703e-02 9.747653287459157045e-02 9.730735953715707875e-02 9.705376727117465130e-02 9.672007935580595461e-02 9.623582882479375655e-02 9.568403848820383750e-02 9.500772228343434822e-02 9.422279965999535989e-02 9.336302073539792801e-02 9.233973506641413032e-02 9.126650325435858857e-02 9.002591697436224116e-02 8.871827648831942525e-02 8.727853479354574784e-02 8.573858270989087593e-02 8.409781919521586158e-02 8.232850896720511624e-02 8.048369186587644997e-02 7.849260469862417988e-02 7.644699269904586814e-02 7.424553106360998189e-02 7.200150651163450544e-02 6.960051571070990928e-02 6.715750972766965088e-02 6.457749494084530362e-02 6.194679877972808502e-02 5.921257394060275292e-02 5.640051421436809154e-02 5.354286147694908848e-02 5.056088211433984458e-02 4.762095512185449131e-02 4.448580051424921855e-02 4.147322927034080564e-02 3.824315684022561168e-02 3.512402895048027940e-02 3.192227271920700105e-02 2.873154642689623728e-02 2.564536928279981254e-02 2.242066909270878927e-02 1.945060381884722300e-02 1.635284659720825928e-02 1.346991925896023901e-02 1.075222256814611921e-02 8.056952897789071422e-03 5.800924992467981767e-03 3.580421789538990041e-03 1.851790528682450976e-03 6.469500956478579923e-04 0.000000000000000000e+00 6.150792336623300827e-04
3.980819503591004338e-02 4.148794528198318510e-02 4.322165764506369356e-02 4.499929098315402776e-02 4.681696936349089011e-02 4.867121355979531216e-02 5.055460036363002008e-02 5.246562808255739174e-02 5.439658348392806264e-02 5.634589158988068114e-02 5.831022970580934661e-02 6.028383756663679982e-02 6.226167161629669877e-02 6.424417173244389989e-02 6.622595648104923072e-02 6.820414972134325460e-02 7.017183469662013895e-02 7.213158249688844670e-02 7.407775620176959563e-02 7.600545688525794930e-02 7.791055057774576298e-02 7.979352391754068741e-02 8.165080183329687102e-02 8.347809402211558982e-02 8.527061240311761825e-02 8.702938736949394904e-02 8.874857645787148641e-02 9.042332600669533704e-02 9.205403567310810331e-02 9.363487901413458658e-02 9.516366190831182514e-02 9.663880093038756947e-02 9.805725089053118904e-02 9.941693702496523510e-02 1.007159340045676865e-01 1.019517819913162704e-01 1.031155012149321815e-01 1.042011126180344416e-01 1.052161158783555539e-01 1.061592740023202808e-01 1.070298576660753120e-01 1.078035429938386525e-01 1.084929946303182513e-01 1.091054321237162616e-01 1.096406059601873206e-01 1.100536653035415480e-01 1.103872434239534517e-01 1.106440598231474004e-01 1.107752324636519514e-01 1.108118581566450711e-01 1.107717561996244271e-01 1.105909945686534002e-01 1.103224713594758155e-01 1.099706296083264867e-01 1.094620224410339793e-01 1.088829628029007734e-01 1.081739230464433543e-01 1.073513085751898188e-01 1.064502402429650108e-01 1.053778881387230637e-01 1.042527820242034053e-01 1.029518244540228444e-01 1.015797801781932463e-01 1.000682215523741592e-01 9.845025015507757882e-02 9.672497501892085570e-02 9.486278636762213168e-02 9.291923893980347238e-02 9.081912042880047053e-02 8.865898765159085926e-02 8.633097584797022606e-02 8.395470827071305209e-02 8.140798886937128387e-02 7.881250147154938990e-02 7.606603638288500502e-02 7.326011337962001768e-02 7.033709550285294210e-02 6.732360898597333776e-02 6.425318441679339632e-02 6.103943872183670294e-02 5.786144497380674157e-02 5.445908593912607287e-02 5.117807752502978591e-02 4.764265881109419620e-02 4.421268023007685066e-02 4.067066425690035736e-02 3.711777810251515319e-02 3.365624505886954942e-02 3.000470136914568098e-02 2.660884998875900909e-02 2.301795889621394142e-02 1.962485901324728665e-02 1.636264710929691280e-02 1.303824922081486815e-02 1.016026741740516659e-02 7.166574499448463698e-03 4.627240983220648474e-03 2.546210024440886954e-03 6.150792336623300827e-04 0.000000000000000000e+00
