1.000000000000000000e+00 9.999350543106302336e-01 9.997637018711035273e-01 9.994970377201086720e-01 9.991404482117377528e-01 9.986975518597945856e-01 9.981710814145101640e-01 9.975632411858610382e-01 9.968758875876047032e-01 9.961106328651521125e-01 9.952689100237311903e-01 9.943520160573805500e-01 9.933611421067185532e-01 9.922973952821853016e-01 9.911618149280874146e-01 9.899553850402029731e-01 9.886790439397671326e-01 9.873336919395276912e-01 9.859201975075930768e-01 9.844394022857940740e-01 9.828921252198827840e-01 9.812791659908725039e-01 9.796013078892276127e-01 9.778593202396398398e-01 9.760539604594485885e-01 9.741859758155432258e-01 9.722561049309431658e-01 9.702650790819039583e-01 9.682136233184491791e-01 9.661024574350602911e-01 9.639322968134239611e-01 9.617038531553063763e-01 9.594178351205729927e-01 9.570749488829152218e-01 9.546758986138534908e-01 9.522213869039617418e-01 9.497121151289260599e-01 9.471487837669424481e-01 9.445320926730481625e-01 9.418627413152100836e-01 9.391414289763541090e-01 9.363688549259747695e-01 9.335457185645046341e-01 9.306727195432328292e-01 9.277505578622250448e-01 9.247799339484119585e-01 9.217615487157652110e-01 9.186961036092649024e-01 9.155843006341803925e-01 9.124268423720197640e-01 9.092244319843680866e-01 9.059777732057078259e-01 9.026875703262067230e-01 8.993545281653646528e-01 8.959793520373267040e-01 8.925627477085937844e-01 8.891054213487971092e-01 8.856080794751457486e-01 8.820714288911005729e-01 8.784961766197851851e-01 8.748830298325984689e-01 8.712326957734609634e-01 8.675458816790878602e-01 8.638232946956555525e-01 8.600656417921980212e-01 8.562736296710484751e-01 8.524479646756140117e-01 8.485893526957533073e-01 8.446984990710125762e-01 8.407761084919478378e-01 8.368228848997598668e-01 8.328395313844395575e-01 8.288267500816212108e-01 8.247852420683200458e-01 8.207157072577255796e-01 8.166188442932068581e-01 8.124953504416829730e-01 8.083459214864959774e-01 8.041712516199217564e-01 7.999720333354443103e-01 7.957489573199097999e-01 7.915027123456775948e-01 7.872339851628679108e-01 7.829434603918139501e-01 7.786318204158088063e-01 7.742997452742405029e-01 7.699479125561999870e-01 7.655769972946454560e-01 7.611876718611981785e-01 7.567806058616465270e-01 7.523564660322262787e-01 7.479159161367444630e-01 7.434596168646123715e-01 7.389882257298433510e-01 7.345023969710789968e-01 7.300027814526930392e-01 7.254900265670288784e-01 7.209647761378173980e-01 7.164276703248242395e-01 7.118793455297691697e-01
9.999350543106302336e-01 1.000000000000000000e+00 9.999350543106302336e-01 9.997637018711035273e-01 9.994970377201086720e-01 9.991404482117377528e-01 9.986975518597945856e-01 9.981710814145101640e-01 9.975632411858610382e-01 9.968758875876047032e-01 9.961106328651521125e-01 9.952689100237311903e-01 9.943520160573805500e-01 9.933611421067185532e-01 9.922973952821853016e-01 9.911618149280874146e-01 9.899553850402029731e-01 9.886790439397671326e-01 9.873336919395276912e-01 9.859201975075930768e-01 9.844394022857940740e-01 9.828921252198827840e-01 9.812791659908725039e-01 9.796013078892276127e-01 9.778593202396398398e-01 9.760539604594485885e-01 9.741859758155432258e-01 9.722561049309431658e-01 9.702650790819039583e-01 9.682136233184491791e-01 9.661024574350602911e-01 9.639322968134239611e-01 9.617038531553063763e-01 9.594178351205729927e-01 9.570749488829152218e-01 9.546758986138533798e-01 9.522213869039617418e-01 9.497121151289260599e-01 9.471487837669424481e-01 9.445320926730481625e-01 9.418627413152100836e-01 9.391414289763541090e-01 9.363688549259747695e-01 9.335457185645046341e-01 9.306727195432328292e-01 9.277505578622250448e-01 9.247799339484119585e-01 9.217615487157651000e-01 9.186961036092649024e-01 9.155843006341803925e-01 9.124268423720197640e-01 9.092244319843680866e-01 9.059777732057078259e-01 9.026875703262067230e-01 8.993545281653645418e-01 8.959793520373267040e-01 8.925627477085937844e-01 8.891054213487971092e-01 8.856080794751457486e-01 8.820714288911006840e-01 8.784961766197851851e-01 8.748830298325984689e-01 8.712326957734609634e-01 8.675458816790879712e-01 8.638232946956554414e-01 8.600656417921979102e-01 8.562736296710485862e-01 8.524479646756140117e-01 8.485893526957534183e-01 8.446984990710124652e-01 8.407761084919479488e-01 8.368228848997598668e-01 8.328395313844395575e-01 8.288267500816212108e-01 8.247852420683201569e-01 8.207157072577254686e-01 8.166188442932068581e-01 8.124953504416829730e-01 8.083459214864958664e-01 8.041712516199217564e-01 7.999720333354441992e-01 7.957489573199099109e-01 7.915027123456775948e-01 7.872339851628679108e-01 7.829434603918139501e-01 7.786318204158089173e-01 7.742997452742403919e-01 7.699479125562000981e-01 7.655769972946454560e-01 7.611876718611981785e-01 7.567806058616465270e-01 7.523564660322261677e-01 7.479159161367445741e-01 7.434596168646122605e-01 7.389882257298433510e-01 7.345023969710788858e-01 7.300027814526930392e-01 7.254900265670288784e-01 7.209647761378173980e-01 7.164276703248242395e-01
9.997637018711035273e-01 9.999350543106302336e-01 1.000000000000000000e+00 9.999350543106302336e-01 9.997637018711035273e-01 9.994970377201086720e-01 9.991404482117377528e-01 9.986975518597945856e-01 9.981710814145101640e-01 9.975632411858610382e-01 9.968758875876047032e-01 9.961106328651521125e-01 9.952689100237311903e-01 9.943520160573805500e-01 9.933611421067185532e-01 9.922973952821853016e-01 9.911618149280874146e-01 9.899553850402029731e-01 9.886790439397671326e-01 9.873336919395276912e-01 9.859201975075930768e-01 9.844394022857940740e-01 9.828921252198827840e-01 9.812791659908725039e-01 9.796013078892276127e-01 9.778593202396398398e-01 9.760539604594485885e-01 9.741859758155432258e-01 9.722561049309431658e-01 9.702650790819039583e-01 9.682136233184491791e-01 9.661024574350602911e-01 9.639322968134239611e-01 9.617038531553063763e-01 9.594178351205729927e-01 9.570749488829152218e-01 9.546758986138533798e-01 9.522213869039617418e-01 9.497121151289260599e-01 9.471487837669424481e-01 9.445320926730481625e-01 9.418627413152100836e-01 9.391414289763541090e-01 9.363688549259747695e-01 9.335457185645046341e-01 9.306727195432328292e-01 9.277505578622250448e-01 9.247799339484119585e-01 9.217615487157651000e-01 9.186961036092649024e-01 9.155843006341803925e-01 9.124268423720197640e-01 9.092244319843680866e-01 9.059777732057078259e-01 9.026875703262066120e-01 8.993545281653646528e-01 8.959793520373267040e-01 8.925627477085937844e-01 8.891054213487971092e-01 8.856080794751457486e-01 8.820714288911005729e-01 8.784961766197851851e-01 8.748830298325984689e-01 8.712326957734609634e-01 8.675458816790878602e-01 8.638232946956554414e-01 8.600656417921980212e-01 8.562736296710484751e-01 8.524479646756140117e-01 8.485893526957533073e-01 8.446984990710125762e-01 8.407761084919478378e-01 8.368228848997598668e-01 8.328395313844395575e-01 8.288267500816212108e-01 8.247852420683200458e-01 8.207157072577255796e-01 8.166188442932068581e-01 8.124953504416828620e-01 8.083459214864959774e-01 8.041712516199217564e-01 7.999720333354443103e-01 7.957489573199097999e-01 7.915027123456775948e-01 7.872339851628679108e-01 7.829434603918139501e-01 7.786318204158088063e-01 7.742997452742405029e-01 7.699479125561999870e-01 7.655769972946454560e-01 7.611876718611981785e-01 7.567806058616465270e-01 7.523564660322262787e-01 7.479159161367444630e-01 7.434596168646123715e-01 7.389882257298433510e-01 7.345023969710789968e-01 7.300027814526930392e-01 7.254900265670288784e-01 7.209647761378173980e-01
9.994970377201086720e-01 9.997637018711035273e-01 9.999350543106302336e-01 1.000000000000000000e+00 9.999350543106302336e-01 9.997637018711035273e-01 9.994970377201086720e-01 9.991404482117377528e-01 9.986975518597945856e-01 9.981710814145101640e-01 9.975632411858610382e-01 9.968758875876047032e-01 9.961106328651521125e-01 9.952689100237311903e-01 9.943520160573805500e-01 9.933611421067185532e-01 9.922973952821853016e-01 9.911618149280874146e-01 9.899553850402029731e-01 9.886790439397671326e-01 9.873336919395276912e-01 9.859201975075930768e-01 9.844394022857940740e-01 9.828921252198827840e-01 9.812791659908725039e-01 9.796013078892276127e-01 9.778593202396398398e-01 9.760539604594485885e-01 9.741859758155432258e-01 9.722561049309431658e-01 9.702650790819039583e-01 9.682136233184491791e-01 9.661024574350602911e-01 9.639322968134239611e-01 9.617038531553063763e-01 9.594178351205729927e-01 9.570749488829152218e-01 9.546758986138533798e-01 9.522213869039617418e-01 9.497121151289260599e-01 9.471487837669424481e-01 9.445320926730481625e-01 9.418627413152100836e-01 9.391414289763541090e-01 9.363688549259747695e-01 9.335457185645046341e-01 9.306727195432328292e-01 9.277505578622250448e-01 9.247799339484119585e-01 9.217615487157651000e-01 9.186961036092649024e-01 9.155843006341803925e-01 9.124268423720197640e-01 9.092244319843680866e-01 9.059777732057078259e-01 9.026875703262067230e-01 8.993545281653645418e-01 8.959793520373267040e-01 8.925627477085937844e-01 8.891054213487971092e-01 8.856080794751457486e-01 8.820714288911006840e-01 8.784961766197851851e-01 8.748830298325984689e-01 8.712326957734609634e-01 8.675458816790878602e-01 8.638232946956554414e-01 8.600656417921979102e-01 8.562736296710485862e-01 8.524479646756140117e-01 8.485893526957534183e-01 8.446984990710124652e-01 8.407761084919479488e-01 8.368228848997598668e-01 8.328395313844395575e-01 8.288267500816212108e-01 8.247852420683201569e-01 8.207157072577254686e-01 8.166188442932067471e-01 8.124953504416829730e-01 8.083459214864958664e-01 8.041712516199217564e-01 7.999720333354441992e-01 7.957489573199099109e-01 7.915027123456775948e-01 7.872339851628679108e-01 7.829434603918139501e-01 7.786318204158089173e-01 7.742997452742403919e-01 7.699479125562000981e-01 7.655769972946454560e-01 7.611876718611981785e-01 7.567806058616465270e-01 7.523564660322261677e-01 7.479159161367445741e-01 7.434596168646122605e-01 7.389882257298433510e-01 7.345023969710788858e-01 7.300027814526930392e-01 7.254900265670288784e-01
9.991404482117377528e-01 9.994970377201086720e-01 9.997637018711035273e-01 9.999350543106302336e-01 1.000000000000000000e+00 9.999350543106302336e-01 9.997637018711035273e-01 9.994970377201086720e-01 9.991404482117377528e-01 9.986975518597945856e-01 9.981710814145101640e-01 9.975632411858610382e-01 9.968758875876047032e-01 9.961106328651521125e-01 9.952689100237311903e-01 9.943520160573805500e-01 9.933611421067185532e-01 9.922973952821853016e-01 9.911618149280874146e-01 9.899553850402029731e-01 9.886790439397671326e-01 9.873336919395276912e-01 9.859201975075930768e-01 9.844394022857940740e-01 9.828921252198827840e-01 9.812791659908725039e-01 9.796013078892276127e-01 9.778593202396398398e-01 9.760539604594485885e-01 9.741859758155432258e-01 9.722561049309431658e-01 9.702650790819039583e-01 9.682136233184491791e-01 9.661024574350602911e-01 9.639322968134239611e-01 9.617038531553063763e-01 9.594178351205729927e-01 9.570749488829152218e-01 9.546758986138534908e-01 9.522213869039617418e-01 9.497121151289260599e-01 9.471487837669424481e-01 9.445320926730481625e-01 9.418627413152100836e-01 9.391414289763541090e-01 9.363688549259747695e-01 9.335457185645047451e-01 9.306727195432328292e-01 9.277505578622250448e-01 9.247799339484119585e-01 9.217615487157651000e-01 9.186961036092649024e-01 9.155843006341803925e-01 9.124268423720197640e-01 9.092244319843680866e-01 9.059777732057079369e-01 9.026875703262067230e-01 8.993545281653646528e-01 8.959793520373267040e-01 8.925627477085937844e-01 8.891054213487971092e-01 8.856080794751457486e-01 8.820714288911005729e-01 8.784961766197851851e-01 8.748830298325984689e-01 8.712326957734609634e-01 8.675458816790879712e-01 8.638232946956554414e-01 8.600656417921980212e-01 8.562736296710485862e-01 8.524479646756140117e-01 8.485893526957534183e-01 8.446984990710125762e-01 8.407761084919479488e-01 8.368228848997599778e-01 8.328395313844395575e-01 8.288267500816213218e-01 8.247852420683201569e-01 8.207157072577254686e-01 8.166188442932068581e-01 8.124953504416829730e-01 8.083459214864959774e-01 8.041712516199217564e-01 7.999720333354443103e-01 7.957489573199099109e-01 7.915027123456775948e-01 7.872339851628679108e-01 7.829434603918140612e-01 7.786318204158089173e-01 7.742997452742406139e-01 7.699479125562000981e-01 7.655769972946454560e-01 7.611876718611981785e-01 7.567806058616465270e-01 7.523564660322262787e-01 7.479159161367445741e-01 7.434596168646124825e-01 7.389882257298433510e-01 7.345023969710789968e-01 7.300027814526930392e-01
9.986975518597945856e-01 9.991404482117377528e-01 9.994970377201086720e-01 9.997637018711035273e-01 9.999350543106302336e-01 1.000000000000000000e+00 9.999350543106302336e-01 9.997637018711035273e-01 9.994970377201086720e-01 9.991404482117377528e-01 9.986975518597945856e-01 9.981710814145101640e-01 9.975632411858610382e-01 9.968758875876047032e-01 9.961106328651521125e-01 9.952689100237311903e-01 9.943520160573805500e-01 9.933611421067185532e-01 9.922973952821853016e-01 9.911618149280874146e-01 9.899553850402029731e-01 9.886790439397671326e-01 9.873336919395276912e-01 9.859201975075930768e-01 9.844394022857940740e-01 9.828921252198827840e-01 9.812791659908725039e-01 9.796013078892276127e-01 9.778593202396398398e-01 9.760539604594485885e-01 9.741859758155432258e-01 9.722561049309431658e-01 9.702650790819039583e-01 9.682136233184491791e-01 9.661024574350602911e-01 9.639322968134239611e-01 9.617038531553063763e-01 9.594178351205729927e-01 9.570749488829152218e-01 9.546758986138534908e-01 9.522213869039617418e-01 9.497121151289260599e-01 9.471487837669424481e-01 9.445320926730481625e-01 9.418627413152100836e-01 9.391414289763541090e-01 9.363688549259747695e-01 9.335457185645046341e-01 9.306727195432328292e-01 9.277505578622250448e-01 9.247799339484119585e-01 9.217615487157651000e-01 9.186961036092649024e-01 9.155843006341803925e-01 9.124268423720197640e-01 9.092244319843680866e-01 9.059777732057078259e-01 9.026875703262067230e-01 8.993545281653646528e-01 8.959793520373268150e-01 8.925627477085937844e-01 8.891054213487971092e-01 8.856080794751457486e-01 8.820714288911006840e-01 8.784961766197851851e-01 8.748830298325983579e-01 8.712326957734609634e-01 8.675458816790878602e-01 8.638232946956554414e-01 8.600656417921979102e-01 8.562736296710485862e-01 8.524479646756140117e-01 8.485893526957534183e-01 8.446984990710124652e-01 8.407761084919479488e-01 8.368228848997598668e-01 8.328395313844395575e-01 8.288267500816212108e-01 8.247852420683200458e-01 8.207157072577254686e-01 8.166188442932067471e-01 8.124953504416829730e-01 8.083459214864958664e-01 8.041712516199217564e-01 7.999720333354441992e-01 7.957489573199099109e-01 7.915027123456775948e-01 7.872339851628679108e-01 7.829434603918139501e-01 7.786318204158089173e-01 7.742997452742403919e-01 7.699479125561998760e-01 7.655769972946454560e-01 7.611876718611981785e-01 7.567806058616465270e-01 7.523564660322261677e-01 7.479159161367445741e-01 7.434596168646122605e-01 7.389882257298433510e-01 7.345023969710788858e-01
9.981710814145101640e-01 9.986975518597945856e-01 9.991404482117377528e-01 9.994970377201086720e-01 9.997637018711035273e-01 9.999350543106302336e-01 1.000000000000000000e+00 9.999350543106302336e-01 9.997637018711035273e-01 9.994970377201086720e-01 9.991404482117377528e-01 9.986975518597945856e-01 9.981710814145101640e-01 9.975632411858610382e-01 9.968758875876047032e-01 9.961106328651521125e-01 9.952689100237311903e-01 9.943520160573805500e-01 9.933611421067185532e-01 9.922973952821853016e-01 9.911618149280874146e-01 9.899553850402029731e-01 9.886790439397671326e-01 9.873336919395276912e-01 9.859201975075930768e-01 9.844394022857940740e-01 9.828921252198827840e-01 9.812791659908725039e-01 9.796013078892276127e-01 9.778593202396398398e-01 9.760539604594485885e-01 9.741859758155432258e-01 9.722561049309431658e-01 9.702650790819039583e-01 9.682136233184491791e-01 9.661024574350602911e-01 9.639322968134239611e-01 9.617038531553063763e-01 9.594178351205729927e-01 9.570749488829152218e-01 9.546758986138534908e-01 9.522213869039617418e-01 9.497121151289260599e-01 9.471487837669424481e-01 9.445320926730481625e-01 9.418627413152100836e-01 9.391414289763541090e-01 9.363688549259747695e-01 9.335457185645046341e-01 9.306727195432328292e-01 9.277505578622250448e-01 9.247799339484119585e-01 9.217615487157651000e-01 9.186961036092649024e-01 9.155843006341803925e-01 9.124268423720197640e-01 9.092244319843680866e-01 9.059777732057079369e-01 9.026875703262067230e-01 8.993545281653646528e-01 8.959793520373267040e-01 8.925627477085937844e-01 8.891054213487971092e-01 8.856080794751457486e-01 8.820714288911005729e-01 8.784961766197851851e-01 8.748830298325984689e-01 8.712326957734609634e-01 8.675458816790879712e-01 8.638232946956554414e-01 8.600656417921980212e-01 8.562736296710485862e-01 8.524479646756140117e-01 8.485893526957534183e-01 8.446984990710125762e-01 8.407761084919479488e-01 8.368228848997599778e-01 8.328395313844395575e-01 8.288267500816212108e-01 8.247852420683201569e-01 8.207157072577254686e-01 8.166188442932068581e-01 8.124953504416829730e-01 8.083459214864959774e-01 8.041712516199217564e-01 7.999720333354443103e-01 7.957489573199099109e-01 7.915027123456775948e-01 7.872339851628679108e-01 7.829434603918140612e-01 7.786318204158089173e-01 7.742997452742403919e-01 7.699479125562000981e-01 7.655769972946454560e-01 7.611876718611981785e-01 7.567806058616465270e-01 7.523564660322262787e-01 7.479159161367445741e-01 7.434596168646124825e-01 7.389882257298433510e-01
9.975632411858610382e-01 9.981710814145101640e-01 9.986975518597945856e-01 9.991404482117377528e-01 9.994970377201086720e-01 9.997637018711035273e-01 9.999350543106302336e-01 1.000000000000000000e+00 9.999350543106302336e-01 9.997637018711035273e-01 9.994970377201086720e-01 9.991404482117377528e-01 9.986975518597945856e-01 9.981710814145101640e-01 9.975632411858610382e-01 9.968758875876047032e-01 9.961106328651521125e-01 9.952689100237311903e-01 9.943520160573805500e-01 9.933611421067185532e-01 9.922973952821853016e-01 9.911618149280874146e-01 9.899553850402029731e-01 9.886790439397671326e-01 9.873336919395276912e-01 9.859201975075930768e-01 9.844394022857940740e-01 9.828921252198827840e-01 9.812791659908725039e-01 9.796013078892276127e-01 9.778593202396398398e-01 9.760539604594485885e-01 9.741859758155432258e-01 9.722561049309431658e-01 9.702650790819039583e-01 9.682136233184491791e-01 9.661024574350602911e-01 9.639322968134239611e-01 9.617038531553063763e-01 9.594178351205729927e-01 9.570749488829152218e-01 9.546758986138534908e-01 9.522213869039617418e-01 9.497121151289259489e-01 9.471487837669424481e-01 9.445320926730481625e-01 9.418627413152100836e-01 9.391414289763541090e-01 9.363688549259747695e-01 9.335457185645046341e-01 9.306727195432328292e-01 9.277505578622250448e-01 9.247799339484119585e-01 9.217615487157651000e-01 9.186961036092649024e-01 9.155843006341803925e-01 9.124268423720197640e-01 9.092244319843680866e-01 9.059777732057078259e-01 9.026875703262067230e-01 8.993545281653646528e-01 8.959793520373268150e-01 8.925627477085937844e-01 8.891054213487971092e-01 8.856080794751457486e-01 8.820714288911005729e-01 8.784961766197851851e-01 8.748830298325983579e-01 8.712326957734609634e-01 8.675458816790878602e-01 8.638232946956554414e-01 8.600656417921979102e-01 8.562736296710485862e-01 8.524479646756140117e-01 8.485893526957534183e-01 8.446984990710124652e-01 8.407761084919479488e-01 8.368228848997598668e-01 8.328395313844395575e-01 8.288267500816212108e-01 8.247852420683200458e-01 8.207157072577254686e-01 8.166188442932067471e-01 8.124953504416829730e-01 8.083459214864958664e-01 8.041712516199217564e-01 7.999720333354441992e-01 7.957489573199099109e-01 7.915027123456775948e-01 7.872339851628679108e-01 7.829434603918139501e-01 7.786318204158086953e-01 7.742997452742403919e-01 7.699479125561998760e-01 7.655769972946454560e-01 7.611876718611981785e-01 7.567806058616465270e-01 7.523564660322261677e-01 7.479159161367445741e-01 7.434596168646122605e-01
9.968758875876047032e-01 9.975632411858610382e-01 9.981710814145101640e-01 9.986975518597945856e-01 9.991404482117377528e-01 9.994970377201086720e-01 9.997637018711035273e-01 9.999350543106302336e-01 1.000000000000000000e+00 9.999350543106302336e-01 9.997637018711035273e-01 9.994970377201086720e-01 9.991404482117377528e-01 9.986975518597945856e-01 9.981710814145101640e-01 9.975632411858610382e-01 9.968758875876047032e-01 9.961106328651521125e-01 9.952689100237311903e-01 9.943520160573805500e-01 9.933611421067185532e-01 9.922973952821853016e-01 9.911618149280874146e-01 9.899553850402029731e-01 9.886790439397671326e-01 9.873336919395276912e-01 9.859201975075930768e-01 9.844394022857940740e-01 9.828921252198827840e-01 9.812791659908725039e-01 9.796013078892276127e-01 9.778593202396398398e-01 9.760539604594485885e-01 9.741859758155432258e-01 9.722561049309431658e-01 9.702650790819039583e-01 9.682136233184491791e-01 9.661024574350602911e-01 9.639322968134239611e-01 9.617038531553063763e-01 9.594178351205729927e-01 9.570749488829152218e-01 9.546758986138534908e-01 9.522213869039617418e-01 9.497121151289260599e-01 9.471487837669424481e-01 9.445320926730481625e-01 9.418627413152100836e-01 9.391414289763541090e-01 9.363688549259747695e-01 9.335457185645046341e-01 9.306727195432328292e-01 9.277505578622250448e-01 9.247799339484119585e-01 9.217615487157651000e-01 9.186961036092649024e-01 9.155843006341803925e-01 9.124268423720197640e-01 9.092244319843680866e-01 9.059777732057079369e-01 9.026875703262067230e-01 8.993545281653646528e-01 8.959793520373267040e-01 8.925627477085937844e-01 8.891054213487971092e-01 8.856080794751457486e-01 8.820714288911005729e-01 8.784961766197851851e-01 8.748830298325984689e-01 8.712326957734609634e-01 8.675458816790879712e-01 8.638232946956554414e-01 8.600656417921980212e-01 8.562736296710485862e-01 8.524479646756140117e-01 8.485893526957534183e-01 8.446984990710125762e-01 8.407761084919479488e-01 8.368228848997598668e-01 8.328395313844395575e-01 8.288267500816212108e-01 8.247852420683201569e-01 8.207157072577254686e-01 8.166188442932068581e-01 8.124953504416829730e-01 8.083459214864959774e-01 8.041712516199217564e-01 7.999720333354443103e-01 7.957489573199099109e-01 7.915027123456775948e-01 7.872339851628679108e-01 7.829434603918139501e-01 7.786318204158089173e-01 7.742997452742403919e-01 7.699479125562000981e-01 7.655769972946454560e-01 7.611876718611981785e-01 7.567806058616465270e-01 7.523564660322262787e-01 7.479159161367445741e-01
9.961106328651521125e-01 9.968758875876047032e-01 9.975632411858610382e-01 9.981710814145101640e-01 9.986975518597945856e-01 9.991404482117377528e-01 9.994970377201086720e-01 9.997637018711035273e-01 9.999350543106302336e-01 1.000000000000000000e+00 9.999350543106302336e-01 9.997637018711035273e-01 9.994970377201086720e-01 9.991404482117377528e-01 9.986975518597945856e-01 9.981710814145101640e-01 9.975632411858610382e-01 9.968758875876047032e-01 9.961106328651521125e-01 9.952689100237311903e-01 9.943520160573805500e-01 9.933611421067185532e-01 9.922973952821853016e-01 9.911618149280874146e-01 9.899553850402029731e-01 9.886790439397671326e-01 9.873336919395276912e-01 9.859201975075930768e-01 9.844394022857940740e-01 9.828921252198827840e-01 9.812791659908725039e-01 9.796013078892276127e-01 9.778593202396398398e-01 9.760539604594485885e-01 9.741859758155432258e-01 9.722561049309431658e-01 9.702650790819039583e-01 9.682136233184491791e-01 9.661024574350602911e-01 9.639322968134239611e-01 9.617038531553063763e-01 9.594178351205729927e-01 9.570749488829153329e-01 9.546758986138533798e-01 9.522213869039617418e-01 9.497121151289260599e-01 9.471487837669424481e-01 9.445320926730481625e-01 9.418627413152100836e-01 9.391414289763541090e-01 9.363688549259747695e-01 9.335457185645046341e-01 9.306727195432328292e-01 9.277505578622250448e-01 9.247799339484119585e-01 9.217615487157652110e-01 9.186961036092649024e-01 9.155843006341805035e-01 9.124268423720197640e-01 9.092244319843680866e-01 9.059777732057078259e-01 9.026875703262067230e-01 8.993545281653646528e-01 8.959793520373268150e-01 8.925627477085937844e-01 8.891054213487971092e-01 8.856080794751457486e-01 8.820714288911005729e-01 8.784961766197851851e-01 8.748830298325984689e-01 8.712326957734609634e-01 8.675458816790878602e-01 8.638232946956555525e-01 8.600656417921980212e-01 8.562736296710485862e-01 8.524479646756140117e-01 8.485893526957534183e-01 8.446984990710125762e-01 8.407761084919478378e-01 8.368228848997598668e-01 8.328395313844395575e-01 8.288267500816212108e-01 8.247852420683200458e-01 8.207157072577255796e-01 8.166188442932068581e-01 8.124953504416829730e-01 8.083459214864959774e-01 8.041712516199218674e-01 7.999720333354443103e-01 7.957489573199099109e-01 7.915027123456775948e-01 7.872339851628679108e-01 7.829434603918139501e-01 7.786318204158088063e-01 7.742997452742405029e-01 7.699479125561999870e-01 7.655769972946454560e-01 7.611876718611981785e-01 7.567806058616465270e-01 7.523564660322262787e-01
9.952689100237311903e-01 9.961106328651521125e-01 9.968758875876047032e-01 9.975632411858610382e-01 9.981710814145101640e-01 9.986975518597945856e-01 9.991404482117377528e-01 9.994970377201086720e-01 9.997637018711035273e-01 9.999350543106302336e-01 1.000000000000000000e+00 9.999350543106302336e-01 9.997637018711035273e-01 9.994970377201086720e-01 9.991404482117377528e-01 9.986975518597945856e-01 9.981710814145101640e-01 9.975632411858610382e-01 9.968758875876047032e-01 9.961106328651521125e-01 9.952689100237311903e-01 9.943520160573805500e-01 9.933611421067185532e-01 9.922973952821853016e-01 9.911618149280874146e-01 9.899553850402029731e-01 9.886790439397671326e-01 9.873336919395276912e-01 9.859201975075930768e-01 9.844394022857940740e-01 9.828921252198827840e-01 9.812791659908725039e-01 9.796013078892276127e-01 9.778593202396398398e-01 9.760539604594485885e-01 9.741859758155432258e-01 9.722561049309431658e-01 9.702650790819039583e-01 9.682136233184491791e-01 9.661024574350602911e-01 9.639322968134239611e-01 9.617038531553063763e-01 9.594178351205729927e-01 9.570749488829152218e-01 9.546758986138534908e-01 9.522213869039617418e-01 9.497121151289260599e-01 9.471487837669424481e-01 9.445320926730481625e-01 9.418627413152100836e-01 9.391414289763541090e-01 9.363688549259747695e-01 9.335457185645046341e-01 9.306727195432328292e-01 9.277505578622250448e-01 9.247799339484119585e-01 9.217615487157651000e-01 9.186961036092650135e-01 9.155843006341803925e-01 9.124268423720197640e-01 9.092244319843680866e-01 9.059777732057079369e-01 9.026875703262067230e-01 8.993545281653646528e-01 8.959793520373267040e-01 8.925627477085937844e-01 8.891054213487971092e-01 8.856080794751457486e-01 8.820714288911006840e-01 8.784961766197851851e-01 8.748830298325984689e-01 8.712326957734609634e-01 8.675458816790879712e-01 8.638232946956554414e-01 8.600656417921980212e-01 8.562736296710485862e-01 8.524479646756140117e-01 8.485893526957534183e-01 8.446984990710124652e-01 8.407761084919479488e-01 8.368228848997598668e-01 8.328395313844395575e-01 8.288267500816212108e-01 8.247852420683201569e-01 8.207157072577254686e-01 8.166188442932068581e-01 8.124953504416829730e-01 8.083459214864959774e-01 8.041712516199217564e-01 7.999720333354443103e-01 7.957489573199099109e-01 7.915027123456775948e-01 7.872339851628679108e-01 7.829434603918139501e-01 7.786318204158089173e-01 7.742997452742403919e-01 7.699479125562000981e-01 7.655769972946454560e-01 7.611876718611981785e-01 7.567806058616465270e-01
9.943520160573805500e-01 9.952689100237311903e-01 9.961106328651521125e-01 9.968758875876047032e-01 9.975632411858610382e-01 9.981710814145101640e-01 9.986975518597945856e-01 9.991404482117377528e-01 9.994970377201086720e-01 9.997637018711035273e-01 9.999350543106302336e-01 1.000000000000000000e+00 9.999350543106302336e-01 9.997637018711035273e-01 9.994970377201086720e-01 9.991404482117377528e-01 9.986975518597945856e-01 9.981710814145101640e-01 9.975632411858610382e-01 9.968758875876047032e-01 9.961106328651521125e-01 9.952689100237311903e-01 9.943520160573805500e-01 9.933611421067185532e-01 9.922973952821853016e-01 9.911618149280874146e-01 9.899553850402029731e-01 9.886790439397671326e-01 9.873336919395276912e-01 9.859201975075930768e-01 9.844394022857940740e-01 9.828921252198827840e-01 9.812791659908725039e-01 9.796013078892276127e-01 9.778593202396398398e-01 9.760539604594485885e-01 9.741859758155432258e-01 9.722561049309431658e-01 9.702650790819039583e-01 9.682136233184491791e-01 9.661024574350602911e-01 9.639322968134239611e-01 9.617038531553063763e-01 9.594178351205729927e-01 9.570749488829153329e-01 9.546758986138533798e-01 9.522213869039617418e-01 9.497121151289260599e-01 9.471487837669424481e-01 9.445320926730481625e-01 9.418627413152100836e-01 9.391414289763541090e-01 9.363688549259747695e-01 9.335457185645046341e-01 9.306727195432328292e-01 9.277505578622250448e-01 9.247799339484119585e-01 9.217615487157652110e-01 9.186961036092649024e-01 9.155843006341805035e-01 9.124268423720197640e-01 9.092244319843680866e-01 9.059777732057078259e-01 9.026875703262067230e-01 8.993545281653646528e-01 8.959793520373267040e-01 8.925627477085937844e-01 8.891054213487971092e-01 8.856080794751457486e-01 8.820714288911005729e-01 8.784961766197851851e-01 8.748830298325984689e-01 8.712326957734609634e-01 8.675458816790878602e-01 8.638232946956555525e-01 8.600656417921980212e-01 8.562736296710485862e-01 8.524479646756140117e-01 8.485893526957533073e-01 8.446984990710125762e-01 8.407761084919478378e-01 8.368228848997598668e-01 8.328395313844395575e-01 8.288267500816212108e-01 8.247852420683200458e-01 8.207157072577255796e-01 8.166188442932068581e-01 8.124953504416829730e-01 8.083459214864959774e-01 8.041712516199218674e-01 7.999720333354443103e-01 7.957489573199097999e-01 7.915027123456775948e-01 7.872339851628679108e-01 7.829434603918139501e-01 7.786318204158088063e-01 7.742997452742405029e-01 7.699479125561999870e-01 7.655769972946454560e-01 7.611876718611981785e-01
9.933611421067185532e-01 9.943520160573805500e-01 9.952689100237311903e-01 9.961106328651521125e-01 9.968758875876047032e-01 9.975632411858610382e-01 9.981710814145101640e-01 9.986975518597945856e-01 9.991404482117377528e-01 9.994970377201086720e-01 9.997637018711035273e-01 9.999350543106302336e-01 1.000000000000000000e+00 9.999350543106302336e-01 9.997637018711035273e-01 9.994970377201086720e-01 9.991404482117377528e-01 9.986975518597945856e-01 9.981710814145101640e-01 9.975632411858610382e-01 9.968758875876047032e-01 9.961106328651521125e-01 9.952689100237311903e-01 9.943520160573805500e-01 9.933611421067185532e-01 9.922973952821853016e-01 9.911618149280874146e-01 9.899553850402029731e-01 9.886790439397671326e-01 9.873336919395276912e-01 9.859201975075930768e-01 9.844394022857940740e-01 9.828921252198827840e-01 9.812791659908725039e-01 9.796013078892276127e-01 9.778593202396398398e-01 9.760539604594485885e-01 9.741859758155432258e-01 9.722561049309431658e-01 9.702650790819039583e-01 9.682136233184491791e-01 9.661024574350602911e-01 9.639322968134239611e-01 9.617038531553063763e-01 9.594178351205729927e-01 9.570749488829152218e-01 9.546758986138534908e-01 9.522213869039617418e-01 9.497121151289260599e-01 9.471487837669424481e-01 9.445320926730481625e-01 9.418627413152100836e-01 9.391414289763541090e-01 9.363688549259747695e-01 9.335457185645046341e-01 9.306727195432328292e-01 9.277505578622250448e-01 9.247799339484119585e-01 9.217615487157651000e-01 9.186961036092650135e-01 9.155843006341803925e-01 9.124268423720197640e-01 9.092244319843680866e-01 9.059777732057079369e-01 9.026875703262067230e-01 8.993545281653645418e-01 8.959793520373267040e-01 8.925627477085937844e-01 8.891054213487971092e-01 8.856080794751457486e-01 8.820714288911006840e-01 8.784961766197851851e-01 8.748830298325984689e-01 8.712326957734609634e-01 8.675458816790879712e-01 8.638232946956554414e-01 8.600656417921980212e-01 8.562736296710485862e-01 8.524479646756140117e-01 8.485893526957534183e-01 8.446984990710124652e-01 8.407761084919479488e-01 8.368228848997598668e-01 8.328395313844395575e-01 8.288267500816212108e-01 8.247852420683201569e-01 8.207157072577254686e-01 8.166188442932068581e-01 8.124953504416829730e-01 8.083459214864959774e-01 8.041712516199217564e-01 7.999720333354441992e-01 7.957489573199099109e-01 7.915027123456775948e-01 7.872339851628679108e-01 7.829434603918139501e-01 7.786318204158089173e-01 7.742997452742403919e-01 7.699479125562000981e-01 7.655769972946454560e-01
9.922973952821853016e-01 9.933611421067185532e-01 9.943520160573805500e-01 9.952689100237311903e-01 9.961106328651521125e-01 9.968758875876047032e-01 9.975632411858610382e-01 9.981710814145101640e-01 9.986975518597945856e-01 9.991404482117377528e-01 9.994970377201086720e-01 9.997637018711035273e-01 9.999350543106302336e-01 1.000000000000000000e+00 9.999350543106302336e-01 9.997637018711035273e-01 9.994970377201086720e-01 9.991404482117377528e-01 9.986975518597945856e-01 9.981710814145101640e-01 9.975632411858610382e-01 9.968758875876047032e-01 9.961106328651521125e-01 9.952689100237311903e-01 9.943520160573805500e-01 9.933611421067185532e-01 9.922973952821853016e-01 9.911618149280874146e-01 9.899553850402029731e-01 9.886790439397671326e-01 9.873336919395276912e-01 9.859201975075930768e-01 9.844394022857940740e-01 9.828921252198827840e-01 9.812791659908725039e-01 9.796013078892276127e-01 9.778593202396398398e-01 9.760539604594485885e-01 9.741859758155432258e-01 9.722561049309431658e-01 9.702650790819039583e-01 9.682136233184491791e-01 9.661024574350602911e-01 9.639322968134239611e-01 9.617038531553063763e-01 9.594178351205729927e-01 9.570749488829153329e-01 9.546758986138533798e-01 9.522213869039617418e-01 9.497121151289260599e-01 9.471487837669424481e-01 9.445320926730481625e-01 9.418627413152100836e-01 9.391414289763541090e-01 9.363688549259747695e-01 9.335457185645046341e-01 9.306727195432328292e-01 9.277505578622250448e-01 9.247799339484119585e-01 9.217615487157652110e-01 9.186961036092649024e-01 9.155843006341805035e-01 9.124268423720197640e-01 9.092244319843680866e-01 9.059777732057078259e-01 9.026875703262066120e-01 8.993545281653646528e-01 8.959793520373267040e-01 8.925627477085937844e-01 8.891054213487971092e-01 8.856080794751457486e-01 8.820714288911005729e-01 8.784961766197851851e-01 8.748830298325984689e-01 8.712326957734609634e-01 8.675458816790878602e-01 8.638232946956555525e-01 8.600656417921980212e-01 8.562736296710484751e-01 8.524479646756140117e-01 8.485893526957533073e-01 8.446984990710125762e-01 8.407761084919478378e-01 8.368228848997598668e-01 8.328395313844395575e-01 8.288267500816212108e-01 8.247852420683200458e-01 8.207157072577255796e-01 8.166188442932068581e-01 8.124953504416829730e-01 8.083459214864959774e-01 8.041712516199217564e-01 7.999720333354443103e-01 7.957489573199097999e-01 7.915027123456775948e-01 7.872339851628679108e-01 7.829434603918139501e-01 7.786318204158088063e-01 7.742997452742405029e-01 7.699479125561999870e-01
9.911618149280874146e-01 9.922973952821853016e-01 9.933611421067185532e-01 9.943520160573805500e-01 9.952689100237311903e-01 9.961106328651521125e-01 9.968758875876047032e-01 9.975632411858610382e-01 9.981710814145101640e-01 9.986975518597945856e-01 9.991404482117377528e-01 9.994970377201086720e-01 9.997637018711035273e-01 9.999350543106302336e-01 1.000000000000000000e+00 9.999350543106302336e-01 9.997637018711035273e-01 9.994970377201086720e-01 9.991404482117377528e-01 9.986975518597945856e-01 9.981710814145101640e-01 9.975632411858610382e-01 9.968758875876047032e-01 9.961106328651521125e-01 9.952689100237311903e-01 9.943520160573805500e-01 9.933611421067185532e-01 9.922973952821853016e-01 9.911618149280874146e-01 9.899553850402029731e-01 9.886790439397671326e-01 9.873336919395276912e-01 9.859201975075930768e-01 9.844394022857940740e-01 9.828921252198827840e-01 9.812791659908725039e-01 9.796013078892276127e-01 9.778593202396398398e-01 9.760539604594485885e-01 9.741859758155432258e-01 9.722561049309431658e-01 9.702650790819039583e-01 9.682136233184491791e-01 9.661024574350602911e-01 9.639322968134239611e-01 9.617038531553063763e-01 9.594178351205729927e-01 9.570749488829152218e-01 9.546758986138533798e-01 9.522213869039617418e-01 9.497121151289260599e-01 9.471487837669424481e-01 9.445320926730481625e-01 9.418627413152100836e-01 9.391414289763541090e-01 9.363688549259747695e-01 9.335457185645046341e-01 9.306727195432328292e-01 9.277505578622250448e-01 9.247799339484119585e-01 9.217615487157651000e-01 9.186961036092650135e-01 9.155843006341803925e-01 9.124268423720197640e-01 9.092244319843680866e-01 9.059777732057078259e-01 9.026875703262067230e-01 8.993545281653645418e-01 8.959793520373267040e-01 8.925627477085937844e-01 8.891054213487971092e-01 8.856080794751457486e-01 8.820714288911006840e-01 8.784961766197851851e-01 8.748830298325984689e-01 8.712326957734609634e-01 8.675458816790879712e-01 8.638232946956554414e-01 8.600656417921979102e-01 8.562736296710485862e-01 8.524479646756140117e-01 8.485893526957534183e-01 8.446984990710124652e-01 8.407761084919479488e-01 8.368228848997598668e-01 8.328395313844395575e-01 8.288267500816212108e-01 8.247852420683201569e-01 8.207157072577254686e-01 8.166188442932068581e-01 8.124953504416829730e-01 8.083459214864958664e-01 8.041712516199217564e-01 7.999720333354441992e-01 7.957489573199099109e-01 7.915027123456775948e-01 7.872339851628679108e-01 7.829434603918139501e-01 7.786318204158089173e-01 7.742997452742403919e-01
9.899553850402029731e-01 9.911618149280874146e-01 9.922973952821853016e-01 9.933611421067185532e-01 9.943520160573805500e-01 9.952689100237311903e-01 9.961106328651521125e-01 9.968758875876047032e-01 9.975632411858610382e-01 9.981710814145101640e-01 9.986975518597945856e-01 9.991404482117377528e-01 9.994970377201086720e-01 9.997637018711035273e-01 9.999350543106302336e-01 1.000000000000000000e+00 9.999350543106302336e-01 9.997637018711035273e-01 9.994970377201086720e-01 9.991404482117377528e-01 9.986975518597945856e-01 9.981710814145101640e-01 9.975632411858610382e-01 9.968758875876047032e-01 9.961106328651521125e-01 9.952689100237311903e-01 9.943520160573805500e-01 9.933611421067185532e-01 9.922973952821853016e-01 9.911618149280874146e-01 9.899553850402029731e-01 9.886790439397671326e-01 9.873336919395276912e-01 9.859201975075930768e-01 9.844394022857940740e-01 9.828921252198827840e-01 9.812791659908725039e-01 9.796013078892276127e-01 9.778593202396398398e-01 9.760539604594485885e-01 9.741859758155432258e-01 9.722561049309431658e-01 9.702650790819039583e-01 9.682136233184491791e-01 9.661024574350602911e-01 9.639322968134239611e-01 9.617038531553063763e-01 9.594178351205729927e-01 9.570749488829152218e-01 9.546758986138533798e-01 9.522213869039617418e-01 9.497121151289260599e-01 9.471487837669424481e-01 9.445320926730481625e-01 9.418627413152099725e-01 9.391414289763541090e-01 9.363688549259747695e-01 9.335457185645046341e-01 9.306727195432328292e-01 9.277505578622250448e-01 9.247799339484119585e-01 9.217615487157652110e-01 9.186961036092649024e-01 9.155843006341805035e-01 9.124268423720197640e-01 9.092244319843680866e-01 9.059777732057078259e-01 9.026875703262066120e-01 8.993545281653646528e-01 8.959793520373267040e-01 8.925627477085937844e-01 8.891054213487971092e-01 8.856080794751457486e-01 8.820714288911005729e-01 8.784961766197851851e-01 8.748830298325984689e-01 8.712326957734609634e-01 8.675458816790878602e-01 8.638232946956554414e-01 8.600656417921980212e-01 8.562736296710484751e-01 8.524479646756140117e-01 8.485893526957533073e-01 8.446984990710125762e-01 8.407761084919478378e-01 8.368228848997598668e-01 8.328395313844395575e-01 8.288267500816212108e-01 8.247852420683200458e-01 8.207157072577255796e-01 8.166188442932068581e-01 8.124953504416828620e-01 8.083459214864959774e-01 8.041712516199217564e-01 7.999720333354443103e-01 7.957489573199097999e-01 7.915027123456775948e-01 7.872339851628679108e-01 7.829434603918139501e-01 7.786318204158088063e-01
9.886790439397671326e-01 9.899553850402029731e-01 9.911618149280874146e-01 9.922973952821853016e-01 9.933611421067185532e-01 9.943520160573805500e-01 9.952689100237311903e-01 9.961106328651521125e-01 9.968758875876047032e-01 9.975632411858610382e-01 9.981710814145101640e-01 9.986975518597945856e-01 9.991404482117377528e-01 9.994970377201086720e-01 9.997637018711035273e-01 9.999350543106302336e-01 1.000000000000000000e+00 9.999350543106302336e-01 9.997637018711035273e-01 9.994970377201086720e-01 9.991404482117377528e-01 9.986975518597945856e-01 9.981710814145101640e-01 9.975632411858610382e-01 9.968758875876047032e-01 9.961106328651521125e-01 9.952689100237311903e-01 9.943520160573805500e-01 9.933611421067185532e-01 9.922973952821853016e-01 9.911618149280874146e-01 9.899553850402029731e-01 9.886790439397671326e-01 9.873336919395276912e-01 9.859201975075930768e-01 9.844394022857940740e-01 9.828921252198827840e-01 9.812791659908725039e-01 9.796013078892276127e-01 9.778593202396398398e-01 9.760539604594485885e-01 9.741859758155432258e-01 9.722561049309431658e-01 9.702650790819039583e-01 9.682136233184491791e-01 9.661024574350602911e-01 9.639322968134239611e-01 9.617038531553063763e-01 9.594178351205729927e-01 9.570749488829152218e-01 9.546758986138533798e-01 9.522213869039617418e-01 9.497121151289260599e-01 9.471487837669424481e-01 9.445320926730480515e-01 9.418627413152100836e-01 9.391414289763541090e-01 9.363688549259747695e-01 9.335457185645046341e-01 9.306727195432328292e-01 9.277505578622250448e-01 9.247799339484119585e-01 9.217615487157651000e-01 9.186961036092650135e-01 9.155843006341803925e-01 9.124268423720197640e-01 9.092244319843680866e-01 9.059777732057078259e-01 9.026875703262067230e-01 8.993545281653645418e-01 8.959793520373267040e-01 8.925627477085937844e-01 8.891054213487971092e-01 8.856080794751457486e-01 8.820714288911006840e-01 8.784961766197851851e-01 8.748830298325984689e-01 8.712326957734609634e-01 8.675458816790878602e-01 8.638232946956554414e-01 8.600656417921979102e-01 8.562736296710485862e-01 8.524479646756140117e-01 8.485893526957534183e-01 8.446984990710124652e-01 8.407761084919479488e-01 8.368228848997598668e-01 8.328395313844395575e-01 8.288267500816212108e-01 8.247852420683201569e-01 8.207157072577254686e-01 8.166188442932067471e-01 8.124953504416829730e-01 8.083459214864958664e-01 8.041712516199217564e-01 7.999720333354441992e-01 7.957489573199099109e-01 7.915027123456775948e-01 7.872339851628679108e-01 7.829434603918139501e-01
9.873336919395276912e-01 9.886790439397671326e-01 9.899553850402029731e-01 9.911618149280874146e-01 9.922973952821853016e-01 9.933611421067185532e-01 9.943520160573805500e-01 9.952689100237311903e-01 9.961106328651521125e-01 9.968758875876047032e-01 9.975632411858610382e-01 9.981710814145101640e-01 9.986975518597945856e-01 9.991404482117377528e-01 9.994970377201086720e-01 9.997637018711035273e-01 9.999350543106302336e-01 1.000000000000000000e+00 9.999350543106302336e-01 9.997637018711035273e-01 9.994970377201086720e-01 9.991404482117377528e-01 9.986975518597945856e-01 9.981710814145101640e-01 9.975632411858610382e-01 9.968758875876047032e-01 9.961106328651521125e-01 9.952689100237311903e-01 9.943520160573805500e-01 9.933611421067185532e-01 9.922973952821853016e-01 9.911618149280874146e-01 9.899553850402029731e-01 9.886790439397671326e-01 9.873336919395276912e-01 9.859201975075930768e-01 9.844394022857940740e-01 9.828921252198827840e-01 9.812791659908725039e-01 9.796013078892276127e-01 9.778593202396398398e-01 9.760539604594485885e-01 9.741859758155432258e-01 9.722561049309431658e-01 9.702650790819039583e-01 9.682136233184491791e-01 9.661024574350602911e-01 9.639322968134239611e-01 9.617038531553063763e-01 9.594178351205729927e-01 9.570749488829152218e-01 9.546758986138533798e-01 9.522213869039617418e-01 9.497121151289260599e-01 9.471487837669424481e-01 9.445320926730481625e-01 9.418627413152099725e-01 9.391414289763541090e-01 9.363688549259747695e-01 9.335457185645046341e-01 9.306727195432328292e-01 9.277505578622250448e-01 9.247799339484119585e-01 9.217615487157652110e-01 9.186961036092649024e-01 9.155843006341803925e-01 9.124268423720197640e-01 9.092244319843680866e-01 9.059777732057078259e-01 9.026875703262066120e-01 8.993545281653646528e-01 8.959793520373267040e-01 8.925627477085937844e-01 8.891054213487971092e-01 8.856080794751457486e-01 8.820714288911005729e-01 8.784961766197851851e-01 8.748830298325984689e-01 8.712326957734609634e-01 8.675458816790878602e-01 8.638232946956554414e-01 8.600656417921980212e-01 8.562736296710484751e-01 8.524479646756140117e-01 8.485893526957533073e-01 8.446984990710125762e-01 8.407761084919478378e-01 8.368228848997598668e-01 8.328395313844395575e-01 8.288267500816212108e-01 8.247852420683200458e-01 8.207157072577254686e-01 8.166188442932068581e-01 8.124953504416828620e-01 8.083459214864959774e-01 8.041712516199217564e-01 7.999720333354443103e-01 7.957489573199097999e-01 7.915027123456775948e-01 7.872339851628679108e-01
9.859201975075930768e-01 9.873336919395276912e-01 9.886790439397671326e-01 9.899553850402029731e-01 9.911618149280874146e-01 9.922973952821853016e-01 9.933611421067185532e-01 9.943520160573805500e-01 9.952689100237311903e-01 9.961106328651521125e-01 9.968758875876047032e-01 9.975632411858610382e-01 9.981710814145101640e-01 9.986975518597945856e-01 9.991404482117377528e-01 9.994970377201086720e-01 9.997637018711035273e-01 9.999350543106302336e-01 1.000000000000000000e+00 9.999350543106302336e-01 9.997637018711035273e-01 9.994970377201086720e-01 9.991404482117377528e-01 9.986975518597945856e-01 9.981710814145101640e-01 9.975632411858610382e-01 9.968758875876047032e-01 9.961106328651521125e-01 9.952689100237311903e-01 9.943520160573805500e-01 9.933611421067185532e-01 9.922973952821853016e-01 9.911618149280874146e-01 9.899553850402029731e-01 9.886790439397671326e-01 9.873336919395276912e-01 9.859201975075930768e-01 9.844394022857940740e-01 9.828921252198827840e-01 9.812791659908725039e-01 9.796013078892276127e-01 9.778593202396398398e-01 9.760539604594485885e-01 9.741859758155432258e-01 9.722561049309431658e-01 9.702650790819039583e-01 9.682136233184491791e-01 9.661024574350602911e-01 9.639322968134239611e-01 9.617038531553063763e-01 9.594178351205729927e-01 9.570749488829152218e-01 9.546758986138534908e-01 9.522213869039617418e-01 9.497121151289259489e-01 9.471487837669424481e-01 9.445320926730481625e-01 9.418627413152100836e-01 9.391414289763541090e-01 9.363688549259747695e-01 9.335457185645046341e-01 9.306727195432329403e-01 9.277505578622250448e-01 9.247799339484119585e-01 9.217615487157651000e-01 9.186961036092649024e-01 9.155843006341803925e-01 9.124268423720197640e-01 9.092244319843680866e-01 9.059777732057078259e-01 9.026875703262067230e-01 8.993545281653646528e-01 8.959793520373268150e-01 8.925627477085937844e-01 8.891054213487971092e-01 8.856080794751457486e-01 8.820714288911006840e-01 8.784961766197851851e-01 8.748830298325983579e-01 8.712326957734609634e-01 8.675458816790878602e-01 8.638232946956554414e-01 8.600656417921979102e-01 8.562736296710485862e-01 8.524479646756140117e-01 8.485893526957534183e-01 8.446984990710124652e-01 8.407761084919479488e-01 8.368228848997598668e-01 8.328395313844395575e-01 8.288267500816212108e-01 8.247852420683200458e-01 8.207157072577254686e-01 8.166188442932067471e-01 8.124953504416829730e-01 8.083459214864958664e-01 8.041712516199217564e-01 7.999720333354441992e-01 7.957489573199099109e-01 7.915027123456775948e-01
9.844394022857940740e-01 9.859201975075930768e-01 9.873336919395276912e-01 9.886790439397671326e-01 9.899553850402029731e-01 9.911618149280874146e-01 9.922973952821853016e-01 9.933611421067185532e-01 9.943520160573805500e-01 9.952689100237311903e-01 9.961106328651521125e-01 9.968758875876047032e-01 9.975632411858610382e-01 9.981710814145101640e-01 9.986975518597945856e-01 9.991404482117377528e-01 9.994970377201086720e-01 9.997637018711035273e-01 9.999350543106302336e-01 1.000000000000000000e+00 9.999350543106302336e-01 9.997637018711035273e-01 9.994970377201086720e-01 9.991404482117377528e-01 9.986975518597945856e-01 9.981710814145101640e-01 9.975632411858610382e-01 9.968758875876047032e-01 9.961106328651521125e-01 9.952689100237311903e-01 9.943520160573805500e-01 9.933611421067185532e-01 9.922973952821853016e-01 9.911618149280874146e-01 9.899553850402029731e-01 9.886790439397671326e-01 9.873336919395276912e-01 9.859201975075930768e-01 9.844394022857940740e-01 9.828921252198827840e-01 9.812791659908725039e-01 9.796013078892276127e-01 9.778593202396398398e-01 9.760539604594485885e-01 9.741859758155432258e-01 9.722561049309431658e-01 9.702650790819039583e-01 9.682136233184491791e-01 9.661024574350602911e-01 9.639322968134239611e-01 9.617038531553063763e-01 9.594178351205729927e-01 9.570749488829152218e-01 9.546758986138534908e-01 9.522213869039617418e-01 9.497121151289260599e-01 9.471487837669424481e-01 9.445320926730481625e-01 9.418627413152100836e-01 9.391414289763541090e-01 9.363688549259747695e-01 9.335457185645047451e-01 9.306727195432328292e-01 9.277505578622250448e-01 9.247799339484119585e-01 9.217615487157651000e-01 9.186961036092649024e-01 9.155843006341803925e-01 9.124268423720197640e-01 9.092244319843680866e-01 9.059777732057079369e-01 9.026875703262067230e-01 8.993545281653646528e-01 8.959793520373267040e-01 8.925627477085937844e-01 8.891054213487971092e-01 8.856080794751457486e-01 8.820714288911005729e-01 8.784961766197851851e-01 8.748830298325984689e-01 8.712326957734609634e-01 8.675458816790879712e-01 8.638232946956554414e-01 8.600656417921980212e-01 8.562736296710485862e-01 8.524479646756140117e-01 8.485893526957534183e-01 8.446984990710125762e-01 8.407761084919479488e-01 8.368228848997599778e-01 8.328395313844395575e-01 8.288267500816212108e-01 8.247852420683201569e-01 8.207157072577254686e-01 8.166188442932068581e-01 8.124953504416829730e-01 8.083459214864959774e-01 8.041712516199217564e-01 7.999720333354443103e-01 7.957489573199099109e-01
9.828921252198827840e-01 9.844394022857940740e-01 9.859201975075930768e-01 9.873336919395276912e-01 9.886790439397671326e-01 9.899553850402029731e-01 9.911618149280874146e-01 9.922973952821853016e-01 9.933611421067185532e-01 9.943520160573805500e-01 9.952689100237311903e-01 9.961106328651521125e-01 9.968758875876047032e-01 9.975632411858610382e-01 9.981710814145101640e-01 9.986975518597945856e-01 9.991404482117377528e-01 9.994970377201086720e-01 9.997637018711035273e-01 9.999350543106302336e-01 1.000000000000000000e+00 9.999350543106302336e-01 9.997637018711035273e-01 9.994970377201086720e-01 9.991404482117377528e-01 9.986975518597945856e-01 9.981710814145101640e-01 9.975632411858610382e-01 9.968758875876047032e-01 9.961106328651521125e-01 9.952689100237311903e-01 9.943520160573805500e-01 9.933611421067185532e-01 9.922973952821853016e-01 9.911618149280874146e-01 9.899553850402029731e-01 9.886790439397671326e-01 9.873336919395276912e-01 9.859201975075930768e-01 9.844394022857940740e-01 9.828921252198827840e-01 9.812791659908725039e-01 9.796013078892276127e-01 9.778593202396398398e-01 9.760539604594485885e-01 9.741859758155432258e-01 9.722561049309431658e-01 9.702650790819039583e-01 9.682136233184491791e-01 9.661024574350602911e-01 9.639322968134239611e-01 9.617038531553063763e-01 9.594178351205729927e-01 9.570749488829152218e-01 9.546758986138533798e-01 9.522213869039617418e-01 9.497121151289259489e-01 9.471487837669424481e-01 9.445320926730481625e-01 9.418627413152100836e-01 9.391414289763541090e-01 9.363688549259747695e-01 9.335457185645046341e-01 9.306727195432329403e-01 9.277505578622250448e-01 9.247799339484119585e-01 9.217615487157651000e-01 9.186961036092649024e-01 9.155843006341803925e-01 9.124268423720197640e-01 9.092244319843680866e-01 9.059777732057078259e-01 9.026875703262067230e-01 8.993545281653646528e-01 8.959793520373268150e-01 8.925627477085937844e-01 8.891054213487971092e-01 8.856080794751457486e-01 8.820714288911005729e-01 8.784961766197851851e-01 8.748830298325983579e-01 8.712326957734609634e-01 8.675458816790878602e-01 8.638232946956554414e-01 8.600656417921979102e-01 8.562736296710485862e-01 8.524479646756140117e-01 8.485893526957534183e-01 8.446984990710124652e-01 8.407761084919479488e-01 8.368228848997598668e-01 8.328395313844395575e-01 8.288267500816212108e-01 8.247852420683200458e-01 8.207157072577254686e-01 8.166188442932067471e-01 8.124953504416829730e-01 8.083459214864958664e-01 8.041712516199217564e-01 7.999720333354441992e-01
9.812791659908725039e-01 9.828921252198827840e-01 9.844394022857940740e-01 9.859201975075930768e-01 9.873336919395276912e-01 9.886790439397671326e-01 9.899553850402029731e-01 9.911618149280874146e-01 9.922973952821853016e-01 9.933611421067185532e-01 9.943520160573805500e-01 9.952689100237311903e-01 9.961106328651521125e-01 9.968758875876047032e-01 9.975632411858610382e-01 9.981710814145101640e-01 9.986975518597945856e-01 9.991404482117377528e-01 9.994970377201086720e-01 9.997637018711035273e-01 9.999350543106302336e-01 1.000000000000000000e+00 9.999350543106302336e-01 9.997637018711035273e-01 9.994970377201086720e-01 9.991404482117377528e-01 9.986975518597945856e-01 9.981710814145101640e-01 9.975632411858610382e-01 9.968758875876047032e-01 9.961106328651521125e-01 9.952689100237311903e-01 9.943520160573805500e-01 9.933611421067185532e-01 9.922973952821853016e-01 9.911618149280874146e-01 9.899553850402029731e-01 9.886790439397671326e-01 9.873336919395276912e-01 9.859201975075930768e-01 9.844394022857940740e-01 9.828921252198827840e-01 9.812791659908726150e-01 9.796013078892276127e-01 9.778593202396398398e-01 9.760539604594485885e-01 9.741859758155432258e-01 9.722561049309431658e-01 9.702650790819039583e-01 9.682136233184491791e-01 9.661024574350602911e-01 9.639322968134239611e-01 9.617038531553063763e-01 9.594178351205729927e-01 9.570749488829152218e-01 9.546758986138534908e-01 9.522213869039617418e-01 9.497121151289260599e-01 9.471487837669424481e-01 9.445320926730481625e-01 9.418627413152100836e-01 9.391414289763541090e-01 9.363688549259747695e-01 9.335457185645047451e-01 9.306727195432328292e-01 9.277505578622250448e-01 9.247799339484119585e-01 9.217615487157651000e-01 9.186961036092650135e-01 9.155843006341803925e-01 9.124268423720197640e-01 9.092244319843680866e-01 9.059777732057079369e-01 9.026875703262067230e-01 8.993545281653646528e-01 8.959793520373267040e-01 8.925627477085937844e-01 8.891054213487971092e-01 8.856080794751457486e-01 8.820714288911006840e-01 8.784961766197851851e-01 8.748830298325984689e-01 8.712326957734609634e-01 8.675458816790879712e-01 8.638232946956554414e-01 8.600656417921980212e-01 8.562736296710485862e-01 8.524479646756140117e-01 8.485893526957534183e-01 8.446984990710125762e-01 8.407761084919479488e-01 8.368228848997598668e-01 8.328395313844395575e-01 8.288267500816212108e-01 8.247852420683201569e-01 8.207157072577254686e-01 8.166188442932068581e-01 8.124953504416829730e-01 8.083459214864959774e-01 8.041712516199217564e-01
9.796013078892276127e-01 9.812791659908725039e-01 9.828921252198827840e-01 9.844394022857940740e-01 9.859201975075930768e-01 9.873336919395276912e-01 9.886790439397671326e-01 9.899553850402029731e-01 9.911618149280874146e-01 9.922973952821853016e-01 9.933611421067185532e-01 9.943520160573805500e-01 9.952689100237311903e-01 9.961106328651521125e-01 9.968758875876047032e-01 9.975632411858610382e-01 9.981710814145101640e-01 9.986975518597945856e-01 9.991404482117377528e-01 9.994970377201086720e-01 9.997637018711035273e-01 9.999350543106302336e-01 1.000000000000000000e+00 9.999350543106302336e-01 9.997637018711035273e-01 9.994970377201086720e-01 9.991404482117377528e-01 9.986975518597945856e-01 9.981710814145101640e-01 9.975632411858610382e-01 9.968758875876047032e-01 9.961106328651521125e-01 9.952689100237311903e-01 9.943520160573805500e-01 9.933611421067185532e-01 9.922973952821853016e-01 9.911618149280874146e-01 9.899553850402029731e-01 9.886790439397671326e-01 9.873336919395276912e-01 9.859201975075930768e-01 9.844394022857940740e-01 9.828921252198827840e-01 9.812791659908725039e-01 9.796013078892276127e-01 9.778593202396398398e-01 9.760539604594485885e-01 9.741859758155432258e-01 9.722561049309431658e-01 9.702650790819039583e-01 9.682136233184491791e-01 9.661024574350602911e-01 9.639322968134239611e-01 9.617038531553063763e-01 9.594178351205729927e-01 9.570749488829153329e-01 9.546758986138533798e-01 9.522213869039617418e-01 9.497121151289260599e-01 9.471487837669424481e-01 9.445320926730481625e-01 9.418627413152100836e-01 9.391414289763541090e-01 9.363688549259747695e-01 9.335457185645046341e-01 9.306727195432328292e-01 9.277505578622250448e-01 9.247799339484119585e-01 9.217615487157652110e-01 9.186961036092649024e-01 9.155843006341805035e-01 9.124268423720197640e-01 9.092244319843680866e-01 9.059777732057078259e-01 9.026875703262067230e-01 8.993545281653646528e-01 8.959793520373268150e-01 8.925627477085937844e-01 8.891054213487971092e-01 8.856080794751457486e-01 8.820714288911005729e-01 8.784961766197851851e-01 8.748830298325984689e-01 8.712326957734609634e-01 8.675458816790878602e-01 8.638232946956555525e-01 8.600656417921980212e-01 8.562736296710485862e-01 8.524479646756140117e-01 8.485893526957534183e-01 8.446984990710125762e-01 8.407761084919478378e-01 8.368228848997598668e-01 8.328395313844395575e-01 8.288267500816212108e-01 8.247852420683200458e-01 8.207157072577255796e-01 8.166188442932068581e-01 8.124953504416829730e-01 8.083459214864959774e-01
9.778593202396398398e-01 9.796013078892276127e-01 9.812791659908725039e-01 9.828921252198827840e-01 9.844394022857940740e-01 9.859201975075930768e-01 9.873336919395276912e-01 9.886790439397671326e-01 9.899553850402029731e-01 9.911618149280874146e-01 9.922973952821853016e-01 9.933611421067185532e-01 9.943520160573805500e-01 9.952689100237311903e-01 9.961106328651521125e-01 9.968758875876047032e-01 9.975632411858610382e-01 9.981710814145101640e-01 9.986975518597945856e-01 9.991404482117377528e-01 9.994970377201086720e-01 9.997637018711035273e-01 9.999350543106302336e-01 1.000000000000000000e+00 9.999350543106302336e-01 9.997637018711035273e-01 9.994970377201086720e-01 9.991404482117377528e-01 9.986975518597945856e-01 9.981710814145101640e-01 9.975632411858610382e-01 9.968758875876047032e-01 9.961106328651521125e-01 9.952689100237311903e-01 9.943520160573805500e-01 9.933611421067185532e-01 9.922973952821853016e-01 9.911618149280874146e-01 9.899553850402029731e-01 9.886790439397671326e-01 9.873336919395276912e-01 9.859201975075930768e-01 9.844394022857940740e-01 9.828921252198827840e-01 9.812791659908726150e-01 9.796013078892276127e-01 9.778593202396398398e-01 9.760539604594485885e-01 9.741859758155432258e-01 9.722561049309431658e-01 9.702650790819039583e-01 9.682136233184491791e-01 9.661024574350602911e-01 9.639322968134239611e-01 9.617038531553063763e-01 9.594178351205729927e-01 9.570749488829152218e-01 9.546758986138534908e-01 9.522213869039617418e-01 9.497121151289260599e-01 9.471487837669424481e-01 9.445320926730481625e-01 9.418627413152100836e-01 9.391414289763541090e-01 9.363688549259747695e-01 9.335457185645046341e-01 9.306727195432328292e-01 9.277505578622250448e-01 9.247799339484119585e-01 9.217615487157651000e-01 9.186961036092650135e-01 9.155843006341803925e-01 9.124268423720197640e-01 9.092244319843680866e-01 9.059777732057079369e-01 9.026875703262067230e-01 8.993545281653646528e-01 8.959793520373267040e-01 8.925627477085937844e-01 8.891054213487971092e-01 8.856080794751457486e-01 8.820714288911006840e-01 8.784961766197851851e-01 8.748830298325984689e-01 8.712326957734609634e-01 8.675458816790879712e-01 8.638232946956554414e-01 8.600656417921980212e-01 8.562736296710485862e-01 8.524479646756140117e-01 8.485893526957534183e-01 8.446984990710124652e-01 8.407761084919479488e-01 8.368228848997598668e-01 8.328395313844395575e-01 8.288267500816212108e-01 8.247852420683201569e-01 8.207157072577254686e-01 8.166188442932068581e-01 8.124953504416829730e-01
9.760539604594485885e-01 9.778593202396398398e-01 9.796013078892276127e-01 9.812791659908725039e-01 9.828921252198827840e-01 9.844394022857940740e-01 9.859201975075930768e-01 9.873336919395276912e-01 9.886790439397671326e-01 9.899553850402029731e-01 9.911618149280874146e-01 9.922973952821853016e-01 9.933611421067185532e-01 9.943520160573805500e-01 9.952689100237311903e-01 9.961106328651521125e-01 9.968758875876047032e-01 9.975632411858610382e-01 9.981710814145101640e-01 9.986975518597945856e-01 9.991404482117377528e-01 9.994970377201086720e-01 9.997637018711035273e-01 9.999350543106302336e-01 1.000000000000000000e+00 9.999350543106302336e-01 9.997637018711035273e-01 9.994970377201086720e-01 9.991404482117377528e-01 9.986975518597945856e-01 9.981710814145101640e-01 9.975632411858610382e-01 9.968758875876047032e-01 9.961106328651521125e-01 9.952689100237311903e-01 9.943520160573805500e-01 9.933611421067185532e-01 9.922973952821853016e-01 9.911618149280874146e-01 9.899553850402029731e-01 9.886790439397671326e-01 9.873336919395276912e-01 9.859201975075930768e-01 9.844394022857940740e-01 9.828921252198827840e-01 9.812791659908725039e-01 9.796013078892276127e-01 9.778593202396398398e-01 9.760539604594485885e-01 9.741859758155432258e-01 9.722561049309431658e-01 9.702650790819039583e-01 9.682136233184491791e-01 9.661024574350602911e-01 9.639322968134239611e-01 9.617038531553063763e-01 9.594178351205729927e-01 9.570749488829153329e-01 9.546758986138533798e-01 9.522213869039617418e-01 9.497121151289260599e-01 9.471487837669424481e-01 9.445320926730481625e-01 9.418627413152100836e-01 9.391414289763541090e-01 9.363688549259747695e-01 9.335457185645046341e-01 9.306727195432328292e-01 9.277505578622250448e-01 9.247799339484119585e-01 9.217615487157652110e-01 9.186961036092649024e-01 9.155843006341805035e-01 9.124268423720197640e-01 9.092244319843680866e-01 9.059777732057078259e-01 9.026875703262067230e-01 8.993545281653646528e-01 8.959793520373267040e-01 8.925627477085937844e-01 8.891054213487971092e-01 8.856080794751457486e-01 8.820714288911005729e-01 8.784961766197851851e-01 8.748830298325984689e-01 8.712326957734609634e-01 8.675458816790878602e-01 8.638232946956555525e-01 8.600656417921980212e-01 8.562736296710485862e-01 8.524479646756140117e-01 8.485893526957533073e-01 8.446984990710125762e-01 8.407761084919478378e-01 8.368228848997598668e-01 8.328395313844395575e-01 8.288267500816212108e-01 8.247852420683200458e-01 8.207157072577255796e-01 8.166188442932068581e-01
9.741859758155432258e-01 9.760539604594485885e-01 9.778593202396398398e-01 9.796013078892276127e-01 9.812791659908725039e-01 9.828921252198827840e-01 9.844394022857940740e-01 9.859201975075930768e-01 9.873336919395276912e-01 9.886790439397671326e-01 9.899553850402029731e-01 9.911618149280874146e-01 9.922973952821853016e-01 9.933611421067185532e-01 9.943520160573805500e-01 9.952689100237311903e-01 9.961106328651521125e-01 9.968758875876047032e-01 9.975632411858610382e-01 9.981710814145101640e-01 9.986975518597945856e-01 9.991404482117377528e-01 9.994970377201086720e-01 9.997637018711035273e-01 9.999350543106302336e-01 1.000000000000000000e+00 9.999350543106302336e-01 9.997637018711035273e-01 9.994970377201086720e-01 9.991404482117377528e-01 9.986975518597945856e-01 9.981710814145101640e-01 9.975632411858610382e-01 9.968758875876047032e-01 9.961106328651521125e-01 9.952689100237311903e-01 9.943520160573805500e-01 9.933611421067185532e-01 9.922973952821853016e-01 9.911618149280874146e-01 9.899553850402029731e-01 9.886790439397671326e-01 9.873336919395276912e-01 9.859201975075930768e-01 9.844394022857940740e-01 9.828921252198827840e-01 9.812791659908726150e-01 9.796013078892276127e-01 9.778593202396398398e-01 9.760539604594485885e-01 9.741859758155432258e-01 9.722561049309431658e-01 9.702650790819039583e-01 9.682136233184491791e-01 9.661024574350602911e-01 9.639322968134239611e-01 9.617038531553063763e-01 9.594178351205729927e-01 9.570749488829152218e-01 9.546758986138534908e-01 9.522213869039617418e-01 9.497121151289260599e-01 9.471487837669424481e-01 9.445320926730481625e-01 9.418627413152100836e-01 9.391414289763541090e-01 9.363688549259747695e-01 9.335457185645046341e-01 9.306727195432328292e-01 9.277505578622250448e-01 9.247799339484119585e-01 9.217615487157651000e-01 9.186961036092650135e-01 9.155843006341803925e-01 9.124268423720197640e-01 9.092244319843680866e-01 9.059777732057079369e-01 9.026875703262067230e-01 8.993545281653645418e-01 8.959793520373267040e-01 8.925627477085937844e-01 8.891054213487971092e-01 8.856080794751457486e-01 8.820714288911006840e-01 8.784961766197851851e-01 8.748830298325984689e-01 8.712326957734609634e-01 8.675458816790879712e-01 8.638232946956554414e-01 8.600656417921980212e-01 8.562736296710485862e-01 8.524479646756140117e-01 8.485893526957534183e-01 8.446984990710124652e-01 8.407761084919479488e-01 8.368228848997598668e-01 8.328395313844395575e-01 8.288267500816212108e-01 8.247852420683201569e-01 8.207157072577254686e-01
9.722561049309431658e-01 9.741859758155432258e-01 9.760539604594485885e-01 9.778593202396398398e-01 9.796013078892276127e-01 9.812791659908725039e-01 9.828921252198827840e-01 9.844394022857940740e-01 9.859201975075930768e-01 9.873336919395276912e-01 9.886790439397671326e-01 9.899553850402029731e-01 9.911618149280874146e-01 9.922973952821853016e-01 9.933611421067185532e-01 9.943520160573805500e-01 9.952689100237311903e-01 9.961106328651521125e-01 9.968758875876047032e-01 9.975632411858610382e-01 9.981710814145101640e-01 9.986975518597945856e-01 9.991404482117377528e-01 9.994970377201086720e-01 9.997637018711035273e-01 9.999350543106302336e-01 1.000000000000000000e+00 9.999350543106302336e-01 9.997637018711035273e-01 9.994970377201086720e-01 9.991404482117377528e-01 9.986975518597945856e-01 9.981710814145101640e-01 9.975632411858610382e-01 9.968758875876047032e-01 9.961106328651521125e-01 9.952689100237311903e-01 9.943520160573805500e-01 9.933611421067185532e-01 9.922973952821853016e-01 9.911618149280874146e-01 9.899553850402029731e-01 9.886790439397671326e-01 9.873336919395276912e-01 9.859201975075930768e-01 9.844394022857940740e-01 9.828921252198827840e-01 9.812791659908725039e-01 9.796013078892276127e-01 9.778593202396398398e-01 9.760539604594485885e-01 9.741859758155432258e-01 9.722561049309431658e-01 9.702650790819039583e-01 9.682136233184491791e-01 9.661024574350602911e-01 9.639322968134239611e-01 9.617038531553063763e-01 9.594178351205729927e-01 9.570749488829153329e-01 9.546758986138533798e-01 9.522213869039617418e-01 9.497121151289260599e-01 9.471487837669424481e-01 9.445320926730481625e-01 9.418627413152099725e-01 9.391414289763541090e-01 9.363688549259747695e-01 9.335457185645046341e-01 9.306727195432328292e-01 9.277505578622250448e-01 9.247799339484119585e-01 9.217615487157652110e-01 9.186961036092649024e-01 9.155843006341805035e-01 9.124268423720197640e-01 9.092244319843680866e-01 9.059777732057078259e-01 9.026875703262066120e-01 8.993545281653646528e-01 8.959793520373267040e-01 8.925627477085937844e-01 8.891054213487971092e-01 8.856080794751457486e-01 8.820714288911005729e-01 8.784961766197851851e-01 8.748830298325984689e-01 8.712326957734609634e-01 8.675458816790878602e-01 8.638232946956555525e-01 8.600656417921980212e-01 8.562736296710484751e-01 8.524479646756140117e-01 8.485893526957533073e-01 8.446984990710125762e-01 8.407761084919478378e-01 8.368228848997598668e-01 8.328395313844395575e-01 8.288267500816212108e-01 8.247852420683200458e-01
9.702650790819039583e-01 9.722561049309431658e-01 9.741859758155432258e-01 9.760539604594485885e-01 9.778593202396398398e-01 9.796013078892276127e-01 9.812791659908725039e-01 9.828921252198827840e-01 9.844394022857940740e-01 9.859201975075930768e-01 9.873336919395276912e-01 9.886790439397671326e-01 9.899553850402029731e-01 9.911618149280874146e-01 9.922973952821853016e-01 9.933611421067185532e-01 9.943520160573805500e-01 9.952689100237311903e-01 9.961106328651521125e-01 9.968758875876047032e-01 9.975632411858610382e-01 9.981710814145101640e-01 9.986975518597945856e-01 9.991404482117377528e-01 9.994970377201086720e-01 9.997637018711035273e-01 9.999350543106302336e-01 1.000000000000000000e+00 9.999350543106302336e-01 9.997637018711035273e-01 9.994970377201086720e-01 9.991404482117377528e-01 9.986975518597945856e-01 9.981710814145101640e-01 9.975632411858610382e-01 9.968758875876047032e-01 9.961106328651521125e-01 9.952689100237311903e-01 9.943520160573805500e-01 9.933611421067185532e-01 9.922973952821853016e-01 9.911618149280874146e-01 9.899553850402029731e-01 9.886790439397671326e-01 9.873336919395276912e-01 9.859201975075930768e-01 9.844394022857940740e-01 9.828921252198827840e-01 9.812791659908725039e-01 9.796013078892276127e-01 9.778593202396398398e-01 9.760539604594485885e-01 9.741859758155432258e-01 9.722561049309431658e-01 9.702650790819039583e-01 9.682136233184491791e-01 9.661024574350602911e-01 9.639322968134239611e-01 9.617038531553063763e-01 9.594178351205729927e-01 9.570749488829152218e-01 9.546758986138534908e-01 9.522213869039617418e-01 9.497121151289260599e-01 9.471487837669424481e-01 9.445320926730480515e-01 9.418627413152100836e-01 9.391414289763541090e-01 9.363688549259747695e-01 9.335457185645046341e-01 9.306727195432328292e-01 9.277505578622250448e-01 9.247799339484119585e-01 9.217615487157651000e-01 9.186961036092650135e-01 9.155843006341803925e-01 9.124268423720197640e-01 9.092244319843680866e-01 9.059777732057078259e-01 9.026875703262067230e-01 8.993545281653645418e-01 8.959793520373267040e-01 8.925627477085937844e-01 8.891054213487971092e-01 8.856080794751457486e-01 8.820714288911006840e-01 8.784961766197851851e-01 8.748830298325984689e-01 8.712326957734609634e-01 8.675458816790879712e-01 8.638232946956554414e-01 8.600656417921979102e-01 8.562736296710485862e-01 8.524479646756140117e-01 8.485893526957534183e-01 8.446984990710124652e-01 8.407761084919479488e-01 8.368228848997598668e-01 8.328395313844395575e-01 8.288267500816212108e-01
9.682136233184491791e-01 9.702650790819039583e-01 9.722561049309431658e-01 9.741859758155432258e-01 9.760539604594485885e-01 9.778593202396398398e-01 9.796013078892276127e-01 9.812791659908725039e-01 9.828921252198827840e-01 9.844394022857940740e-01 9.859201975075930768e-01 9.873336919395276912e-01 9.886790439397671326e-01 9.899553850402029731e-01 9.911618149280874146e-01 9.922973952821853016e-01 9.933611421067185532e-01 9.943520160573805500e-01 9.952689100237311903e-01 9.961106328651521125e-01 9.968758875876047032e-01 9.975632411858610382e-01 9.981710814145101640e-01 9.986975518597945856e-01 9.991404482117377528e-01 9.994970377201086720e-01 9.997637018711035273e-01 9.999350543106302336e-01 1.000000000000000000e+00 9.999350543106302336e-01 9.997637018711035273e-01 9.994970377201086720e-01 9.991404482117377528e-01 9.986975518597945856e-01 9.981710814145101640e-01 9.975632411858610382e-01 9.968758875876047032e-01 9.961106328651521125e-01 9.952689100237311903e-01 9.943520160573805500e-01 9.933611421067185532e-01 9.922973952821853016e-01 9.911618149280874146e-01 9.899553850402029731e-01 9.886790439397671326e-01 9.873336919395276912e-01 9.859201975075930768e-01 9.844394022857940740e-01 9.828921252198827840e-01 9.812791659908725039e-01 9.796013078892276127e-01 9.778593202396398398e-01 9.760539604594485885e-01 9.741859758155432258e-01 9.722561049309431658e-01 9.702650790819039583e-01 9.682136233184491791e-01 9.661024574350602911e-01 9.639322968134239611e-01 9.617038531553063763e-01 9.594178351205729927e-01 9.570749488829153329e-01 9.546758986138533798e-01 9.522213869039617418e-01 9.497121151289260599e-01 9.471487837669424481e-01 9.445320926730481625e-01 9.418627413152099725e-01 9.391414289763541090e-01 9.363688549259747695e-01 9.335457185645046341e-01 9.306727195432328292e-01 9.277505578622250448e-01 9.247799339484119585e-01 9.217615487157652110e-01 9.186961036092649024e-01 9.155843006341805035e-01 9.124268423720197640e-01 9.092244319843680866e-01 9.059777732057078259e-01 9.026875703262066120e-01 8.993545281653646528e-01 8.959793520373267040e-01 8.925627477085937844e-01 8.891054213487971092e-01 8.856080794751457486e-01 8.820714288911005729e-01 8.784961766197851851e-01 8.748830298325984689e-01 8.712326957734609634e-01 8.675458816790878602e-01 8.638232946956554414e-01 8.600656417921980212e-01 8.562736296710484751e-01 8.524479646756140117e-01 8.485893526957533073e-01 8.446984990710125762e-01 8.407761084919478378e-01 8.368228848997598668e-01 8.328395313844395575e-01
9.661024574350602911e-01 9.682136233184491791e-01 9.702650790819039583e-01 9.722561049309431658e-01 9.741859758155432258e-01 9.760539604594485885e-01 9.778593202396398398e-01 9.796013078892276127e-01 9.812791659908725039e-01 9.828921252198827840e-01 9.844394022857940740e-01 9.859201975075930768e-01 9.873336919395276912e-01 9.886790439397671326e-01 9.899553850402029731e-01 9.911618149280874146e-01 9.922973952821853016e-01 9.933611421067185532e-01 9.943520160573805500e-01 9.952689100237311903e-01 9.961106328651521125e-01 9.968758875876047032e-01 9.975632411858610382e-01 9.981710814145101640e-01 9.986975518597945856e-01 9.991404482117377528e-01 9.994970377201086720e-01 9.997637018711035273e-01 9.999350543106302336e-01 1.000000000000000000e+00 9.999350543106302336e-01 9.997637018711035273e-01 9.994970377201086720e-01 9.991404482117377528e-01 9.986975518597945856e-01 9.981710814145101640e-01 9.975632411858610382e-01 9.968758875876047032e-01 9.961106328651521125e-01 9.952689100237311903e-01 9.943520160573805500e-01 9.933611421067185532e-01 9.922973952821853016e-01 9.911618149280874146e-01 9.899553850402029731e-01 9.886790439397671326e-01 9.873336919395276912e-01 9.859201975075930768e-01 9.844394022857940740e-01 9.828921252198827840e-01 9.812791659908725039e-01 9.796013078892276127e-01 9.778593202396398398e-01 9.760539604594485885e-01 9.741859758155432258e-01 9.722561049309431658e-01 9.702650790819039583e-01 9.682136233184491791e-01 9.661024574350602911e-01 9.639322968134240721e-01 9.617038531553063763e-01 9.594178351205731037e-01 9.570749488829152218e-01 9.546758986138534908e-01 9.522213869039617418e-01 9.497121151289259489e-01 9.471487837669424481e-01 9.445320926730481625e-01 9.418627413152100836e-01 9.391414289763541090e-01 9.363688549259747695e-01 9.335457185645046341e-01 9.306727195432329403e-01 9.277505578622250448e-01 9.247799339484119585e-01 9.217615487157651000e-01 9.186961036092650135e-01 9.155843006341803925e-01 9.124268423720197640e-01 9.092244319843680866e-01 9.059777732057078259e-01 9.026875703262067230e-01 8.993545281653646528e-01 8.959793520373268150e-01 8.925627477085937844e-01 8.891054213487971092e-01 8.856080794751457486e-01 8.820714288911006840e-01 8.784961766197851851e-01 8.748830298325984689e-01 8.712326957734609634e-01 8.675458816790878602e-01 8.638232946956554414e-01 8.600656417921979102e-01 8.562736296710485862e-01 8.524479646756140117e-01 8.485893526957534183e-01 8.446984990710124652e-01 8.407761084919479488e-01 8.368228848997598668e-01
9.639322968134239611e-01 9.661024574350602911e-01 9.682136233184491791e-01 9.702650790819039583e-01 9.722561049309431658e-01 9.741859758155432258e-01 9.760539604594485885e-01 9.778593202396398398e-01 9.796013078892276127e-01 9.812791659908725039e-01 9.828921252198827840e-01 9.844394022857940740e-01 9.859201975075930768e-01 9.873336919395276912e-01 9.886790439397671326e-01 9.899553850402029731e-01 9.911618149280874146e-01 9.922973952821853016e-01 9.933611421067185532e-01 9.943520160573805500e-01 9.952689100237311903e-01 9.961106328651521125e-01 9.968758875876047032e-01 9.975632411858610382e-01 9.981710814145101640e-01 9.986975518597945856e-01 9.991404482117377528e-01 9.994970377201086720e-01 9.997637018711035273e-01 9.999350543106302336e-01 1.000000000000000000e+00 9.999350543106302336e-01 9.997637018711035273e-01 9.994970377201086720e-01 9.991404482117377528e-01 9.986975518597945856e-01 9.981710814145101640e-01 9.975632411858610382e-01 9.968758875876047032e-01 9.961106328651521125e-01 9.952689100237311903e-01 9.943520160573805500e-01 9.933611421067185532e-01 9.922973952821853016e-01 9.911618149280874146e-01 9.899553850402029731e-01 9.886790439397671326e-01 9.873336919395276912e-01 9.859201975075930768e-01 9.844394022857940740e-01 9.828921252198827840e-01 9.812791659908725039e-01 9.796013078892276127e-01 9.778593202396398398e-01 9.760539604594485885e-01 9.741859758155432258e-01 9.722561049309431658e-01 9.702650790819039583e-01 9.682136233184491791e-01 9.661024574350602911e-01 9.639322968134239611e-01 9.617038531553063763e-01 9.594178351205729927e-01 9.570749488829153329e-01 9.546758986138534908e-01 9.522213869039617418e-01 9.497121151289260599e-01 9.471487837669424481e-01 9.445320926730481625e-01 9.418627413152100836e-01 9.391414289763541090e-01 9.363688549259747695e-01 9.335457185645047451e-01 9.306727195432328292e-01 9.277505578622250448e-01 9.247799339484119585e-01 9.217615487157652110e-01 9.186961036092649024e-01 9.155843006341803925e-01 9.124268423720197640e-01 9.092244319843680866e-01 9.059777732057079369e-01 9.026875703262067230e-01 8.993545281653646528e-01 8.959793520373267040e-01 8.925627477085937844e-01 8.891054213487971092e-01 8.856080794751457486e-01 8.820714288911005729e-01 8.784961766197851851e-01 8.748830298325984689e-01 8.712326957734609634e-01 8.675458816790879712e-01 8.638232946956554414e-01 8.600656417921980212e-01 8.562736296710485862e-01 8.524479646756140117e-01 8.485893526957534183e-01 8.446984990710125762e-01 8.407761084919479488e-01
9.617038531553063763e-01 9.639322968134239611e-01 9.661024574350602911e-01 9.682136233184491791e-01 9.702650790819039583e-01 9.722561049309431658e-01 9.741859758155432258e-01 9.760539604594485885e-01 9.778593202396398398e-01 9.796013078892276127e-01 9.812791659908725039e-01 9.828921252198827840e-01 9.844394022857940740e-01 9.859201975075930768e-01 9.873336919395276912e-01 9.886790439397671326e-01 9.899553850402029731e-01 9.911618149280874146e-01 9.922973952821853016e-01 9.933611421067185532e-01 9.943520160573805500e-01 9.952689100237311903e-01 9.961106328651521125e-01 9.968758875876047032e-01 9.975632411858610382e-01 9.981710814145101640e-01 9.986975518597945856e-01 9.991404482117377528e-01 9.994970377201086720e-01 9.997637018711035273e-01 9.999350543106302336e-01 1.000000000000000000e+00 9.999350543106302336e-01 9.997637018711035273e-01 9.994970377201086720e-01 9.991404482117377528e-01 9.986975518597945856e-01 9.981710814145101640e-01 9.975632411858610382e-01 9.968758875876047032e-01 9.961106328651521125e-01 9.952689100237311903e-01 9.943520160573805500e-01 9.933611421067185532e-01 9.922973952821853016e-01 9.911618149280874146e-01 9.899553850402029731e-01 9.886790439397671326e-01 9.873336919395276912e-01 9.859201975075930768e-01 9.844394022857940740e-01 9.828921252198827840e-01 9.812791659908725039e-01 9.796013078892276127e-01 9.778593202396398398e-01 9.760539604594485885e-01 9.741859758155432258e-01 9.722561049309431658e-01 9.702650790819039583e-01 9.682136233184491791e-01 9.661024574350602911e-01 9.639322968134240721e-01 9.617038531553063763e-01 9.594178351205731037e-01 9.570749488829152218e-01 9.546758986138533798e-01 9.522213869039617418e-01 9.497121151289259489e-01 9.471487837669424481e-01 9.445320926730481625e-01 9.418627413152100836e-01 9.391414289763541090e-01 9.363688549259747695e-01 9.335457185645046341e-01 9.306727195432329403e-01 9.277505578622250448e-01 9.247799339484119585e-01 9.217615487157651000e-01 9.186961036092649024e-01 9.155843006341803925e-01 9.124268423720197640e-01 9.092244319843680866e-01 9.059777732057078259e-01 9.026875703262067230e-01 8.993545281653646528e-01 8.959793520373268150e-01 8.925627477085937844e-01 8.891054213487971092e-01 8.856080794751457486e-01 8.820714288911006840e-01 8.784961766197851851e-01 8.748830298325983579e-01 8.712326957734609634e-01 8.675458816790878602e-01 8.638232946956554414e-01 8.600656417921979102e-01 8.562736296710485862e-01 8.524479646756140117e-01 8.485893526957534183e-01 8.446984990710124652e-01
9.594178351205729927e-01 9.617038531553063763e-01 9.639322968134239611e-01 9.661024574350602911e-01 9.682136233184491791e-01 9.702650790819039583e-01 9.722561049309431658e-01 9.741859758155432258e-01 9.760539604594485885e-01 9.778593202396398398e-01 9.796013078892276127e-01 9.812791659908725039e-01 9.828921252198827840e-01 9.844394022857940740e-01 9.859201975075930768e-01 9.873336919395276912e-01 9.886790439397671326e-01 9.899553850402029731e-01 9.911618149280874146e-01 9.922973952821853016e-01 9.933611421067185532e-01 9.943520160573805500e-01 9.952689100237311903e-01 9.961106328651521125e-01 9.968758875876047032e-01 9.975632411858610382e-01 9.981710814145101640e-01 9.986975518597945856e-01 9.991404482117377528e-01 9.994970377201086720e-01 9.997637018711035273e-01 9.999350543106302336e-01 1.000000000000000000e+00 9.999350543106302336e-01 9.997637018711035273e-01 9.994970377201086720e-01 9.991404482117377528e-01 9.986975518597945856e-01 9.981710814145101640e-01 9.975632411858610382e-01 9.968758875876047032e-01 9.961106328651521125e-01 9.952689100237311903e-01 9.943520160573805500e-01 9.933611421067185532e-01 9.922973952821853016e-01 9.911618149280874146e-01 9.899553850402029731e-01 9.886790439397671326e-01 9.873336919395276912e-01 9.859201975075930768e-01 9.844394022857940740e-01 9.828921252198827840e-01 9.812791659908725039e-01 9.796013078892276127e-01 9.778593202396398398e-01 9.760539604594485885e-01 9.741859758155432258e-01 9.722561049309431658e-01 9.702650790819039583e-01 9.682136233184491791e-01 9.661024574350602911e-01 9.639322968134239611e-01 9.617038531553063763e-01 9.594178351205729927e-01 9.570749488829152218e-01 9.546758986138534908e-01 9.522213869039617418e-01 9.497121151289260599e-01 9.471487837669424481e-01 9.445320926730481625e-01 9.418627413152100836e-01 9.391414289763541090e-01 9.363688549259747695e-01 9.335457185645047451e-01 9.306727195432328292e-01 9.277505578622250448e-01 9.247799339484119585e-01 9.217615487157651000e-01 9.186961036092649024e-01 9.155843006341803925e-01 9.124268423720197640e-01 9.092244319843680866e-01 9.059777732057079369e-01 9.026875703262067230e-01 8.993545281653646528e-01 8.959793520373267040e-01 8.925627477085937844e-01 8.891054213487971092e-01 8.856080794751457486e-01 8.820714288911005729e-01 8.784961766197851851e-01 8.748830298325984689e-01 8.712326957734609634e-01 8.675458816790879712e-01 8.638232946956554414e-01 8.600656417921980212e-01 8.562736296710485862e-01 8.524479646756140117e-01 8.485893526957534183e-01
9.570749488829152218e-01 9.594178351205729927e-01 9.617038531553063763e-01 9.639322968134239611e-01 9.661024574350602911e-01 9.682136233184491791e-01 9.702650790819039583e-01 9.722561049309431658e-01 9.741859758155432258e-01 9.760539604594485885e-01 9.778593202396398398e-01 9.796013078892276127e-01 9.812791659908725039e-01 9.828921252198827840e-01 9.844394022857940740e-01 9.859201975075930768e-01 9.873336919395276912e-01 9.886790439397671326e-01 9.899553850402029731e-01 9.911618149280874146e-01 9.922973952821853016e-01 9.933611421067185532e-01 9.943520160573805500e-01 9.952689100237311903e-01 9.961106328651521125e-01 9.968758875876047032e-01 9.975632411858610382e-01 9.981710814145101640e-01 9.986975518597945856e-01 9.991404482117377528e-01 9.994970377201086720e-01 9.997637018711035273e-01 9.999350543106302336e-01 1.000000000000000000e+00 9.999350543106302336e-01 9.997637018711035273e-01 9.994970377201086720e-01 9.991404482117377528e-01 9.986975518597945856e-01 9.981710814145101640e-01 9.975632411858610382e-01 9.968758875876047032e-01 9.961106328651521125e-01 9.952689100237311903e-01 9.943520160573805500e-01 9.933611421067185532e-01 9.922973952821853016e-01 9.911618149280874146e-01 9.899553850402029731e-01 9.886790439397671326e-01 9.873336919395276912e-01 9.859201975075930768e-01 9.844394022857940740e-01 9.828921252198827840e-01 9.812791659908725039e-01 9.796013078892276127e-01 9.778593202396398398e-01 9.760539604594485885e-01 9.741859758155432258e-01 9.722561049309431658e-01 9.702650790819039583e-01 9.682136233184491791e-01 9.661024574350602911e-01 9.639322968134240721e-01 9.617038531553063763e-01 9.594178351205729927e-01 9.570749488829152218e-01 9.546758986138533798e-01 9.522213869039617418e-01 9.497121151289259489e-01 9.471487837669424481e-01 9.445320926730481625e-01 9.418627413152100836e-01 9.391414289763541090e-01 9.363688549259747695e-01 9.335457185645046341e-01 9.306727195432329403e-01 9.277505578622250448e-01 9.247799339484119585e-01 9.217615487157651000e-01 9.186961036092649024e-01 9.155843006341803925e-01 9.124268423720197640e-01 9.092244319843680866e-01 9.059777732057078259e-01 9.026875703262067230e-01 8.993545281653646528e-01 8.959793520373268150e-01 8.925627477085937844e-01 8.891054213487971092e-01 8.856080794751457486e-01 8.820714288911005729e-01 8.784961766197851851e-01 8.748830298325983579e-01 8.712326957734609634e-01 8.675458816790878602e-01 8.638232946956554414e-01 8.600656417921979102e-01 8.562736296710485862e-01 8.524479646756140117e-01
9.546758986138534908e-01 9.570749488829152218e-01 9.594178351205729927e-01 9.617038531553063763e-01 9.639322968134239611e-01 9.661024574350602911e-01 9.682136233184491791e-01 9.702650790819039583e-01 9.722561049309431658e-01 9.741859758155432258e-01 9.760539604594485885e-01 9.778593202396398398e-01 9.796013078892276127e-01 9.812791659908725039e-01 9.828921252198827840e-01 9.844394022857940740e-01 9.859201975075930768e-01 9.873336919395276912e-01 9.886790439397671326e-01 9.899553850402029731e-01 9.911618149280874146e-01 9.922973952821853016e-01 9.933611421067185532e-01 9.943520160573805500e-01 9.952689100237311903e-01 9.961106328651521125e-01 9.968758875876047032e-01 9.975632411858610382e-01 9.981710814145101640e-01 9.986975518597945856e-01 9.991404482117377528e-01 9.994970377201086720e-01 9.997637018711035273e-01 9.999350543106302336e-01 1.000000000000000000e+00 9.999350543106302336e-01 9.997637018711035273e-01 9.994970377201086720e-01 9.991404482117377528e-01 9.986975518597945856e-01 9.981710814145101640e-01 9.975632411858610382e-01 9.968758875876047032e-01 9.961106328651521125e-01 9.952689100237311903e-01 9.943520160573805500e-01 9.933611421067185532e-01 9.922973952821853016e-01 9.911618149280874146e-01 9.899553850402029731e-01 9.886790439397671326e-01 9.873336919395276912e-01 9.859201975075930768e-01 9.844394022857940740e-01 9.828921252198827840e-01 9.812791659908725039e-01 9.796013078892276127e-01 9.778593202396398398e-01 9.760539604594485885e-01 9.741859758155432258e-01 9.722561049309431658e-01 9.702650790819039583e-01 9.682136233184491791e-01 9.661024574350602911e-01 9.639322968134239611e-01 9.617038531553063763e-01 9.594178351205729927e-01 9.570749488829152218e-01 9.546758986138534908e-01 9.522213869039617418e-01 9.497121151289260599e-01 9.471487837669424481e-01 9.445320926730481625e-01 9.418627413152100836e-01 9.391414289763541090e-01 9.363688549259747695e-01 9.335457185645047451e-01 9.306727195432328292e-01 9.277505578622250448e-01 9.247799339484119585e-01 9.217615487157651000e-01 9.186961036092649024e-01 9.155843006341803925e-01 9.124268423720197640e-01 9.092244319843680866e-01 9.059777732057079369e-01 9.026875703262067230e-01 8.993545281653646528e-01 8.959793520373267040e-01 8.925627477085937844e-01 8.891054213487971092e-01 8.856080794751457486e-01 8.820714288911005729e-01 8.784961766197851851e-01 8.748830298325984689e-01 8.712326957734609634e-01 8.675458816790879712e-01 8.638232946956554414e-01 8.600656417921980212e-01 8.562736296710485862e-01
9.522213869039617418e-01 9.546758986138533798e-01 9.570749488829152218e-01 9.594178351205729927e-01 9.617038531553063763e-01 9.639322968134239611e-01 9.661024574350602911e-01 9.682136233184491791e-01 9.702650790819039583e-01 9.722561049309431658e-01 9.741859758155432258e-01 9.760539604594485885e-01 9.778593202396398398e-01 9.796013078892276127e-01 9.812791659908725039e-01 9.828921252198827840e-01 9.844394022857940740e-01 9.859201975075930768e-01 9.873336919395276912e-01 9.886790439397671326e-01 9.899553850402029731e-01 9.911618149280874146e-01 9.922973952821853016e-01 9.933611421067185532e-01 9.943520160573805500e-01 9.952689100237311903e-01 9.961106328651521125e-01 9.968758875876047032e-01 9.975632411858610382e-01 9.981710814145101640e-01 9.986975518597945856e-01 9.991404482117377528e-01 9.994970377201086720e-01 9.997637018711035273e-01 9.999350543106302336e-01 1.000000000000000000e+00 9.999350543106302336e-01 9.997637018711035273e-01 9.994970377201086720e-01 9.991404482117377528e-01 9.986975518597945856e-01 9.981710814145101640e-01 9.975632411858610382e-01 9.968758875876047032e-01 9.961106328651521125e-01 9.952689100237311903e-01 9.943520160573805500e-01 9.933611421067185532e-01 9.922973952821853016e-01 9.911618149280874146e-01 9.899553850402029731e-01 9.886790439397671326e-01 9.873336919395276912e-01 9.859201975075930768e-01 9.844394022857940740e-01 9.828921252198827840e-01 9.812791659908725039e-01 9.796013078892276127e-01 9.778593202396398398e-01 9.760539604594485885e-01 9.741859758155432258e-01 9.722561049309431658e-01 9.702650790819039583e-01 9.682136233184491791e-01 9.661024574350602911e-01 9.639322968134239611e-01 9.617038531553063763e-01 9.594178351205729927e-01 9.570749488829153329e-01 9.546758986138533798e-01 9.522213869039617418e-01 9.497121151289260599e-01 9.471487837669424481e-01 9.445320926730481625e-01 9.418627413152100836e-01 9.391414289763541090e-01 9.363688549259747695e-01 9.335457185645046341e-01 9.306727195432328292e-01 9.277505578622250448e-01 9.247799339484119585e-01 9.217615487157652110e-01 9.186961036092649024e-01 9.155843006341805035e-01 9.124268423720197640e-01 9.092244319843680866e-01 9.059777732057078259e-01 9.026875703262067230e-01 8.993545281653646528e-01 8.959793520373268150e-01 8.925627477085937844e-01 8.891054213487971092e-01 8.856080794751457486e-01 8.820714288911005729e-01 8.784961766197851851e-01 8.748830298325984689e-01 8.712326957734609634e-01 8.675458816790878602e-01 8.638232946956555525e-01 8.600656417921980212e-01
9.497121151289260599e-01 9.522213869039617418e-01 9.546758986138533798e-01 9.570749488829152218e-01 9.594178351205729927e-01 9.617038531553063763e-01 9.639322968134239611e-01 9.661024574350602911e-01 9.682136233184491791e-01 9.702650790819039583e-01 9.722561049309431658e-01 9.741859758155432258e-01 9.760539604594485885e-01 9.778593202396398398e-01 9.796013078892276127e-01 9.812791659908725039e-01 9.828921252198827840e-01 9.844394022857940740e-01 9.859201975075930768e-01 9.873336919395276912e-01 9.886790439397671326e-01 9.899553850402029731e-01 9.911618149280874146e-01 9.922973952821853016e-01 9.933611421067185532e-01 9.943520160573805500e-01 9.952689100237311903e-01 9.961106328651521125e-01 9.968758875876047032e-01 9.975632411858610382e-01 9.981710814145101640e-01 9.986975518597945856e-01 9.991404482117377528e-01 9.994970377201086720e-01 9.997637018711035273e-01 9.999350543106302336e-01 1.000000000000000000e+00 9.999350543106302336e-01 9.997637018711035273e-01 9.994970377201086720e-01 9.991404482117377528e-01 9.986975518597945856e-01 9.981710814145101640e-01 9.975632411858610382e-01 9.968758875876047032e-01 9.961106328651521125e-01 9.952689100237311903e-01 9.943520160573805500e-01 9.933611421067185532e-01 9.922973952821853016e-01 9.911618149280874146e-01 9.899553850402029731e-01 9.886790439397671326e-01 9.873336919395276912e-01 9.859201975075930768e-01 9.844394022857940740e-01 9.828921252198827840e-01 9.812791659908726150e-01 9.796013078892276127e-01 9.778593202396398398e-01 9.760539604594485885e-01 9.741859758155432258e-01 9.722561049309431658e-01 9.702650790819039583e-01 9.682136233184491791e-01 9.661024574350602911e-01 9.639322968134239611e-01 9.617038531553063763e-01 9.594178351205729927e-01 9.570749488829152218e-01 9.546758986138534908e-01 9.522213869039617418e-01 9.497121151289260599e-01 9.471487837669424481e-01 9.445320926730481625e-01 9.418627413152100836e-01 9.391414289763541090e-01 9.363688549259747695e-01 9.335457185645046341e-01 9.306727195432328292e-01 9.277505578622250448e-01 9.247799339484119585e-01 9.217615487157651000e-01 9.186961036092650135e-01 9.155843006341803925e-01 9.124268423720197640e-01 9.092244319843680866e-01 9.059777732057079369e-01 9.026875703262067230e-01 8.993545281653646528e-01 8.959793520373267040e-01 8.925627477085937844e-01 8.891054213487971092e-01 8.856080794751457486e-01 8.820714288911006840e-01 8.784961766197851851e-01 8.748830298325984689e-01 8.712326957734609634e-01 8.675458816790879712e-01 8.638232946956554414e-01
9.471487837669424481e-01 9.497121151289260599e-01 9.522213869039617418e-01 9.546758986138533798e-01 9.570749488829152218e-01 9.594178351205729927e-01 9.617038531553063763e-01 9.639322968134239611e-01 9.661024574350602911e-01 9.682136233184491791e-01 9.702650790819039583e-01 9.722561049309431658e-01 9.741859758155432258e-01 9.760539604594485885e-01 9.778593202396398398e-01 9.796013078892276127e-01 9.812791659908725039e-01 9.828921252198827840e-01 9.844394022857940740e-01 9.859201975075930768e-01 9.873336919395276912e-01 9.886790439397671326e-01 9.899553850402029731e-01 9.911618149280874146e-01 9.922973952821853016e-01 9.933611421067185532e-01 9.943520160573805500e-01 9.952689100237311903e-01 9.961106328651521125e-01 9.968758875876047032e-01 9.975632411858610382e-01 9.981710814145101640e-01 9.986975518597945856e-01 9.991404482117377528e-01 9.994970377201086720e-01 9.997637018711035273e-01 9.999350543106302336e-01 1.000000000000000000e+00 9.999350543106302336e-01 9.997637018711035273e-01 9.994970377201086720e-01 9.991404482117377528e-01 9.986975518597945856e-01 9.981710814145101640e-01 9.975632411858610382e-01 9.968758875876047032e-01 9.961106328651521125e-01 9.952689100237311903e-01 9.943520160573805500e-01 9.933611421067185532e-01 9.922973952821853016e-01 9.911618149280874146e-01 9.899553850402029731e-01 9.886790439397671326e-01 9.873336919395276912e-01 9.859201975075930768e-01 9.844394022857940740e-01 9.828921252198827840e-01 9.812791659908725039e-01 9.796013078892276127e-01 9.778593202396398398e-01 9.760539604594485885e-01 9.741859758155432258e-01 9.722561049309431658e-01 9.702650790819039583e-01 9.682136233184491791e-01 9.661024574350602911e-01 9.639322968134239611e-01 9.617038531553063763e-01 9.594178351205729927e-01 9.570749488829153329e-01 9.546758986138533798e-01 9.522213869039617418e-01 9.497121151289260599e-01 9.471487837669424481e-01 9.445320926730481625e-01 9.418627413152100836e-01 9.391414289763541090e-01 9.363688549259747695e-01 9.335457185645046341e-01 9.306727195432328292e-01 9.277505578622250448e-01 9.247799339484119585e-01 9.217615487157652110e-01 9.186961036092649024e-01 9.155843006341805035e-01 9.124268423720197640e-01 9.092244319843680866e-01 9.059777732057078259e-01 9.026875703262067230e-01 8.993545281653646528e-01 8.959793520373267040e-01 8.925627477085937844e-01 8.891054213487971092e-01 8.856080794751457486e-01 8.820714288911005729e-01 8.784961766197851851e-01 8.748830298325984689e-01 8.712326957734609634e-01 8.675458816790878602e-01
9.445320926730481625e-01 9.471487837669424481e-01 9.497121151289260599e-01 9.522213869039617418e-01 9.546758986138534908e-01 9.570749488829152218e-01 9.594178351205729927e-01 9.617038531553063763e-01 9.639322968134239611e-01 9.661024574350602911e-01 9.682136233184491791e-01 9.702650790819039583e-01 9.722561049309431658e-01 9.741859758155432258e-01 9.760539604594485885e-01 9.778593202396398398e-01 9.796013078892276127e-01 9.812791659908725039e-01 9.828921252198827840e-01 9.844394022857940740e-01 9.859201975075930768e-01 9.873336919395276912e-01 9.886790439397671326e-01 9.899553850402029731e-01 9.911618149280874146e-01 9.922973952821853016e-01 9.933611421067185532e-01 9.943520160573805500e-01 9.952689100237311903e-01 9.961106328651521125e-01 9.968758875876047032e-01 9.975632411858610382e-01 9.981710814145101640e-01 9.986975518597945856e-01 9.991404482117377528e-01 9.994970377201086720e-01 9.997637018711035273e-01 9.999350543106302336e-01 1.000000000000000000e+00 9.999350543106302336e-01 9.997637018711035273e-01 9.994970377201086720e-01 9.991404482117377528e-01 9.986975518597945856e-01 9.981710814145101640e-01 9.975632411858610382e-01 9.968758875876047032e-01 9.961106328651521125e-01 9.952689100237311903e-01 9.943520160573805500e-01 9.933611421067185532e-01 9.922973952821853016e-01 9.911618149280874146e-01 9.899553850402029731e-01 9.886790439397671326e-01 9.873336919395276912e-01 9.859201975075930768e-01 9.844394022857940740e-01 9.828921252198827840e-01 9.812791659908726150e-01 9.796013078892276127e-01 9.778593202396398398e-01 9.760539604594485885e-01 9.741859758155432258e-01 9.722561049309431658e-01 9.702650790819039583e-01 9.682136233184491791e-01 9.661024574350602911e-01 9.639322968134239611e-01 9.617038531553063763e-01 9.594178351205729927e-01 9.570749488829152218e-01 9.546758986138534908e-01 9.522213869039617418e-01 9.497121151289260599e-01 9.471487837669424481e-01 9.445320926730481625e-01 9.418627413152100836e-01 9.391414289763541090e-01 9.363688549259747695e-01 9.335457185645046341e-01 9.306727195432328292e-01 9.277505578622250448e-01 9.247799339484119585e-01 9.217615487157651000e-01 9.186961036092650135e-01 9.155843006341803925e-01 9.124268423720197640e-01 9.092244319843680866e-01 9.059777732057079369e-01 9.026875703262067230e-01 8.993545281653645418e-01 8.959793520373267040e-01 8.925627477085937844e-01 8.891054213487971092e-01 8.856080794751457486e-01 8.820714288911006840e-01 8.784961766197851851e-01 8.748830298325984689e-01 8.712326957734609634e-01
9.418627413152100836e-01 9.445320926730481625e-01 9.471487837669424481e-01 9.497121151289260599e-01 9.522213869039617418e-01 9.546758986138534908e-01 9.570749488829152218e-01 9.594178351205729927e-01 9.617038531553063763e-01 9.639322968134239611e-01 9.661024574350602911e-01 9.682136233184491791e-01 9.702650790819039583e-01 9.722561049309431658e-01 9.741859758155432258e-01 9.760539604594485885e-01 9.778593202396398398e-01 9.796013078892276127e-01 9.812791659908725039e-01 9.828921252198827840e-01 9.844394022857940740e-01 9.859201975075930768e-01 9.873336919395276912e-01 9.886790439397671326e-01 9.899553850402029731e-01 9.911618149280874146e-01 9.922973952821853016e-01 9.933611421067185532e-01 9.943520160573805500e-01 9.952689100237311903e-01 9.961106328651521125e-01 9.968758875876047032e-01 9.975632411858610382e-01 9.981710814145101640e-01 9.986975518597945856e-01 9.991404482117377528e-01 9.994970377201086720e-01 9.997637018711035273e-01 9.999350543106302336e-01 1.000000000000000000e+00 9.999350543106302336e-01 9.997637018711035273e-01 9.994970377201086720e-01 9.991404482117377528e-01 9.986975518597945856e-01 9.981710814145101640e-01 9.975632411858610382e-01 9.968758875876047032e-01 9.961106328651521125e-01 9.952689100237311903e-01 9.943520160573805500e-01 9.933611421067185532e-01 9.922973952821853016e-01 9.911618149280874146e-01 9.899553850402029731e-01 9.886790439397671326e-01 9.873336919395276912e-01 9.859201975075930768e-01 9.844394022857940740e-01 9.828921252198827840e-01 9.812791659908725039e-01 9.796013078892276127e-01 9.778593202396398398e-01 9.760539604594485885e-01 9.741859758155432258e-01 9.722561049309431658e-01 9.702650790819039583e-01 9.682136233184491791e-01 9.661024574350602911e-01 9.639322968134239611e-01 9.617038531553063763e-01 9.594178351205729927e-01 9.570749488829153329e-01 9.546758986138533798e-01 9.522213869039617418e-01 9.497121151289260599e-01 9.471487837669424481e-01 9.445320926730481625e-01 9.418627413152099725e-01 9.391414289763541090e-01 9.363688549259747695e-01 9.335457185645046341e-01 9.306727195432328292e-01 9.277505578622250448e-01 9.247799339484119585e-01 9.217615487157652110e-01 9.186961036092649024e-01 9.155843006341805035e-01 9.124268423720197640e-01 9.092244319843680866e-01 9.059777732057078259e-01 9.026875703262066120e-01 8.993545281653646528e-01 8.959793520373267040e-01 8.925627477085937844e-01 8.891054213487971092e-01 8.856080794751457486e-01 8.820714288911005729e-01 8.784961766197851851e-01 8.748830298325984689e-01
9.391414289763541090e-01 9.418627413152100836e-01 9.445320926730481625e-01 9.471487837669424481e-01 9.497121151289260599e-01 9.522213869039617418e-01 9.546758986138534908e-01 9.570749488829152218e-01 9.594178351205729927e-01 9.617038531553063763e-01 9.639322968134239611e-01 9.661024574350602911e-01 9.682136233184491791e-01 9.702650790819039583e-01 9.722561049309431658e-01 9.741859758155432258e-01 9.760539604594485885e-01 9.778593202396398398e-01 9.796013078892276127e-01 9.812791659908725039e-01 9.828921252198827840e-01 9.844394022857940740e-01 9.859201975075930768e-01 9.873336919395276912e-01 9.886790439397671326e-01 9.899553850402029731e-01 9.911618149280874146e-01 9.922973952821853016e-01 9.933611421067185532e-01 9.943520160573805500e-01 9.952689100237311903e-01 9.961106328651521125e-01 9.968758875876047032e-01 9.975632411858610382e-01 9.981710814145101640e-01 9.986975518597945856e-01 9.991404482117377528e-01 9.994970377201086720e-01 9.997637018711035273e-01 9.999350543106302336e-01 1.000000000000000000e+00 9.999350543106302336e-01 9.997637018711035273e-01 9.994970377201086720e-01 9.991404482117377528e-01 9.986975518597945856e-01 9.981710814145101640e-01 9.975632411858610382e-01 9.968758875876047032e-01 9.961106328651521125e-01 9.952689100237311903e-01 9.943520160573805500e-01 9.933611421067185532e-01 9.922973952821853016e-01 9.911618149280874146e-01 9.899553850402029731e-01 9.886790439397671326e-01 9.873336919395276912e-01 9.859201975075930768e-01 9.844394022857940740e-01 9.828921252198827840e-01 9.812791659908726150e-01 9.796013078892276127e-01 9.778593202396398398e-01 9.760539604594485885e-01 9.741859758155432258e-01 9.722561049309431658e-01 9.702650790819039583e-01 9.682136233184491791e-01 9.661024574350602911e-01 9.639322968134239611e-01 9.617038531553063763e-01 9.594178351205729927e-01 9.570749488829152218e-01 9.546758986138534908e-01 9.522213869039617418e-01 9.497121151289260599e-01 9.471487837669424481e-01 9.445320926730480515e-01 9.418627413152100836e-01 9.391414289763541090e-01 9.363688549259747695e-01 9.335457185645046341e-01 9.306727195432328292e-01 9.277505578622250448e-01 9.247799339484119585e-01 9.217615487157651000e-01 9.186961036092650135e-01 9.155843006341803925e-01 9.124268423720197640e-01 9.092244319843680866e-01 9.059777732057078259e-01 9.026875703262067230e-01 8.993545281653645418e-01 8.959793520373267040e-01 8.925627477085937844e-01 8.891054213487971092e-01 8.856080794751457486e-01 8.820714288911006840e-01 8.784961766197851851e-01
9.363688549259747695e-01 9.391414289763541090e-01 9.418627413152100836e-01 9.445320926730481625e-01 9.471487837669424481e-01 9.497121151289260599e-01 9.522213869039617418e-01 9.546758986138534908e-01 9.570749488829152218e-01 9.594178351205729927e-01 9.617038531553063763e-01 9.639322968134239611e-01 9.661024574350602911e-01 9.682136233184491791e-01 9.702650790819039583e-01 9.722561049309431658e-01 9.741859758155432258e-01 9.760539604594485885e-01 9.778593202396398398e-01 9.796013078892276127e-01 9.812791659908725039e-01 9.828921252198827840e-01 9.844394022857940740e-01 9.859201975075930768e-01 9.873336919395276912e-01 9.886790439397671326e-01 9.899553850402029731e-01 9.911618149280874146e-01 9.922973952821853016e-01 9.933611421067185532e-01 9.943520160573805500e-01 9.952689100237311903e-01 9.961106328651521125e-01 9.968758875876047032e-01 9.975632411858610382e-01 9.981710814145101640e-01 9.986975518597945856e-01 9.991404482117377528e-01 9.994970377201086720e-01 9.997637018711035273e-01 9.999350543106302336e-01 1.000000000000000000e+00 9.999350543106302336e-01 9.997637018711035273e-01 9.994970377201086720e-01 9.991404482117377528e-01 9.986975518597945856e-01 9.981710814145101640e-01 9.975632411858610382e-01 9.968758875876047032e-01 9.961106328651521125e-01 9.952689100237311903e-01 9.943520160573805500e-01 9.933611421067185532e-01 9.922973952821853016e-01 9.911618149280874146e-01 9.899553850402029731e-01 9.886790439397671326e-01 9.873336919395276912e-01 9.859201975075930768e-01 9.844394022857940740e-01 9.828921252198827840e-01 9.812791659908725039e-01 9.796013078892276127e-01 9.778593202396398398e-01 9.760539604594485885e-01 9.741859758155432258e-01 9.722561049309431658e-01 9.702650790819039583e-01 9.682136233184491791e-01 9.661024574350602911e-01 9.639322968134239611e-01 9.617038531553063763e-01 9.594178351205729927e-01 9.570749488829153329e-01 9.546758986138533798e-01 9.522213869039617418e-01 9.497121151289260599e-01 9.471487837669424481e-01 9.445320926730481625e-01 9.418627413152099725e-01 9.391414289763541090e-01 9.363688549259747695e-01 9.335457185645046341e-01 9.306727195432328292e-01 9.277505578622250448e-01 9.247799339484119585e-01 9.217615487157652110e-01 9.186961036092649024e-01 9.155843006341805035e-01 9.124268423720197640e-01 9.092244319843680866e-01 9.059777732057078259e-01 9.026875703262066120e-01 8.993545281653646528e-01 8.959793520373267040e-01 8.925627477085937844e-01 8.891054213487971092e-01 8.856080794751457486e-01 8.820714288911005729e-01
9.335457185645046341e-01 9.363688549259747695e-01 9.391414289763541090e-01 9.418627413152100836e-01 9.445320926730481625e-01 9.471487837669424481e-01 9.497121151289260599e-01 9.522213869039617418e-01 9.546758986138534908e-01 9.570749488829153329e-01 9.594178351205729927e-01 9.617038531553063763e-01 9.639322968134239611e-01 9.661024574350602911e-01 9.682136233184491791e-01 9.702650790819039583e-01 9.722561049309431658e-01 9.741859758155432258e-01 9.760539604594485885e-01 9.778593202396398398e-01 9.796013078892276127e-01 9.812791659908726150e-01 9.828921252198827840e-01 9.844394022857940740e-01 9.859201975075930768e-01 9.873336919395276912e-01 9.886790439397671326e-01 9.899553850402029731e-01 9.911618149280874146e-01 9.922973952821853016e-01 9.933611421067185532e-01 9.943520160573805500e-01 9.952689100237311903e-01 9.961106328651521125e-01 9.968758875876047032e-01 9.975632411858610382e-01 9.981710814145101640e-01 9.986975518597945856e-01 9.991404482117377528e-01 9.994970377201086720e-01 9.997637018711035273e-01 9.999350543106302336e-01 1.000000000000000000e+00 9.999350543106302336e-01 9.997637018711035273e-01 9.994970377201086720e-01 9.991404482117377528e-01 9.986975518597945856e-01 9.981710814145101640e-01 9.975632411858610382e-01 9.968758875876047032e-01 9.961106328651521125e-01 9.952689100237311903e-01 9.943520160573805500e-01 9.933611421067185532e-01 9.922973952821853016e-01 9.911618149280874146e-01 9.899553850402029731e-01 9.886790439397671326e-01 9.873336919395276912e-01 9.859201975075930768e-01 9.844394022857940740e-01 9.828921252198827840e-01 9.812791659908726150e-01 9.796013078892276127e-01 9.778593202396397288e-01 9.760539604594485885e-01 9.741859758155432258e-01 9.722561049309431658e-01 9.702650790819039583e-01 9.682136233184491791e-01 9.661024574350602911e-01 9.639322968134239611e-01 9.617038531553063763e-01 9.594178351205729927e-01 9.570749488829152218e-01 9.546758986138534908e-01 9.522213869039617418e-01 9.497121151289259489e-01 9.471487837669424481e-01 9.445320926730480515e-01 9.418627413152100836e-01 9.391414289763541090e-01 9.363688549259747695e-01 9.335457185645046341e-01 9.306727195432328292e-01 9.277505578622250448e-01 9.247799339484119585e-01 9.217615487157651000e-01 9.186961036092650135e-01 9.155843006341803925e-01 9.124268423720197640e-01 9.092244319843680866e-01 9.059777732057078259e-01 9.026875703262067230e-01 8.993545281653645418e-01 8.959793520373267040e-01 8.925627477085937844e-01 8.891054213487971092e-01 8.856080794751457486e-01
9.306727195432328292e-01 9.335457185645046341e-01 9.363688549259747695e-01 9.391414289763541090e-01 9.418627413152100836e-01 9.445320926730481625e-01 9.471487837669424481e-01 9.497121151289259489e-01 9.522213869039617418e-01 9.546758986138533798e-01 9.570749488829152218e-01 9.594178351205729927e-01 9.617038531553063763e-01 9.639322968134239611e-01 9.661024574350602911e-01 9.682136233184491791e-01 9.702650790819039583e-01 9.722561049309431658e-01 9.741859758155432258e-01 9.760539604594485885e-01 9.778593202396398398e-01 9.796013078892276127e-01 9.812791659908725039e-01 9.828921252198827840e-01 9.844394022857940740e-01 9.859201975075930768e-01 9.873336919395276912e-01 9.886790439397671326e-01 9.899553850402029731e-01 9.911618149280874146e-01 9.922973952821853016e-01 9.933611421067185532e-01 9.943520160573805500e-01 9.952689100237311903e-01 9.961106328651521125e-01 9.968758875876047032e-01 9.975632411858610382e-01 9.981710814145101640e-01 9.986975518597945856e-01 9.991404482117377528e-01 9.994970377201086720e-01 9.997637018711035273e-01 9.999350543106302336e-01 1.000000000000000000e+00 9.999350543106302336e-01 9.997637018711035273e-01 9.994970377201086720e-01 9.991404482117377528e-01 9.986975518597945856e-01 9.981710814145101640e-01 9.975632411858610382e-01 9.968758875876047032e-01 9.961106328651521125e-01 9.952689100237311903e-01 9.943520160573805500e-01 9.933611421067186642e-01 9.922973952821853016e-01 9.911618149280875256e-01 9.899553850402029731e-01 9.886790439397671326e-01 9.873336919395276912e-01 9.859201975075930768e-01 9.844394022857940740e-01 9.828921252198827840e-01 9.812791659908726150e-01 9.796013078892276127e-01 9.778593202396398398e-01 9.760539604594485885e-01 9.741859758155432258e-01 9.722561049309431658e-01 9.702650790819039583e-01 9.682136233184491791e-01 9.661024574350602911e-01 9.639322968134239611e-01 9.617038531553064873e-01 9.594178351205729927e-01 9.570749488829153329e-01 9.546758986138534908e-01 9.522213869039617418e-01 9.497121151289260599e-01 9.471487837669424481e-01 9.445320926730481625e-01 9.418627413152100836e-01 9.391414289763541090e-01 9.363688549259747695e-01 9.335457185645047451e-01 9.306727195432328292e-01 9.277505578622250448e-01 9.247799339484119585e-01 9.217615487157652110e-01 9.186961036092650135e-01 9.155843006341803925e-01 9.124268423720197640e-01 9.092244319843680866e-01 9.059777732057079369e-01 9.026875703262067230e-01 8.993545281653646528e-01 8.959793520373267040e-01 8.925627477085937844e-01 8.891054213487971092e-01
9.277505578622250448e-01 9.306727195432328292e-01 9.335457185645046341e-01 9.363688549259747695e-01 9.391414289763541090e-01 9.418627413152100836e-01 9.445320926730481625e-01 9.471487837669424481e-01 9.497121151289260599e-01 9.522213869039617418e-01 9.546758986138534908e-01 9.570749488829153329e-01 9.594178351205729927e-01 9.617038531553063763e-01 9.639322968134239611e-01 9.661024574350602911e-01 9.682136233184491791e-01 9.702650790819039583e-01 9.722561049309431658e-01 9.741859758155432258e-01 9.760539604594485885e-01 9.778593202396398398e-01 9.796013078892276127e-01 9.812791659908726150e-01 9.828921252198827840e-01 9.844394022857940740e-01 9.859201975075930768e-01 9.873336919395276912e-01 9.886790439397671326e-01 9.899553850402029731e-01 9.911618149280874146e-01 9.922973952821853016e-01 9.933611421067185532e-01 9.943520160573805500e-01 9.952689100237311903e-01 9.961106328651521125e-01 9.968758875876047032e-01 9.975632411858610382e-01 9.981710814145101640e-01 9.986975518597945856e-01 9.991404482117377528e-01 9.994970377201086720e-01 9.997637018711035273e-01 9.999350543106302336e-01 1.000000000000000000e+00 9.999350543106302336e-01 9.997637018711035273e-01 9.994970377201086720e-01 9.991404482117377528e-01 9.986975518597945856e-01 9.981710814145101640e-01 9.975632411858610382e-01 9.968758875876047032e-01 9.961106328651521125e-01 9.952689100237311903e-01 9.943520160573805500e-01 9.933611421067185532e-01 9.922973952821853016e-01 9.911618149280874146e-01 9.899553850402029731e-01 9.886790439397671326e-01 9.873336919395276912e-01 9.859201975075930768e-01 9.844394022857940740e-01 9.828921252198827840e-01 9.812791659908725039e-01 9.796013078892276127e-01 9.778593202396397288e-01 9.760539604594485885e-01 9.741859758155432258e-01 9.722561049309431658e-01 9.702650790819039583e-01 9.682136233184491791e-01 9.661024574350602911e-01 9.639322968134239611e-01 9.617038531553063763e-01 9.594178351205729927e-01 9.570749488829152218e-01 9.546758986138533798e-01 9.522213869039617418e-01 9.497121151289259489e-01 9.471487837669424481e-01 9.445320926730480515e-01 9.418627413152100836e-01 9.391414289763541090e-01 9.363688549259747695e-01 9.335457185645046341e-01 9.306727195432328292e-01 9.277505578622250448e-01 9.247799339484119585e-01 9.217615487157651000e-01 9.186961036092649024e-01 9.155843006341803925e-01 9.124268423720197640e-01 9.092244319843680866e-01 9.059777732057078259e-01 9.026875703262067230e-01 8.993545281653645418e-01 8.959793520373267040e-01 8.925627477085937844e-01
9.247799339484119585e-01 9.277505578622250448e-01 9.306727195432328292e-01 9.335457185645046341e-01 9.363688549259747695e-01 9.391414289763541090e-01 9.418627413152100836e-01 9.445320926730481625e-01 9.471487837669424481e-01 9.497121151289260599e-01 9.522213869039617418e-01 9.546758986138533798e-01 9.570749488829152218e-01 9.594178351205729927e-01 9.617038531553063763e-01 9.639322968134239611e-01 9.661024574350602911e-01 9.682136233184491791e-01 9.702650790819039583e-01 9.722561049309431658e-01 9.741859758155432258e-01 9.760539604594485885e-01 9.778593202396398398e-01 9.796013078892276127e-01 9.812791659908725039e-01 9.828921252198827840e-01 9.844394022857940740e-01 9.859201975075930768e-01 9.873336919395276912e-01 9.886790439397671326e-01 9.899553850402029731e-01 9.911618149280874146e-01 9.922973952821853016e-01 9.933611421067185532e-01 9.943520160573805500e-01 9.952689100237311903e-01 9.961106328651521125e-01 9.968758875876047032e-01 9.975632411858610382e-01 9.981710814145101640e-01 9.986975518597945856e-01 9.991404482117377528e-01 9.994970377201086720e-01 9.997637018711035273e-01 9.999350543106302336e-01 1.000000000000000000e+00 9.999350543106302336e-01 9.997637018711035273e-01 9.994970377201086720e-01 9.991404482117377528e-01 9.986975518597945856e-01 9.981710814145101640e-01 9.975632411858610382e-01 9.968758875876047032e-01 9.961106328651521125e-01 9.952689100237311903e-01 9.943520160573805500e-01 9.933611421067186642e-01 9.922973952821853016e-01 9.911618149280875256e-01 9.899553850402029731e-01 9.886790439397671326e-01 9.873336919395276912e-01 9.859201975075930768e-01 9.844394022857940740e-01 9.828921252198827840e-01 9.812791659908726150e-01 9.796013078892276127e-01 9.778593202396398398e-01 9.760539604594485885e-01 9.741859758155432258e-01 9.722561049309431658e-01 9.702650790819039583e-01 9.682136233184491791e-01 9.661024574350602911e-01 9.639322968134239611e-01 9.617038531553064873e-01 9.594178351205729927e-01 9.570749488829152218e-01 9.546758986138534908e-01 9.522213869039617418e-01 9.497121151289260599e-01 9.471487837669424481e-01 9.445320926730481625e-01 9.418627413152100836e-01 9.391414289763541090e-01 9.363688549259747695e-01 9.335457185645047451e-01 9.306727195432328292e-01 9.277505578622250448e-01 9.247799339484119585e-01 9.217615487157651000e-01 9.186961036092650135e-01 9.155843006341803925e-01 9.124268423720197640e-01 9.092244319843680866e-01 9.059777732057079369e-01 9.026875703262067230e-01 8.993545281653646528e-01 8.959793520373267040e-01
9.217615487157652110e-01 9.247799339484119585e-01 9.277505578622250448e-01 9.306727195432328292e-01 9.335457185645047451e-01 9.363688549259747695e-01 9.391414289763541090e-01 9.418627413152100836e-01 9.445320926730481625e-01 9.471487837669424481e-01 9.497121151289260599e-01 9.522213869039617418e-01 9.546758986138534908e-01 9.570749488829153329e-01 9.594178351205729927e-01 9.617038531553063763e-01 9.639322968134239611e-01 9.661024574350602911e-01 9.682136233184491791e-01 9.702650790819039583e-01 9.722561049309431658e-01 9.741859758155432258e-01 9.760539604594485885e-01 9.778593202396398398e-01 9.796013078892276127e-01 9.812791659908726150e-01 9.828921252198827840e-01 9.844394022857940740e-01 9.859201975075930768e-01 9.873336919395276912e-01 9.886790439397671326e-01 9.899553850402029731e-01 9.911618149280874146e-01 9.922973952821853016e-01 9.933611421067185532e-01 9.943520160573805500e-01 9.952689100237311903e-01 9.961106328651521125e-01 9.968758875876047032e-01 9.975632411858610382e-01 9.981710814145101640e-01 9.986975518597945856e-01 9.991404482117377528e-01 9.994970377201086720e-01 9.997637018711035273e-01 9.999350543106302336e-01 1.000000000000000000e+00 9.999350543106302336e-01 9.997637018711035273e-01 9.994970377201086720e-01 9.991404482117377528e-01 9.986975518597945856e-01 9.981710814145101640e-01 9.975632411858610382e-01 9.968758875876047032e-01 9.961106328651521125e-01 9.952689100237311903e-01 9.943520160573805500e-01 9.933611421067185532e-01 9.922973952821853016e-01 9.911618149280874146e-01 9.899553850402029731e-01 9.886790439397671326e-01 9.873336919395276912e-01 9.859201975075930768e-01 9.844394022857939630e-01 9.828921252198827840e-01 9.812791659908725039e-01 9.796013078892276127e-01 9.778593202396397288e-01 9.760539604594485885e-01 9.741859758155432258e-01 9.722561049309431658e-01 9.702650790819039583e-01 9.682136233184491791e-01 9.661024574350602911e-01 9.639322968134239611e-01 9.617038531553063763e-01 9.594178351205729927e-01 9.570749488829152218e-01 9.546758986138533798e-01 9.522213869039617418e-01 9.497121151289259489e-01 9.471487837669424481e-01 9.445320926730480515e-01 9.418627413152100836e-01 9.391414289763541090e-01 9.363688549259747695e-01 9.335457185645046341e-01 9.306727195432328292e-01 9.277505578622250448e-01 9.247799339484119585e-01 9.217615487157651000e-01 9.186961036092649024e-01 9.155843006341803925e-01 9.124268423720197640e-01 9.092244319843680866e-01 9.059777732057078259e-01 9.026875703262067230e-01 8.993545281653645418e-01
9.186961036092649024e-01 9.217615487157651000e-01 9.247799339484119585e-01 9.277505578622250448e-01 9.306727195432328292e-01 9.335457185645046341e-01 9.363688549259747695e-01 9.391414289763541090e-01 9.418627413152100836e-01 9.445320926730481625e-01 9.471487837669424481e-01 9.497121151289260599e-01 9.522213869039617418e-01 9.546758986138533798e-01 9.570749488829152218e-01 9.594178351205729927e-01 9.617038531553063763e-01 9.639322968134239611e-01 9.661024574350602911e-01 9.682136233184491791e-01 9.702650790819039583e-01 9.722561049309431658e-01 9.741859758155432258e-01 9.760539604594485885e-01 9.778593202396398398e-01 9.796013078892276127e-01 9.812791659908725039e-01 9.828921252198827840e-01 9.844394022857940740e-01 9.859201975075930768e-01 9.873336919395276912e-01 9.886790439397671326e-01 9.899553850402029731e-01 9.911618149280874146e-01 9.922973952821853016e-01 9.933611421067185532e-01 9.943520160573805500e-01 9.952689100237311903e-01 9.961106328651521125e-01 9.968758875876047032e-01 9.975632411858610382e-01 9.981710814145101640e-01 9.986975518597945856e-01 9.991404482117377528e-01 9.994970377201086720e-01 9.997637018711035273e-01 9.999350543106302336e-01 1.000000000000000000e+00 9.999350543106302336e-01 9.997637018711035273e-01 9.994970377201086720e-01 9.991404482117377528e-01 9.986975518597945856e-01 9.981710814145101640e-01 9.975632411858610382e-01 9.968758875876047032e-01 9.961106328651521125e-01 9.952689100237311903e-01 9.943520160573805500e-01 9.933611421067186642e-01 9.922973952821853016e-01 9.911618149280875256e-01 9.899553850402029731e-01 9.886790439397671326e-01 9.873336919395276912e-01 9.859201975075930768e-01 9.844394022857940740e-01 9.828921252198827840e-01 9.812791659908726150e-01 9.796013078892276127e-01 9.778593202396398398e-01 9.760539604594485885e-01 9.741859758155432258e-01 9.722561049309431658e-01 9.702650790819039583e-01 9.682136233184491791e-01 9.661024574350602911e-01 9.639322968134239611e-01 9.617038531553063763e-01 9.594178351205729927e-01 9.570749488829152218e-01 9.546758986138534908e-01 9.522213869039617418e-01 9.497121151289260599e-01 9.471487837669424481e-01 9.445320926730481625e-01 9.418627413152100836e-01 9.391414289763541090e-01 9.363688549259747695e-01 9.335457185645047451e-01 9.306727195432328292e-01 9.277505578622250448e-01 9.247799339484119585e-01 9.217615487157651000e-01 9.186961036092650135e-01 9.155843006341803925e-01 9.124268423720197640e-01 9.092244319843680866e-01 9.059777732057079369e-01 9.026875703262067230e-01
9.155843006341803925e-01 9.186961036092649024e-01 9.217615487157651000e-01 9.247799339484119585e-01 9.277505578622250448e-01 9.306727195432328292e-01 9.335457185645046341e-01 9.363688549259747695e-01 9.391414289763541090e-01 9.418627413152100836e-01 9.445320926730481625e-01 9.471487837669424481e-01 9.497121151289260599e-01 9.522213869039617418e-01 9.546758986138533798e-01 9.570749488829152218e-01 9.594178351205729927e-01 9.617038531553063763e-01 9.639322968134239611e-01 9.661024574350602911e-01 9.682136233184491791e-01 9.702650790819039583e-01 9.722561049309431658e-01 9.741859758155432258e-01 9.760539604594485885e-01 9.778593202396398398e-01 9.796013078892276127e-01 9.812791659908725039e-01 9.828921252198827840e-01 9.844394022857940740e-01 9.859201975075930768e-01 9.873336919395276912e-01 9.886790439397671326e-01 9.899553850402029731e-01 9.911618149280874146e-01 9.922973952821853016e-01 9.933611421067185532e-01 9.943520160573805500e-01 9.952689100237311903e-01 9.961106328651521125e-01 9.968758875876047032e-01 9.975632411858610382e-01 9.981710814145101640e-01 9.986975518597945856e-01 9.991404482117377528e-01 9.994970377201086720e-01 9.997637018711035273e-01 9.999350543106302336e-01 1.000000000000000000e+00 9.999350543106302336e-01 9.997637018711035273e-01 9.994970377201086720e-01 9.991404482117377528e-01 9.986975518597945856e-01 9.981710814145101640e-01 9.975632411858610382e-01 9.968758875876047032e-01 9.961106328651521125e-01 9.952689100237311903e-01 9.943520160573805500e-01 9.933611421067185532e-01 9.922973952821853016e-01 9.911618149280874146e-01 9.899553850402030841e-01 9.886790439397671326e-01 9.873336919395276912e-01 9.859201975075930768e-01 9.844394022857940740e-01 9.828921252198827840e-01 9.812791659908725039e-01 9.796013078892276127e-01 9.778593202396398398e-01 9.760539604594485885e-01 9.741859758155432258e-01 9.722561049309431658e-01 9.702650790819039583e-01 9.682136233184491791e-01 9.661024574350602911e-01 9.639322968134239611e-01 9.617038531553063763e-01 9.594178351205729927e-01 9.570749488829153329e-01 9.546758986138533798e-01 9.522213869039617418e-01 9.497121151289260599e-01 9.471487837669424481e-01 9.445320926730481625e-01 9.418627413152100836e-01 9.391414289763541090e-01 9.363688549259747695e-01 9.335457185645046341e-01 9.306727195432328292e-01 9.277505578622250448e-01 9.247799339484119585e-01 9.217615487157652110e-01 9.186961036092649024e-01 9.155843006341805035e-01 9.124268423720197640e-01 9.092244319843680866e-01 9.059777732057078259e-01
9.124268423720197640e-01 9.155843006341803925e-01 9.186961036092649024e-01 9.217615487157651000e-01 9.247799339484119585e-01 9.277505578622250448e-01 9.306727195432328292e-01 9.335457185645046341e-01 9.363688549259747695e-01 9.391414289763541090e-01 9.418627413152100836e-01 9.445320926730481625e-01 9.471487837669424481e-01 9.497121151289260599e-01 9.522213869039617418e-01 9.546758986138533798e-01 9.570749488829152218e-01 9.594178351205729927e-01 9.617038531553063763e-01 9.639322968134239611e-01 9.661024574350602911e-01 9.682136233184491791e-01 9.702650790819039583e-01 9.722561049309431658e-01 9.741859758155432258e-01 9.760539604594485885e-01 9.778593202396398398e-01 9.796013078892276127e-01 9.812791659908725039e-01 9.828921252198827840e-01 9.844394022857940740e-01 9.859201975075930768e-01 9.873336919395276912e-01 9.886790439397671326e-01 9.899553850402029731e-01 9.911618149280874146e-01 9.922973952821853016e-01 9.933611421067185532e-01 9.943520160573805500e-01 9.952689100237311903e-01 9.961106328651521125e-01 9.968758875876047032e-01 9.975632411858610382e-01 9.981710814145101640e-01 9.986975518597945856e-01 9.991404482117377528e-01 9.994970377201086720e-01 9.997637018711035273e-01 9.999350543106302336e-01 1.000000000000000000e+00 9.999350543106302336e-01 9.997637018711035273e-01 9.994970377201086720e-01 9.991404482117377528e-01 9.986975518597945856e-01 9.981710814145101640e-01 9.975632411858610382e-01 9.968758875876047032e-01 9.961106328651521125e-01 9.952689100237311903e-01 9.943520160573805500e-01 9.933611421067186642e-01 9.922973952821853016e-01 9.911618149280875256e-01 9.899553850402029731e-01 9.886790439397671326e-01 9.873336919395276912e-01 9.859201975075930768e-01 9.844394022857940740e-01 9.828921252198827840e-01 9.812791659908726150e-01 9.796013078892276127e-01 9.778593202396398398e-01 9.760539604594485885e-01 9.741859758155432258e-01 9.722561049309431658e-01 9.702650790819039583e-01 9.682136233184491791e-01 9.661024574350602911e-01 9.639322968134239611e-01 9.617038531553063763e-01 9.594178351205729927e-01 9.570749488829152218e-01 9.546758986138534908e-01 9.522213869039617418e-01 9.497121151289260599e-01 9.471487837669424481e-01 9.445320926730481625e-01 9.418627413152100836e-01 9.391414289763541090e-01 9.363688549259747695e-01 9.335457185645046341e-01 9.306727195432328292e-01 9.277505578622250448e-01 9.247799339484119585e-01 9.217615487157651000e-01 9.186961036092650135e-01 9.155843006341803925e-01 9.124268423720197640e-01 9.092244319843680866e-01
9.092244319843680866e-01 9.124268423720197640e-01 9.155843006341803925e-01 9.186961036092649024e-01 9.217615487157651000e-01 9.247799339484119585e-01 9.277505578622250448e-01 9.306727195432328292e-01 9.335457185645046341e-01 9.363688549259747695e-01 9.391414289763541090e-01 9.418627413152100836e-01 9.445320926730481625e-01 9.471487837669424481e-01 9.497121151289260599e-01 9.522213869039617418e-01 9.546758986138533798e-01 9.570749488829152218e-01 9.594178351205729927e-01 9.617038531553063763e-01 9.639322968134239611e-01 9.661024574350602911e-01 9.682136233184491791e-01 9.702650790819039583e-01 9.722561049309431658e-01 9.741859758155432258e-01 9.760539604594485885e-01 9.778593202396398398e-01 9.796013078892276127e-01 9.812791659908725039e-01 9.828921252198827840e-01 9.844394022857940740e-01 9.859201975075930768e-01 9.873336919395276912e-01 9.886790439397671326e-01 9.899553850402029731e-01 9.911618149280874146e-01 9.922973952821853016e-01 9.933611421067185532e-01 9.943520160573805500e-01 9.952689100237311903e-01 9.961106328651521125e-01 9.968758875876047032e-01 9.975632411858610382e-01 9.981710814145101640e-01 9.986975518597945856e-01 9.991404482117377528e-01 9.994970377201086720e-01 9.997637018711035273e-01 9.999350543106302336e-01 1.000000000000000000e+00 9.999350543106302336e-01 9.997637018711035273e-01 9.994970377201086720e-01 9.991404482117377528e-01 9.986975518597945856e-01 9.981710814145101640e-01 9.975632411858610382e-01 9.968758875876047032e-01 9.961106328651521125e-01 9.952689100237311903e-01 9.943520160573805500e-01 9.933611421067185532e-01 9.922973952821853016e-01 9.911618149280874146e-01 9.899553850402029731e-01 9.886790439397671326e-01 9.873336919395276912e-01 9.859201975075930768e-01 9.844394022857940740e-01 9.828921252198827840e-01 9.812791659908725039e-01 9.796013078892276127e-01 9.778593202396398398e-01 9.760539604594485885e-01 9.741859758155432258e-01 9.722561049309431658e-01 9.702650790819039583e-01 9.682136233184491791e-01 9.661024574350602911e-01 9.639322968134239611e-01 9.617038531553063763e-01 9.594178351205729927e-01 9.570749488829153329e-01 9.546758986138533798e-01 9.522213869039617418e-01 9.497121151289260599e-01 9.471487837669424481e-01 9.445320926730481625e-01 9.418627413152100836e-01 9.391414289763541090e-01 9.363688549259747695e-01 9.335457185645046341e-01 9.306727195432328292e-01 9.277505578622250448e-01 9.247799339484119585e-01 9.217615487157652110e-01 9.186961036092649024e-01 9.155843006341805035e-01 9.124268423720197640e-01
9.059777732057078259e-01 9.092244319843680866e-01 9.124268423720197640e-01 9.155843006341803925e-01 9.186961036092649024e-01 9.217615487157651000e-01 9.247799339484119585e-01 9.277505578622250448e-01 9.306727195432328292e-01 9.335457185645046341e-01 9.363688549259747695e-01 9.391414289763541090e-01 9.418627413152100836e-01 9.445320926730481625e-01 9.471487837669424481e-01 9.497121151289260599e-01 9.522213869039617418e-01 9.546758986138533798e-01 9.570749488829152218e-01 9.594178351205729927e-01 9.617038531553063763e-01 9.639322968134239611e-01 9.661024574350602911e-01 9.682136233184491791e-01 9.702650790819039583e-01 9.722561049309431658e-01 9.741859758155432258e-01 9.760539604594485885e-01 9.778593202396398398e-01 9.796013078892276127e-01 9.812791659908725039e-01 9.828921252198827840e-01 9.844394022857940740e-01 9.859201975075930768e-01 9.873336919395276912e-01 9.886790439397671326e-01 9.899553850402029731e-01 9.911618149280874146e-01 9.922973952821853016e-01 9.933611421067185532e-01 9.943520160573805500e-01 9.952689100237311903e-01 9.961106328651521125e-01 9.968758875876047032e-01 9.975632411858610382e-01 9.981710814145101640e-01 9.986975518597945856e-01 9.991404482117377528e-01 9.994970377201086720e-01 9.997637018711035273e-01 9.999350543106302336e-01 1.000000000000000000e+00 9.999350543106302336e-01 9.997637018711035273e-01 9.994970377201086720e-01 9.991404482117377528e-01 9.986975518597945856e-01 9.981710814145101640e-01 9.975632411858610382e-01 9.968758875876047032e-01 9.961106328651521125e-01 9.952689100237311903e-01 9.943520160573805500e-01 9.933611421067186642e-01 9.922973952821853016e-01 9.911618149280874146e-01 9.899553850402029731e-01 9.886790439397671326e-01 9.873336919395276912e-01 9.859201975075930768e-01 9.844394022857940740e-01 9.828921252198827840e-01 9.812791659908726150e-01 9.796013078892276127e-01 9.778593202396398398e-01 9.760539604594485885e-01 9.741859758155432258e-01 9.722561049309431658e-01 9.702650790819039583e-01 9.682136233184491791e-01 9.661024574350602911e-01 9.639322968134239611e-01 9.617038531553063763e-01 9.594178351205729927e-01 9.570749488829152218e-01 9.546758986138534908e-01 9.522213869039617418e-01 9.497121151289260599e-01 9.471487837669424481e-01 9.445320926730481625e-01 9.418627413152100836e-01 9.391414289763541090e-01 9.363688549259747695e-01 9.335457185645046341e-01 9.306727195432328292e-01 9.277505578622250448e-01 9.247799339484119585e-01 9.217615487157651000e-01 9.186961036092650135e-01 9.155843006341803925e-01
9.026875703262067230e-01 9.059777732057078259e-01 9.092244319843680866e-01 9.124268423720197640e-01 9.155843006341803925e-01 9.186961036092649024e-01 9.217615487157651000e-01 9.247799339484119585e-01 9.277505578622250448e-01 9.306727195432328292e-01 9.335457185645046341e-01 9.363688549259747695e-01 9.391414289763541090e-01 9.418627413152100836e-01 9.445320926730481625e-01 9.471487837669424481e-01 9.497121151289260599e-01 9.522213869039617418e-01 9.546758986138534908e-01 9.570749488829152218e-01 9.594178351205729927e-01 9.617038531553063763e-01 9.639322968134239611e-01 9.661024574350602911e-01 9.682136233184491791e-01 9.702650790819039583e-01 9.722561049309431658e-01 9.741859758155432258e-01 9.760539604594485885e-01 9.778593202396398398e-01 9.796013078892276127e-01 9.812791659908725039e-01 9.828921252198827840e-01 9.844394022857940740e-01 9.859201975075930768e-01 9.873336919395276912e-01 9.886790439397671326e-01 9.899553850402029731e-01 9.911618149280874146e-01 9.922973952821853016e-01 9.933611421067185532e-01 9.943520160573805500e-01 9.952689100237311903e-01 9.961106328651521125e-01 9.968758875876047032e-01 9.975632411858610382e-01 9.981710814145101640e-01 9.986975518597945856e-01 9.991404482117377528e-01 9.994970377201086720e-01 9.997637018711035273e-01 9.999350543106302336e-01 1.000000000000000000e+00 9.999350543106302336e-01 9.997637018711035273e-01 9.994970377201086720e-01 9.991404482117377528e-01 9.986975518597945856e-01 9.981710814145101640e-01 9.975632411858610382e-01 9.968758875876047032e-01 9.961106328651521125e-01 9.952689100237311903e-01 9.943520160573805500e-01 9.933611421067185532e-01 9.922973952821853016e-01 9.911618149280874146e-01 9.899553850402029731e-01 9.886790439397671326e-01 9.873336919395276912e-01 9.859201975075930768e-01 9.844394022857940740e-01 9.828921252198827840e-01 9.812791659908725039e-01 9.796013078892276127e-01 9.778593202396398398e-01 9.760539604594485885e-01 9.741859758155432258e-01 9.722561049309431658e-01 9.702650790819039583e-01 9.682136233184491791e-01 9.661024574350602911e-01 9.639322968134239611e-01 9.617038531553063763e-01 9.594178351205729927e-01 9.570749488829153329e-01 9.546758986138533798e-01 9.522213869039617418e-01 9.497121151289260599e-01 9.471487837669424481e-01 9.445320926730481625e-01 9.418627413152099725e-01 9.391414289763541090e-01 9.363688549259747695e-01 9.335457185645046341e-01 9.306727195432328292e-01 9.277505578622250448e-01 9.247799339484119585e-01 9.217615487157652110e-01 9.186961036092649024e-01
8.993545281653646528e-01 9.026875703262067230e-01 9.059777732057078259e-01 9.092244319843680866e-01 9.124268423720197640e-01 9.155843006341803925e-01 9.186961036092649024e-01 9.217615487157651000e-01 9.247799339484119585e-01 9.277505578622250448e-01 9.306727195432328292e-01 9.335457185645046341e-01 9.363688549259747695e-01 9.391414289763541090e-01 9.418627413152100836e-01 9.445320926730481625e-01 9.471487837669424481e-01 9.497121151289260599e-01 9.522213869039617418e-01 9.546758986138534908e-01 9.570749488829152218e-01 9.594178351205729927e-01 9.617038531553063763e-01 9.639322968134239611e-01 9.661024574350602911e-01 9.682136233184491791e-01 9.702650790819039583e-01 9.722561049309431658e-01 9.741859758155432258e-01 9.760539604594485885e-01 9.778593202396398398e-01 9.796013078892276127e-01 9.812791659908725039e-01 9.828921252198827840e-01 9.844394022857940740e-01 9.859201975075930768e-01 9.873336919395276912e-01 9.886790439397671326e-01 9.899553850402029731e-01 9.911618149280874146e-01 9.922973952821853016e-01 9.933611421067185532e-01 9.943520160573805500e-01 9.952689100237311903e-01 9.961106328651521125e-01 9.968758875876047032e-01 9.975632411858610382e-01 9.981710814145101640e-01 9.986975518597945856e-01 9.991404482117377528e-01 9.994970377201086720e-01 9.997637018711035273e-01 9.999350543106302336e-01 1.000000000000000000e+00 9.999350543106302336e-01 9.997637018711035273e-01 9.994970377201086720e-01 9.991404482117377528e-01 9.986975518597945856e-01 9.981710814145101640e-01 9.975632411858610382e-01 9.968758875876047032e-01 9.961106328651521125e-01 9.952689100237311903e-01 9.943520160573805500e-01 9.933611421067185532e-01 9.922973952821853016e-01 9.911618149280874146e-01 9.899553850402029731e-01 9.886790439397671326e-01 9.873336919395276912e-01 9.859201975075930768e-01 9.844394022857940740e-01 9.828921252198827840e-01 9.812791659908726150e-01 9.796013078892276127e-01 9.778593202396398398e-01 9.760539604594485885e-01 9.741859758155432258e-01 9.722561049309431658e-01 9.702650790819039583e-01 9.682136233184491791e-01 9.661024574350602911e-01 9.639322968134239611e-01 9.617038531553063763e-01 9.594178351205729927e-01 9.570749488829152218e-01 9.546758986138534908e-01 9.522213869039617418e-01 9.497121151289260599e-01 9.471487837669424481e-01 9.445320926730480515e-01 9.418627413152100836e-01 9.391414289763541090e-01 9.363688549259747695e-01 9.335457185645046341e-01 9.306727195432328292e-01 9.277505578622250448e-01 9.247799339484119585e-01 9.217615487157651000e-01
8.959793520373267040e-01 8.993545281653645418e-01 9.026875703262066120e-01 9.059777732057078259e-01 9.092244319843680866e-01 9.124268423720197640e-01 9.155843006341803925e-01 9.186961036092649024e-01 9.217615487157651000e-01 9.247799339484119585e-01 9.277505578622250448e-01 9.306727195432328292e-01 9.335457185645046341e-01 9.363688549259747695e-01 9.391414289763541090e-01 9.418627413152099725e-01 9.445320926730480515e-01 9.471487837669424481e-01 9.497121151289259489e-01 9.522213869039617418e-01 9.546758986138533798e-01 9.570749488829152218e-01 9.594178351205729927e-01 9.617038531553063763e-01 9.639322968134239611e-01 9.661024574350602911e-01 9.682136233184491791e-01 9.702650790819039583e-01 9.722561049309431658e-01 9.741859758155432258e-01 9.760539604594485885e-01 9.778593202396398398e-01 9.796013078892276127e-01 9.812791659908725039e-01 9.828921252198827840e-01 9.844394022857940740e-01 9.859201975075930768e-01 9.873336919395276912e-01 9.886790439397671326e-01 9.899553850402029731e-01 9.911618149280874146e-01 9.922973952821853016e-01 9.933611421067185532e-01 9.943520160573805500e-01 9.952689100237311903e-01 9.961106328651521125e-01 9.968758875876047032e-01 9.975632411858610382e-01 9.981710814145101640e-01 9.986975518597945856e-01 9.991404482117377528e-01 9.994970377201086720e-01 9.997637018711035273e-01 9.999350543106302336e-01 1.000000000000000000e+00 9.999350543106302336e-01 9.997637018711035273e-01 9.994970377201086720e-01 9.991404482117377528e-01 9.986975518597945856e-01 9.981710814145101640e-01 9.975632411858610382e-01 9.968758875876047032e-01 9.961106328651521125e-01 9.952689100237311903e-01 9.943520160573805500e-01 9.933611421067186642e-01 9.922973952821853016e-01 9.911618149280875256e-01 9.899553850402029731e-01 9.886790439397671326e-01 9.873336919395276912e-01 9.859201975075930768e-01 9.844394022857940740e-01 9.828921252198827840e-01 9.812791659908726150e-01 9.796013078892276127e-01 9.778593202396398398e-01 9.760539604594485885e-01 9.741859758155432258e-01 9.722561049309431658e-01 9.702650790819039583e-01 9.682136233184491791e-01 9.661024574350602911e-01 9.639322968134239611e-01 9.617038531553064873e-01 9.594178351205729927e-01 9.570749488829153329e-01 9.546758986138534908e-01 9.522213869039617418e-01 9.497121151289260599e-01 9.471487837669424481e-01 9.445320926730481625e-01 9.418627413152100836e-01 9.391414289763541090e-01 9.363688549259747695e-01 9.335457185645047451e-01 9.306727195432328292e-01 9.277505578622250448e-01 9.247799339484119585e-01
8.925627477085937844e-01 8.959793520373267040e-01 8.993545281653646528e-01 9.026875703262067230e-01 9.059777732057079369e-01 9.092244319843680866e-01 9.124268423720197640e-01 9.155843006341803925e-01 9.186961036092649024e-01 9.217615487157652110e-01 9.247799339484119585e-01 9.277505578622250448e-01 9.306727195432328292e-01 9.335457185645046341e-01 9.363688549259747695e-01 9.391414289763541090e-01 9.418627413152100836e-01 9.445320926730481625e-01 9.471487837669424481e-01 9.497121151289260599e-01 9.522213869039617418e-01 9.546758986138534908e-01 9.570749488829153329e-01 9.594178351205729927e-01 9.617038531553063763e-01 9.639322968134239611e-01 9.661024574350602911e-01 9.682136233184491791e-01 9.702650790819039583e-01 9.722561049309431658e-01 9.741859758155432258e-01 9.760539604594485885e-01 9.778593202396398398e-01 9.796013078892276127e-01 9.812791659908725039e-01 9.828921252198827840e-01 9.844394022857940740e-01 9.859201975075930768e-01 9.873336919395276912e-01 9.886790439397671326e-01 9.899553850402029731e-01 9.911618149280874146e-01 9.922973952821853016e-01 9.933611421067186642e-01 9.943520160573805500e-01 9.952689100237311903e-01 9.961106328651521125e-01 9.968758875876047032e-01 9.975632411858610382e-01 9.981710814145101640e-01 9.986975518597945856e-01 9.991404482117377528e-01 9.994970377201086720e-01 9.997637018711035273e-01 9.999350543106302336e-01 1.000000000000000000e+00 9.999350543106302336e-01 9.997637018711035273e-01 9.994970377201086720e-01 9.991404482117377528e-01 9.986975518597945856e-01 9.981710814145101640e-01 9.975632411858610382e-01 9.968758875876047032e-01 9.961106328651521125e-01 9.952689100237311903e-01 9.943520160573805500e-01 9.933611421067185532e-01 9.922973952821853016e-01 9.911618149280874146e-01 9.899553850402029731e-01 9.886790439397671326e-01 9.873336919395276912e-01 9.859201975075930768e-01 9.844394022857940740e-01 9.828921252198827840e-01 9.812791659908726150e-01 9.796013078892276127e-01 9.778593202396397288e-01 9.760539604594485885e-01 9.741859758155432258e-01 9.722561049309431658e-01 9.702650790819039583e-01 9.682136233184491791e-01 9.661024574350602911e-01 9.639322968134239611e-01 9.617038531553063763e-01 9.594178351205729927e-01 9.570749488829152218e-01 9.546758986138534908e-01 9.522213869039617418e-01 9.497121151289259489e-01 9.471487837669424481e-01 9.445320926730480515e-01 9.418627413152100836e-01 9.391414289763541090e-01 9.363688549259747695e-01 9.335457185645046341e-01 9.306727195432328292e-01 9.277505578622250448e-01
8.891054213487971092e-01 8.925627477085937844e-01 8.959793520373267040e-01 8.993545281653645418e-01 9.026875703262067230e-01 9.059777732057078259e-01 9.092244319843680866e-01 9.124268423720197640e-01 9.155843006341803925e-01 9.186961036092649024e-01 9.217615487157651000e-01 9.247799339484119585e-01 9.277505578622250448e-01 9.306727195432328292e-01 9.335457185645046341e-01 9.363688549259747695e-01 9.391414289763541090e-01 9.418627413152099725e-01 9.445320926730481625e-01 9.471487837669424481e-01 9.497121151289259489e-01 9.522213869039617418e-01 9.546758986138533798e-01 9.570749488829152218e-01 9.594178351205729927e-01 9.617038531553063763e-01 9.639322968134239611e-01 9.661024574350602911e-01 9.682136233184491791e-01 9.702650790819039583e-01 9.722561049309431658e-01 9.741859758155432258e-01 9.760539604594485885e-01 9.778593202396398398e-01 9.796013078892276127e-01 9.812791659908725039e-01 9.828921252198827840e-01 9.844394022857940740e-01 9.859201975075930768e-01 9.873336919395276912e-01 9.886790439397671326e-01 9.899553850402029731e-01 9.911618149280874146e-01 9.922973952821853016e-01 9.933611421067185532e-01 9.943520160573805500e-01 9.952689100237311903e-01 9.961106328651521125e-01 9.968758875876047032e-01 9.975632411858610382e-01 9.981710814145101640e-01 9.986975518597945856e-01 9.991404482117377528e-01 9.994970377201086720e-01 9.997637018711035273e-01 9.999350543106302336e-01 1.000000000000000000e+00 9.999350543106302336e-01 9.997637018711035273e-01 9.994970377201086720e-01 9.991404482117377528e-01 9.986975518597945856e-01 9.981710814145101640e-01 9.975632411858610382e-01 9.968758875876047032e-01 9.961106328651521125e-01 9.952689100237311903e-01 9.943520160573805500e-01 9.933611421067186642e-01 9.922973952821853016e-01 9.911618149280875256e-01 9.899553850402029731e-01 9.886790439397671326e-01 9.873336919395276912e-01 9.859201975075930768e-01 9.844394022857940740e-01 9.828921252198827840e-01 9.812791659908726150e-01 9.796013078892276127e-01 9.778593202396398398e-01 9.760539604594485885e-01 9.741859758155432258e-01 9.722561049309431658e-01 9.702650790819039583e-01 9.682136233184491791e-01 9.661024574350602911e-01 9.639322968134239611e-01 9.617038531553064873e-01 9.594178351205729927e-01 9.570749488829153329e-01 9.546758986138534908e-01 9.522213869039617418e-01 9.497121151289260599e-01 9.471487837669424481e-01 9.445320926730481625e-01 9.418627413152100836e-01 9.391414289763541090e-01 9.363688549259747695e-01 9.335457185645047451e-01 9.306727195432328292e-01
8.856080794751457486e-01 8.891054213487971092e-01 8.925627477085937844e-01 8.959793520373267040e-01 8.993545281653646528e-01 9.026875703262067230e-01 9.059777732057079369e-01 9.092244319843680866e-01 9.124268423720197640e-01 9.155843006341805035e-01 9.186961036092650135e-01 9.217615487157652110e-01 9.247799339484119585e-01 9.277505578622250448e-01 9.306727195432328292e-01 9.335457185645046341e-01 9.363688549259747695e-01 9.391414289763541090e-01 9.418627413152100836e-01 9.445320926730481625e-01 9.471487837669424481e-01 9.497121151289260599e-01 9.522213869039617418e-01 9.546758986138534908e-01 9.570749488829153329e-01 9.594178351205729927e-01 9.617038531553063763e-01 9.639322968134239611e-01 9.661024574350602911e-01 9.682136233184491791e-01 9.702650790819039583e-01 9.722561049309431658e-01 9.741859758155432258e-01 9.760539604594485885e-01 9.778593202396398398e-01 9.796013078892276127e-01 9.812791659908726150e-01 9.828921252198827840e-01 9.844394022857940740e-01 9.859201975075930768e-01 9.873336919395276912e-01 9.886790439397671326e-01 9.899553850402029731e-01 9.911618149280875256e-01 9.922973952821853016e-01 9.933611421067186642e-01 9.943520160573805500e-01 9.952689100237311903e-01 9.961106328651521125e-01 9.968758875876047032e-01 9.975632411858610382e-01 9.981710814145101640e-01 9.986975518597945856e-01 9.991404482117377528e-01 9.994970377201086720e-01 9.997637018711035273e-01 9.999350543106302336e-01 1.000000000000000000e+00 9.999350543106302336e-01 9.997637018711035273e-01 9.994970377201086720e-01 9.991404482117377528e-01 9.986975518597945856e-01 9.981710814145101640e-01 9.975632411858610382e-01 9.968758875876047032e-01 9.961106328651521125e-01 9.952689100237311903e-01 9.943520160573805500e-01 9.933611421067185532e-01 9.922973952821853016e-01 9.911618149280874146e-01 9.899553850402029731e-01 9.886790439397671326e-01 9.873336919395276912e-01 9.859201975075930768e-01 9.844394022857940740e-01 9.828921252198827840e-01 9.812791659908725039e-01 9.796013078892276127e-01 9.778593202396397288e-01 9.760539604594485885e-01 9.741859758155432258e-01 9.722561049309431658e-01 9.702650790819039583e-01 9.682136233184491791e-01 9.661024574350602911e-01 9.639322968134239611e-01 9.617038531553063763e-01 9.594178351205729927e-01 9.570749488829152218e-01 9.546758986138533798e-01 9.522213869039617418e-01 9.497121151289259489e-01 9.471487837669424481e-01 9.445320926730480515e-01 9.418627413152100836e-01 9.391414289763541090e-01 9.363688549259747695e-01 9.335457185645046341e-01
8.820714288911005729e-01 8.856080794751457486e-01 8.891054213487971092e-01 8.925627477085937844e-01 8.959793520373267040e-01 8.993545281653646528e-01 9.026875703262067230e-01 9.059777732057078259e-01 9.092244319843680866e-01 9.124268423720197640e-01 9.155843006341803925e-01 9.186961036092649024e-01 9.217615487157651000e-01 9.247799339484119585e-01 9.277505578622250448e-01 9.306727195432328292e-01 9.335457185645046341e-01 9.363688549259747695e-01 9.391414289763541090e-01 9.418627413152100836e-01 9.445320926730481625e-01 9.471487837669424481e-01 9.497121151289260599e-01 9.522213869039617418e-01 9.546758986138533798e-01 9.570749488829152218e-01 9.594178351205729927e-01 9.617038531553063763e-01 9.639322968134239611e-01 9.661024574350602911e-01 9.682136233184491791e-01 9.702650790819039583e-01 9.722561049309431658e-01 9.741859758155432258e-01 9.760539604594485885e-01 9.778593202396398398e-01 9.796013078892276127e-01 9.812791659908725039e-01 9.828921252198827840e-01 9.844394022857940740e-01 9.859201975075930768e-01 9.873336919395276912e-01 9.886790439397671326e-01 9.899553850402029731e-01 9.911618149280874146e-01 9.922973952821853016e-01 9.933611421067185532e-01 9.943520160573805500e-01 9.952689100237311903e-01 9.961106328651521125e-01 9.968758875876047032e-01 9.975632411858610382e-01 9.981710814145101640e-01 9.986975518597945856e-01 9.991404482117377528e-01 9.994970377201086720e-01 9.997637018711035273e-01 9.999350543106302336e-01 1.000000000000000000e+00 9.999350543106302336e-01 9.997637018711035273e-01 9.994970377201086720e-01 9.991404482117377528e-01 9.986975518597945856e-01 9.981710814145101640e-01 9.975632411858610382e-01 9.968758875876047032e-01 9.961106328651521125e-01 9.952689100237311903e-01 9.943520160573805500e-01 9.933611421067186642e-01 9.922973952821853016e-01 9.911618149280875256e-01 9.899553850402029731e-01 9.886790439397671326e-01 9.873336919395276912e-01 9.859201975075930768e-01 9.844394022857940740e-01 9.828921252198827840e-01 9.812791659908726150e-01 9.796013078892276127e-01 9.778593202396398398e-01 9.760539604594485885e-01 9.741859758155432258e-01 9.722561049309431658e-01 9.702650790819039583e-01 9.682136233184491791e-01 9.661024574350602911e-01 9.639322968134239611e-01 9.617038531553064873e-01 9.594178351205729927e-01 9.570749488829152218e-01 9.546758986138534908e-01 9.522213869039617418e-01 9.497121151289260599e-01 9.471487837669424481e-01 9.445320926730481625e-01 9.418627413152100836e-01 9.391414289763541090e-01 9.363688549259747695e-01
8.784961766197851851e-01 8.820714288911006840e-01 8.856080794751457486e-01 8.891054213487971092e-01 8.925627477085937844e-01 8.959793520373268150e-01 8.993545281653646528e-01 9.026875703262067230e-01 9.059777732057079369e-01 9.092244319843680866e-01 9.124268423720197640e-01 9.155843006341805035e-01 9.186961036092650135e-01 9.217615487157652110e-01 9.247799339484119585e-01 9.277505578622250448e-01 9.306727195432328292e-01 9.335457185645046341e-01 9.363688549259747695e-01 9.391414289763541090e-01 9.418627413152100836e-01 9.445320926730481625e-01 9.471487837669424481e-01 9.497121151289260599e-01 9.522213869039617418e-01 9.546758986138534908e-01 9.570749488829153329e-01 9.594178351205729927e-01 9.617038531553063763e-01 9.639322968134240721e-01 9.661024574350602911e-01 9.682136233184491791e-01 9.702650790819039583e-01 9.722561049309431658e-01 9.741859758155432258e-01 9.760539604594485885e-01 9.778593202396398398e-01 9.796013078892276127e-01 9.812791659908726150e-01 9.828921252198827840e-01 9.844394022857940740e-01 9.859201975075930768e-01 9.873336919395276912e-01 9.886790439397671326e-01 9.899553850402029731e-01 9.911618149280875256e-01 9.922973952821853016e-01 9.933611421067186642e-01 9.943520160573805500e-01 9.952689100237311903e-01 9.961106328651521125e-01 9.968758875876047032e-01 9.975632411858610382e-01 9.981710814145101640e-01 9.986975518597945856e-01 9.991404482117377528e-01 9.994970377201086720e-01 9.997637018711035273e-01 9.999350543106302336e-01 1.000000000000000000e+00 9.999350543106302336e-01 9.997637018711035273e-01 9.994970377201086720e-01 9.991404482117377528e-01 9.986975518597945856e-01 9.981710814145101640e-01 9.975632411858610382e-01 9.968758875876047032e-01 9.961106328651521125e-01 9.952689100237311903e-01 9.943520160573805500e-01 9.933611421067185532e-01 9.922973952821853016e-01 9.911618149280874146e-01 9.899553850402029731e-01 9.886790439397671326e-01 9.873336919395276912e-01 9.859201975075930768e-01 9.844394022857939630e-01 9.828921252198827840e-01 9.812791659908725039e-01 9.796013078892276127e-01 9.778593202396397288e-01 9.760539604594485885e-01 9.741859758155432258e-01 9.722561049309431658e-01 9.702650790819039583e-01 9.682136233184491791e-01 9.661024574350602911e-01 9.639322968134239611e-01 9.617038531553063763e-01 9.594178351205729927e-01 9.570749488829152218e-01 9.546758986138533798e-01 9.522213869039617418e-01 9.497121151289259489e-01 9.471487837669424481e-01 9.445320926730480515e-01 9.418627413152100836e-01 9.391414289763541090e-01
8.748830298325984689e-01 8.784961766197851851e-01 8.820714288911005729e-01 8.856080794751457486e-01 8.891054213487971092e-01 8.925627477085937844e-01 8.959793520373267040e-01 8.993545281653646528e-01 9.026875703262067230e-01 9.059777732057078259e-01 9.092244319843680866e-01 9.124268423720197640e-01 9.155843006341803925e-01 9.186961036092649024e-01 9.217615487157651000e-01 9.247799339484119585e-01 9.277505578622250448e-01 9.306727195432328292e-01 9.335457185645046341e-01 9.363688549259747695e-01 9.391414289763541090e-01 9.418627413152100836e-01 9.445320926730481625e-01 9.471487837669424481e-01 9.497121151289260599e-01 9.522213869039617418e-01 9.546758986138533798e-01 9.570749488829152218e-01 9.594178351205729927e-01 9.617038531553063763e-01 9.639322968134239611e-01 9.661024574350602911e-01 9.682136233184491791e-01 9.702650790819039583e-01 9.722561049309431658e-01 9.741859758155432258e-01 9.760539604594485885e-01 9.778593202396398398e-01 9.796013078892276127e-01 9.812791659908725039e-01 9.828921252198827840e-01 9.844394022857940740e-01 9.859201975075930768e-01 9.873336919395276912e-01 9.886790439397671326e-01 9.899553850402029731e-01 9.911618149280874146e-01 9.922973952821853016e-01 9.933611421067185532e-01 9.943520160573805500e-01 9.952689100237311903e-01 9.961106328651521125e-01 9.968758875876047032e-01 9.975632411858610382e-01 9.981710814145101640e-01 9.986975518597945856e-01 9.991404482117377528e-01 9.994970377201086720e-01 9.997637018711035273e-01 9.999350543106302336e-01 1.000000000000000000e+00 9.999350543106302336e-01 9.997637018711035273e-01 9.994970377201086720e-01 9.991404482117377528e-01 9.986975518597945856e-01 9.981710814145101640e-01 9.975632411858610382e-01 9.968758875876047032e-01 9.961106328651521125e-01 9.952689100237311903e-01 9.943520160573805500e-01 9.933611421067186642e-01 9.922973952821853016e-01 9.911618149280875256e-01 9.899553850402029731e-01 9.886790439397671326e-01 9.873336919395276912e-01 9.859201975075930768e-01 9.844394022857940740e-01 9.828921252198827840e-01 9.812791659908726150e-01 9.796013078892276127e-01 9.778593202396398398e-01 9.760539604594485885e-01 9.741859758155432258e-01 9.722561049309431658e-01 9.702650790819039583e-01 9.682136233184491791e-01 9.661024574350602911e-01 9.639322968134239611e-01 9.617038531553063763e-01 9.594178351205729927e-01 9.570749488829152218e-01 9.546758986138534908e-01 9.522213869039617418e-01 9.497121151289260599e-01 9.471487837669424481e-01 9.445320926730481625e-01 9.418627413152100836e-01
8.712326957734609634e-01 8.748830298325984689e-01 8.784961766197851851e-01 8.820714288911006840e-01 8.856080794751457486e-01 8.891054213487971092e-01 8.925627477085937844e-01 8.959793520373268150e-01 8.993545281653646528e-01 9.026875703262067230e-01 9.059777732057079369e-01 9.092244319843680866e-01 9.124268423720197640e-01 9.155843006341805035e-01 9.186961036092650135e-01 9.217615487157652110e-01 9.247799339484119585e-01 9.277505578622250448e-01 9.306727195432329403e-01 9.335457185645047451e-01 9.363688549259747695e-01 9.391414289763541090e-01 9.418627413152100836e-01 9.445320926730481625e-01 9.471487837669424481e-01 9.497121151289260599e-01 9.522213869039617418e-01 9.546758986138534908e-01 9.570749488829153329e-01 9.594178351205731037e-01 9.617038531553063763e-01 9.639322968134240721e-01 9.661024574350602911e-01 9.682136233184491791e-01 9.702650790819039583e-01 9.722561049309431658e-01 9.741859758155432258e-01 9.760539604594485885e-01 9.778593202396398398e-01 9.796013078892276127e-01 9.812791659908726150e-01 9.828921252198827840e-01 9.844394022857940740e-01 9.859201975075930768e-01 9.873336919395276912e-01 9.886790439397671326e-01 9.899553850402029731e-01 9.911618149280875256e-01 9.922973952821853016e-01 9.933611421067186642e-01 9.943520160573805500e-01 9.952689100237311903e-01 9.961106328651521125e-01 9.968758875876047032e-01 9.975632411858610382e-01 9.981710814145101640e-01 9.986975518597945856e-01 9.991404482117377528e-01 9.994970377201086720e-01 9.997637018711035273e-01 9.999350543106302336e-01 1.000000000000000000e+00 9.999350543106302336e-01 9.997637018711035273e-01 9.994970377201086720e-01 9.991404482117377528e-01 9.986975518597945856e-01 9.981710814145101640e-01 9.975632411858610382e-01 9.968758875876047032e-01 9.961106328651521125e-01 9.952689100237311903e-01 9.943520160573805500e-01 9.933611421067185532e-01 9.922973952821853016e-01 9.911618149280874146e-01 9.899553850402029731e-01 9.886790439397671326e-01 9.873336919395276912e-01 9.859201975075930768e-01 9.844394022857939630e-01 9.828921252198827840e-01 9.812791659908725039e-01 9.796013078892276127e-01 9.778593202396397288e-01 9.760539604594485885e-01 9.741859758155432258e-01 9.722561049309431658e-01 9.702650790819039583e-01 9.682136233184491791e-01 9.661024574350602911e-01 9.639322968134239611e-01 9.617038531553063763e-01 9.594178351205729927e-01 9.570749488829152218e-01 9.546758986138533798e-01 9.522213869039617418e-01 9.497121151289259489e-01 9.471487837669424481e-01 9.445320926730480515e-01
8.675458816790878602e-01 8.712326957734609634e-01 8.748830298325984689e-01 8.784961766197851851e-01 8.820714288911005729e-01 8.856080794751457486e-01 8.891054213487971092e-01 8.925627477085937844e-01 8.959793520373267040e-01 8.993545281653646528e-01 9.026875703262067230e-01 9.059777732057078259e-01 9.092244319843680866e-01 9.124268423720197640e-01 9.155843006341803925e-01 9.186961036092649024e-01 9.217615487157651000e-01 9.247799339484119585e-01 9.277505578622250448e-01 9.306727195432328292e-01 9.335457185645046341e-01 9.363688549259747695e-01 9.391414289763541090e-01 9.418627413152100836e-01 9.445320926730481625e-01 9.471487837669424481e-01 9.497121151289260599e-01 9.522213869039617418e-01 9.546758986138533798e-01 9.570749488829152218e-01 9.594178351205729927e-01 9.617038531553063763e-01 9.639322968134239611e-01 9.661024574350602911e-01 9.682136233184491791e-01 9.702650790819039583e-01 9.722561049309431658e-01 9.741859758155432258e-01 9.760539604594485885e-01 9.778593202396398398e-01 9.796013078892276127e-01 9.812791659908725039e-01 9.828921252198827840e-01 9.844394022857940740e-01 9.859201975075930768e-01 9.873336919395276912e-01 9.886790439397671326e-01 9.899553850402029731e-01 9.911618149280874146e-01 9.922973952821853016e-01 9.933611421067185532e-01 9.943520160573805500e-01 9.952689100237311903e-01 9.961106328651521125e-01 9.968758875876047032e-01 9.975632411858610382e-01 9.981710814145101640e-01 9.986975518597945856e-01 9.991404482117377528e-01 9.994970377201086720e-01 9.997637018711035273e-01 9.999350543106302336e-01 1.000000000000000000e+00 9.999350543106302336e-01 9.997637018711035273e-01 9.994970377201086720e-01 9.991404482117377528e-01 9.986975518597945856e-01 9.981710814145101640e-01 9.975632411858610382e-01 9.968758875876047032e-01 9.961106328651521125e-01 9.952689100237311903e-01 9.943520160573805500e-01 9.933611421067186642e-01 9.922973952821853016e-01 9.911618149280875256e-01 9.899553850402029731e-01 9.886790439397671326e-01 9.873336919395276912e-01 9.859201975075930768e-01 9.844394022857940740e-01 9.828921252198827840e-01 9.812791659908726150e-01 9.796013078892276127e-01 9.778593202396398398e-01 9.760539604594485885e-01 9.741859758155432258e-01 9.722561049309431658e-01 9.702650790819039583e-01 9.682136233184491791e-01 9.661024574350602911e-01 9.639322968134239611e-01 9.617038531553063763e-01 9.594178351205729927e-01 9.570749488829152218e-01 9.546758986138534908e-01 9.522213869039617418e-01 9.497121151289260599e-01 9.471487837669424481e-01
8.638232946956555525e-01 8.675458816790879712e-01 8.712326957734609634e-01 8.748830298325984689e-01 8.784961766197851851e-01 8.820714288911006840e-01 8.856080794751457486e-01 8.891054213487971092e-01 8.925627477085937844e-01 8.959793520373268150e-01 8.993545281653646528e-01 9.026875703262067230e-01 9.059777732057079369e-01 9.092244319843680866e-01 9.124268423720197640e-01 9.155843006341805035e-01 9.186961036092650135e-01 9.217615487157652110e-01 9.247799339484119585e-01 9.277505578622250448e-01 9.306727195432329403e-01 9.335457185645047451e-01 9.363688549259747695e-01 9.391414289763541090e-01 9.418627413152100836e-01 9.445320926730481625e-01 9.471487837669424481e-01 9.497121151289260599e-01 9.522213869039617418e-01 9.546758986138534908e-01 9.570749488829153329e-01 9.594178351205731037e-01 9.617038531553063763e-01 9.639322968134240721e-01 9.661024574350602911e-01 9.682136233184491791e-01 9.702650790819039583e-01 9.722561049309431658e-01 9.741859758155432258e-01 9.760539604594485885e-01 9.778593202396398398e-01 9.796013078892276127e-01 9.812791659908726150e-01 9.828921252198827840e-01 9.844394022857940740e-01 9.859201975075930768e-01 9.873336919395276912e-01 9.886790439397671326e-01 9.899553850402030841e-01 9.911618149280875256e-01 9.922973952821853016e-01 9.933611421067186642e-01 9.943520160573805500e-01 9.952689100237311903e-01 9.961106328651521125e-01 9.968758875876047032e-01 9.975632411858610382e-01 9.981710814145101640e-01 9.986975518597945856e-01 9.991404482117377528e-01 9.994970377201086720e-01 9.997637018711035273e-01 9.999350543106302336e-01 1.000000000000000000e+00 9.999350543106302336e-01 9.997637018711035273e-01 9.994970377201086720e-01 9.991404482117377528e-01 9.986975518597945856e-01 9.981710814145101640e-01 9.975632411858610382e-01 9.968758875876047032e-01 9.961106328651521125e-01 9.952689100237311903e-01 9.943520160573805500e-01 9.933611421067185532e-01 9.922973952821853016e-01 9.911618149280874146e-01 9.899553850402029731e-01 9.886790439397671326e-01 9.873336919395276912e-01 9.859201975075930768e-01 9.844394022857939630e-01 9.828921252198827840e-01 9.812791659908725039e-01 9.796013078892276127e-01 9.778593202396397288e-01 9.760539604594485885e-01 9.741859758155432258e-01 9.722561049309431658e-01 9.702650790819039583e-01 9.682136233184490681e-01 9.661024574350602911e-01 9.639322968134239611e-01 9.617038531553063763e-01 9.594178351205729927e-01 9.570749488829152218e-01 9.546758986138533798e-01 9.522213869039617418e-01 9.497121151289259489e-01
8.600656417921980212e-01 8.638232946956554414e-01 8.675458816790878602e-01 8.712326957734609634e-01 8.748830298325984689e-01 8.784961766197851851e-01 8.820714288911005729e-01 8.856080794751457486e-01 8.891054213487971092e-01 8.925627477085937844e-01 8.959793520373267040e-01 8.993545281653646528e-01 9.026875703262067230e-01 9.059777732057078259e-01 9.092244319843680866e-01 9.124268423720197640e-01 9.155843006341803925e-01 9.186961036092649024e-01 9.217615487157651000e-01 9.247799339484119585e-01 9.277505578622250448e-01 9.306727195432328292e-01 9.335457185645046341e-01 9.363688549259747695e-01 9.391414289763541090e-01 9.418627413152100836e-01 9.445320926730481625e-01 9.471487837669424481e-01 9.497121151289260599e-01 9.522213869039617418e-01 9.546758986138534908e-01 9.570749488829152218e-01 9.594178351205729927e-01 9.617038531553063763e-01 9.639322968134239611e-01 9.661024574350602911e-01 9.682136233184491791e-01 9.702650790819039583e-01 9.722561049309431658e-01 9.741859758155432258e-01 9.760539604594485885e-01 9.778593202396398398e-01 9.796013078892276127e-01 9.812791659908726150e-01 9.828921252198827840e-01 9.844394022857940740e-01 9.859201975075930768e-01 9.873336919395276912e-01 9.886790439397671326e-01 9.899553850402029731e-01 9.911618149280874146e-01 9.922973952821853016e-01 9.933611421067185532e-01 9.943520160573805500e-01 9.952689100237311903e-01 9.961106328651521125e-01 9.968758875876047032e-01 9.975632411858610382e-01 9.981710814145101640e-01 9.986975518597945856e-01 9.991404482117377528e-01 9.994970377201086720e-01 9.997637018711035273e-01 9.999350543106302336e-01 1.000000000000000000e+00 9.999350543106302336e-01 9.997637018711035273e-01 9.994970377201086720e-01 9.991404482117377528e-01 9.986975518597945856e-01 9.981710814145101640e-01 9.975632411858610382e-01 9.968758875876047032e-01 9.961106328651521125e-01 9.952689100237311903e-01 9.943520160573805500e-01 9.933611421067186642e-01 9.922973952821853016e-01 9.911618149280874146e-01 9.899553850402029731e-01 9.886790439397671326e-01 9.873336919395276912e-01 9.859201975075930768e-01 9.844394022857940740e-01 9.828921252198827840e-01 9.812791659908726150e-01 9.796013078892276127e-01 9.778593202396398398e-01 9.760539604594485885e-01 9.741859758155432258e-01 9.722561049309431658e-01 9.702650790819039583e-01 9.682136233184491791e-01 9.661024574350602911e-01 9.639322968134239611e-01 9.617038531553063763e-01 9.594178351205729927e-01 9.570749488829152218e-01 9.546758986138534908e-01 9.522213869039617418e-01
8.562736296710484751e-01 8.600656417921979102e-01 8.638232946956554414e-01 8.675458816790878602e-01 8.712326957734609634e-01 8.748830298325983579e-01 8.784961766197851851e-01 8.820714288911005729e-01 8.856080794751457486e-01 8.891054213487971092e-01 8.925627477085937844e-01 8.959793520373267040e-01 8.993545281653645418e-01 9.026875703262066120e-01 9.059777732057078259e-01 9.092244319843680866e-01 9.124268423720197640e-01 9.155843006341803925e-01 9.186961036092649024e-01 9.217615487157651000e-01 9.247799339484119585e-01 9.277505578622250448e-01 9.306727195432328292e-01 9.335457185645046341e-01 9.363688549259747695e-01 9.391414289763541090e-01 9.418627413152099725e-01 9.445320926730480515e-01 9.471487837669424481e-01 9.497121151289259489e-01 9.522213869039617418e-01 9.546758986138533798e-01 9.570749488829152218e-01 9.594178351205729927e-01 9.617038531553063763e-01 9.639322968134239611e-01 9.661024574350602911e-01 9.682136233184491791e-01 9.702650790819039583e-01 9.722561049309431658e-01 9.741859758155432258e-01 9.760539604594485885e-01 9.778593202396397288e-01 9.796013078892276127e-01 9.812791659908725039e-01 9.828921252198827840e-01 9.844394022857939630e-01 9.859201975075930768e-01 9.873336919395276912e-01 9.886790439397671326e-01 9.899553850402029731e-01 9.911618149280874146e-01 9.922973952821853016e-01 9.933611421067185532e-01 9.943520160573805500e-01 9.952689100237311903e-01 9.961106328651521125e-01 9.968758875876047032e-01 9.975632411858610382e-01 9.981710814145101640e-01 9.986975518597945856e-01 9.991404482117377528e-01 9.994970377201086720e-01 9.997637018711035273e-01 9.999350543106302336e-01 1.000000000000000000e+00 9.999350543106302336e-01 9.997637018711035273e-01 9.994970377201086720e-01 9.991404482117377528e-01 9.986975518597945856e-01 9.981710814145101640e-01 9.975632411858610382e-01 9.968758875876047032e-01 9.961106328651521125e-01 9.952689100237311903e-01 9.943520160573805500e-01 9.933611421067186642e-01 9.922973952821853016e-01 9.911618149280875256e-01 9.899553850402029731e-01 9.886790439397671326e-01 9.873336919395276912e-01 9.859201975075930768e-01 9.844394022857940740e-01 9.828921252198827840e-01 9.812791659908726150e-01 9.796013078892276127e-01 9.778593202396398398e-01 9.760539604594486995e-01 9.741859758155432258e-01 9.722561049309431658e-01 9.702650790819039583e-01 9.682136233184491791e-01 9.661024574350602911e-01 9.639322968134239611e-01 9.617038531553064873e-01 9.594178351205729927e-01 9.570749488829153329e-01 9.546758986138534908e-01
8.524479646756140117e-01 8.562736296710485862e-01 8.600656417921980212e-01 8.638232946956554414e-01 8.675458816790879712e-01 8.712326957734609634e-01 8.748830298325984689e-01 8.784961766197851851e-01 8.820714288911005729e-01 8.856080794751457486e-01 8.891054213487971092e-01 8.925627477085937844e-01 8.959793520373267040e-01 8.993545281653646528e-01 9.026875703262067230e-01 9.059777732057078259e-01 9.092244319843680866e-01 9.124268423720197640e-01 9.155843006341803925e-01 9.186961036092649024e-01 9.217615487157651000e-01 9.247799339484119585e-01 9.277505578622250448e-01 9.306727195432328292e-01 9.335457185645046341e-01 9.363688549259747695e-01 9.391414289763541090e-01 9.418627413152100836e-01 9.445320926730481625e-01 9.471487837669424481e-01 9.497121151289260599e-01 9.522213869039617418e-01 9.546758986138534908e-01 9.570749488829152218e-01 9.594178351205729927e-01 9.617038531553063763e-01 9.639322968134239611e-01 9.661024574350602911e-01 9.682136233184491791e-01 9.702650790819039583e-01 9.722561049309431658e-01 9.741859758155432258e-01 9.760539604594485885e-01 9.778593202396398398e-01 9.796013078892276127e-01 9.812791659908726150e-01 9.828921252198827840e-01 9.844394022857940740e-01 9.859201975075930768e-01 9.873336919395276912e-01 9.886790439397671326e-01 9.899553850402029731e-01 9.911618149280874146e-01 9.922973952821853016e-01 9.933611421067186642e-01 9.943520160573805500e-01 9.952689100237311903e-01 9.961106328651521125e-01 9.968758875876047032e-01 9.975632411858610382e-01 9.981710814145101640e-01 9.986975518597945856e-01 9.991404482117377528e-01 9.994970377201086720e-01 9.997637018711035273e-01 9.999350543106302336e-01 1.000000000000000000e+00 9.999350543106302336e-01 9.997637018711035273e-01 9.994970377201086720e-01 9.991404482117377528e-01 9.986975518597945856e-01 9.981710814145101640e-01 9.975632411858610382e-01 9.968758875876047032e-01 9.961106328651521125e-01 9.952689100237311903e-01 9.943520160573805500e-01 9.933611421067185532e-01 9.922973952821853016e-01 9.911618149280874146e-01 9.899553850402029731e-01 9.886790439397671326e-01 9.873336919395276912e-01 9.859201975075930768e-01 9.844394022857940740e-01 9.828921252198827840e-01 9.812791659908726150e-01 9.796013078892276127e-01 9.778593202396398398e-01 9.760539604594485885e-01 9.741859758155432258e-01 9.722561049309431658e-01 9.702650790819039583e-01 9.682136233184491791e-01 9.661024574350602911e-01 9.639322968134239611e-01 9.617038531553063763e-01 9.594178351205729927e-01 9.570749488829152218e-01
8.485893526957533073e-01 8.524479646756140117e-01 8.562736296710484751e-01 8.600656417921979102e-01 8.638232946956554414e-01 8.675458816790878602e-01 8.712326957734609634e-01 8.748830298325983579e-01 8.784961766197851851e-01 8.820714288911005729e-01 8.856080794751457486e-01 8.891054213487971092e-01 8.925627477085937844e-01 8.959793520373267040e-01 8.993545281653645418e-01 9.026875703262066120e-01 9.059777732057078259e-01 9.092244319843680866e-01 9.124268423720197640e-01 9.155843006341803925e-01 9.186961036092649024e-01 9.217615487157651000e-01 9.247799339484119585e-01 9.277505578622250448e-01 9.306727195432328292e-01 9.335457185645046341e-01 9.363688549259747695e-01 9.391414289763541090e-01 9.418627413152099725e-01 9.445320926730481625e-01 9.471487837669424481e-01 9.497121151289259489e-01 9.522213869039617418e-01 9.546758986138533798e-01 9.570749488829152218e-01 9.594178351205729927e-01 9.617038531553063763e-01 9.639322968134239611e-01 9.661024574350602911e-01 9.682136233184491791e-01 9.702650790819039583e-01 9.722561049309431658e-01 9.741859758155432258e-01 9.760539604594485885e-01 9.778593202396397288e-01 9.796013078892276127e-01 9.812791659908725039e-01 9.828921252198827840e-01 9.844394022857940740e-01 9.859201975075930768e-01 9.873336919395276912e-01 9.886790439397671326e-01 9.899553850402029731e-01 9.911618149280874146e-01 9.922973952821853016e-01 9.933611421067185532e-01 9.943520160573805500e-01 9.952689100237311903e-01 9.961106328651521125e-01 9.968758875876047032e-01 9.975632411858610382e-01 9.981710814145101640e-01 9.986975518597945856e-01 9.991404482117377528e-01 9.994970377201086720e-01 9.997637018711035273e-01 9.999350543106302336e-01 1.000000000000000000e+00 9.999350543106302336e-01 9.997637018711035273e-01 9.994970377201086720e-01 9.991404482117377528e-01 9.986975518597945856e-01 9.981710814145101640e-01 9.975632411858610382e-01 9.968758875876047032e-01 9.961106328651521125e-01 9.952689100237311903e-01 9.943520160573805500e-01 9.933611421067186642e-01 9.922973952821853016e-01 9.911618149280875256e-01 9.899553850402029731e-01 9.886790439397671326e-01 9.873336919395276912e-01 9.859201975075930768e-01 9.844394022857940740e-01 9.828921252198827840e-01 9.812791659908726150e-01 9.796013078892276127e-01 9.778593202396398398e-01 9.760539604594485885e-01 9.741859758155432258e-01 9.722561049309431658e-01 9.702650790819039583e-01 9.682136233184491791e-01 9.661024574350602911e-01 9.639322968134239611e-01 9.617038531553064873e-01 9.594178351205729927e-01
8.446984990710125762e-01 8.485893526957534183e-01 8.524479646756140117e-01 8.562736296710485862e-01 8.600656417921980212e-01 8.638232946956554414e-01 8.675458816790879712e-01 8.712326957734609634e-01 8.748830298325984689e-01 8.784961766197851851e-01 8.820714288911006840e-01 8.856080794751457486e-01 8.891054213487971092e-01 8.925627477085937844e-01 8.959793520373267040e-01 8.993545281653646528e-01 9.026875703262067230e-01 9.059777732057078259e-01 9.092244319843680866e-01 9.124268423720197640e-01 9.155843006341803925e-01 9.186961036092650135e-01 9.217615487157652110e-01 9.247799339484119585e-01 9.277505578622250448e-01 9.306727195432328292e-01 9.335457185645046341e-01 9.363688549259747695e-01 9.391414289763541090e-01 9.418627413152100836e-01 9.445320926730481625e-01 9.471487837669424481e-01 9.497121151289260599e-01 9.522213869039617418e-01 9.546758986138534908e-01 9.570749488829153329e-01 9.594178351205729927e-01 9.617038531553063763e-01 9.639322968134239611e-01 9.661024574350602911e-01 9.682136233184491791e-01 9.702650790819039583e-01 9.722561049309431658e-01 9.741859758155432258e-01 9.760539604594485885e-01 9.778593202396398398e-01 9.796013078892276127e-01 9.812791659908726150e-01 9.828921252198827840e-01 9.844394022857940740e-01 9.859201975075930768e-01 9.873336919395276912e-01 9.886790439397671326e-01 9.899553850402029731e-01 9.911618149280875256e-01 9.922973952821853016e-01 9.933611421067186642e-01 9.943520160573805500e-01 9.952689100237311903e-01 9.961106328651521125e-01 9.968758875876047032e-01 9.975632411858610382e-01 9.981710814145101640e-01 9.986975518597945856e-01 9.991404482117377528e-01 9.994970377201086720e-01 9.997637018711035273e-01 9.999350543106302336e-01 1.000000000000000000e+00 9.999350543106302336e-01 9.997637018711035273e-01 9.994970377201086720e-01 9.991404482117377528e-01 9.986975518597945856e-01 9.981710814145101640e-01 9.975632411858610382e-01 9.968758875876047032e-01 9.961106328651521125e-01 9.952689100237311903e-01 9.943520160573805500e-01 9.933611421067185532e-01 9.922973952821853016e-01 9.911618149280874146e-01 9.899553850402029731e-01 9.886790439397671326e-01 9.873336919395276912e-01 9.859201975075930768e-01 9.844394022857940740e-01 9.828921252198827840e-01 9.812791659908726150e-01 9.796013078892276127e-01 9.778593202396397288e-01 9.760539604594485885e-01 9.741859758155432258e-01 9.722561049309431658e-01 9.702650790819039583e-01 9.682136233184491791e-01 9.661024574350602911e-01 9.639322968134239611e-01 9.617038531553063763e-01
8.407761084919478378e-01 8.446984990710124652e-01 8.485893526957533073e-01 8.524479646756140117e-01 8.562736296710485862e-01 8.600656417921979102e-01 8.638232946956554414e-01 8.675458816790878602e-01 8.712326957734609634e-01 8.748830298325984689e-01 8.784961766197851851e-01 8.820714288911005729e-01 8.856080794751457486e-01 8.891054213487971092e-01 8.925627477085937844e-01 8.959793520373267040e-01 8.993545281653645418e-01 9.026875703262066120e-01 9.059777732057078259e-01 9.092244319843680866e-01 9.124268423720197640e-01 9.155843006341803925e-01 9.186961036092649024e-01 9.217615487157651000e-01 9.247799339484119585e-01 9.277505578622250448e-01 9.306727195432328292e-01 9.335457185645046341e-01 9.363688549259747695e-01 9.391414289763541090e-01 9.418627413152100836e-01 9.445320926730481625e-01 9.471487837669424481e-01 9.497121151289259489e-01 9.522213869039617418e-01 9.546758986138533798e-01 9.570749488829152218e-01 9.594178351205729927e-01 9.617038531553063763e-01 9.639322968134239611e-01 9.661024574350602911e-01 9.682136233184491791e-01 9.702650790819039583e-01 9.722561049309431658e-01 9.741859758155432258e-01 9.760539604594485885e-01 9.778593202396397288e-01 9.796013078892276127e-01 9.812791659908725039e-01 9.828921252198827840e-01 9.844394022857940740e-01 9.859201975075930768e-01 9.873336919395276912e-01 9.886790439397671326e-01 9.899553850402029731e-01 9.911618149280874146e-01 9.922973952821853016e-01 9.933611421067185532e-01 9.943520160573805500e-01 9.952689100237311903e-01 9.961106328651521125e-01 9.968758875876047032e-01 9.975632411858610382e-01 9.981710814145101640e-01 9.986975518597945856e-01 9.991404482117377528e-01 9.994970377201086720e-01 9.997637018711035273e-01 9.999350543106302336e-01 1.000000000000000000e+00 9.999350543106302336e-01 9.997637018711035273e-01 9.994970377201086720e-01 9.991404482117377528e-01 9.986975518597945856e-01 9.981710814145101640e-01 9.975632411858610382e-01 9.968758875876047032e-01 9.961106328651521125e-01 9.952689100237311903e-01 9.943520160573805500e-01 9.933611421067186642e-01 9.922973952821853016e-01 9.911618149280875256e-01 9.899553850402029731e-01 9.886790439397671326e-01 9.873336919395276912e-01 9.859201975075930768e-01 9.844394022857940740e-01 9.828921252198827840e-01 9.812791659908726150e-01 9.796013078892276127e-01 9.778593202396398398e-01 9.760539604594485885e-01 9.741859758155432258e-01 9.722561049309431658e-01 9.702650790819039583e-01 9.682136233184491791e-01 9.661024574350602911e-01 9.639322968134239611e-01
8.368228848997598668e-01 8.407761084919479488e-01 8.446984990710125762e-01 8.485893526957534183e-01 8.524479646756140117e-01 8.562736296710485862e-01 8.600656417921980212e-01 8.638232946956554414e-01 8.675458816790879712e-01 8.712326957734609634e-01 8.748830298325984689e-01 8.784961766197851851e-01 8.820714288911006840e-01 8.856080794751457486e-01 8.891054213487971092e-01 8.925627477085937844e-01 8.959793520373267040e-01 8.993545281653646528e-01 9.026875703262067230e-01 9.059777732057079369e-01 9.092244319843680866e-01 9.124268423720197640e-01 9.155843006341805035e-01 9.186961036092650135e-01 9.217615487157652110e-01 9.247799339484119585e-01 9.277505578622250448e-01 9.306727195432328292e-01 9.335457185645046341e-01 9.363688549259747695e-01 9.391414289763541090e-01 9.418627413152100836e-01 9.445320926730481625e-01 9.471487837669424481e-01 9.497121151289260599e-01 9.522213869039617418e-01 9.546758986138534908e-01 9.570749488829153329e-01 9.594178351205729927e-01 9.617038531553063763e-01 9.639322968134239611e-01 9.661024574350602911e-01 9.682136233184491791e-01 9.702650790819039583e-01 9.722561049309431658e-01 9.741859758155432258e-01 9.760539604594485885e-01 9.778593202396398398e-01 9.796013078892276127e-01 9.812791659908726150e-01 9.828921252198827840e-01 9.844394022857940740e-01 9.859201975075930768e-01 9.873336919395276912e-01 9.886790439397671326e-01 9.899553850402029731e-01 9.911618149280875256e-01 9.922973952821853016e-01 9.933611421067186642e-01 9.943520160573805500e-01 9.952689100237311903e-01 9.961106328651521125e-01 9.968758875876047032e-01 9.975632411858610382e-01 9.981710814145101640e-01 9.986975518597945856e-01 9.991404482117377528e-01 9.994970377201086720e-01 9.997637018711035273e-01 9.999350543106302336e-01 1.000000000000000000e+00 9.999350543106302336e-01 9.997637018711035273e-01 9.994970377201086720e-01 9.991404482117377528e-01 9.986975518597945856e-01 9.981710814145101640e-01 9.975632411858610382e-01 9.968758875876047032e-01 9.961106328651521125e-01 9.952689100237311903e-01 9.943520160573805500e-01 9.933611421067185532e-01 9.922973952821853016e-01 9.911618149280874146e-01 9.899553850402029731e-01 9.886790439397671326e-01 9.873336919395276912e-01 9.859201975075930768e-01 9.844394022857940740e-01 9.828921252198827840e-01 9.812791659908725039e-01 9.796013078892276127e-01 9.778593202396397288e-01 9.760539604594485885e-01 9.741859758155432258e-01 9.722561049309431658e-01 9.702650790819039583e-01 9.682136233184491791e-01 9.661024574350602911e-01
8.328395313844395575e-01 8.368228848997598668e-01 8.407761084919478378e-01 8.446984990710124652e-01 8.485893526957534183e-01 8.524479646756140117e-01 8.562736296710485862e-01 8.600656417921979102e-01 8.638232946956554414e-01 8.675458816790878602e-01 8.712326957734609634e-01 8.748830298325984689e-01 8.784961766197851851e-01 8.820714288911005729e-01 8.856080794751457486e-01 8.891054213487971092e-01 8.925627477085937844e-01 8.959793520373267040e-01 8.993545281653646528e-01 9.026875703262067230e-01 9.059777732057078259e-01 9.092244319843680866e-01 9.124268423720197640e-01 9.155843006341803925e-01 9.186961036092649024e-01 9.217615487157651000e-01 9.247799339484119585e-01 9.277505578622250448e-01 9.306727195432328292e-01 9.335457185645046341e-01 9.363688549259747695e-01 9.391414289763541090e-01 9.418627413152100836e-01 9.445320926730481625e-01 9.471487837669424481e-01 9.497121151289260599e-01 9.522213869039617418e-01 9.546758986138533798e-01 9.570749488829152218e-01 9.594178351205729927e-01 9.617038531553063763e-01 9.639322968134239611e-01 9.661024574350602911e-01 9.682136233184491791e-01 9.702650790819039583e-01 9.722561049309431658e-01 9.741859758155432258e-01 9.760539604594485885e-01 9.778593202396398398e-01 9.796013078892276127e-01 9.812791659908725039e-01 9.828921252198827840e-01 9.844394022857940740e-01 9.859201975075930768e-01 9.873336919395276912e-01 9.886790439397671326e-01 9.899553850402029731e-01 9.911618149280874146e-01 9.922973952821853016e-01 9.933611421067185532e-01 9.943520160573805500e-01 9.952689100237311903e-01 9.961106328651521125e-01 9.968758875876047032e-01 9.975632411858610382e-01 9.981710814145101640e-01 9.986975518597945856e-01 9.991404482117377528e-01 9.994970377201086720e-01 9.997637018711035273e-01 9.999350543106302336e-01 1.000000000000000000e+00 9.999350543106302336e-01 9.997637018711035273e-01 9.994970377201086720e-01 9.991404482117377528e-01 9.986975518597945856e-01 9.981710814145101640e-01 9.975632411858610382e-01 9.968758875876047032e-01 9.961106328651521125e-01 9.952689100237311903e-01 9.943520160573805500e-01 9.933611421067186642e-01 9.922973952821853016e-01 9.911618149280875256e-01 9.899553850402029731e-01 9.886790439397671326e-01 9.873336919395276912e-01 9.859201975075930768e-01 9.844394022857940740e-01 9.828921252198827840e-01 9.812791659908726150e-01 9.796013078892276127e-01 9.778593202396398398e-01 9.760539604594485885e-01 9.741859758155432258e-01 9.722561049309431658e-01 9.702650790819039583e-01 9.682136233184491791e-01
8.288267500816212108e-01 8.328395313844395575e-01 8.368228848997598668e-01 8.407761084919479488e-01 8.446984990710125762e-01 8.485893526957534183e-01 8.524479646756140117e-01 8.562736296710485862e-01 8.600656417921980212e-01 8.638232946956555525e-01 8.675458816790879712e-01 8.712326957734609634e-01 8.748830298325984689e-01 8.784961766197851851e-01 8.820714288911006840e-01 8.856080794751457486e-01 8.891054213487971092e-01 8.925627477085937844e-01 8.959793520373268150e-01 8.993545281653646528e-01 9.026875703262067230e-01 9.059777732057079369e-01 9.092244319843680866e-01 9.124268423720197640e-01 9.155843006341805035e-01 9.186961036092650135e-01 9.217615487157652110e-01 9.247799339484119585e-01 9.277505578622250448e-01 9.306727195432329403e-01 9.335457185645047451e-01 9.363688549259747695e-01 9.391414289763541090e-01 9.418627413152100836e-01 9.445320926730481625e-01 9.471487837669424481e-01 9.497121151289260599e-01 9.522213869039617418e-01 9.546758986138534908e-01 9.570749488829153329e-01 9.594178351205729927e-01 9.617038531553063763e-01 9.639322968134239611e-01 9.661024574350602911e-01 9.682136233184491791e-01 9.702650790819039583e-01 9.722561049309431658e-01 9.741859758155432258e-01 9.760539604594485885e-01 9.778593202396398398e-01 9.796013078892276127e-01 9.812791659908726150e-01 9.828921252198827840e-01 9.844394022857940740e-01 9.859201975075930768e-01 9.873336919395276912e-01 9.886790439397671326e-01 9.899553850402029731e-01 9.911618149280875256e-01 9.922973952821853016e-01 9.933611421067186642e-01 9.943520160573805500e-01 9.952689100237311903e-01 9.961106328651521125e-01 9.968758875876047032e-01 9.975632411858610382e-01 9.981710814145101640e-01 9.986975518597945856e-01 9.991404482117377528e-01 9.994970377201086720e-01 9.997637018711035273e-01 9.999350543106302336e-01 1.000000000000000000e+00 9.999350543106302336e-01 9.997637018711035273e-01 9.994970377201086720e-01 9.991404482117377528e-01 9.986975518597945856e-01 9.981710814145101640e-01 9.975632411858610382e-01 9.968758875876047032e-01 9.961106328651521125e-01 9.952689100237311903e-01 9.943520160573805500e-01 9.933611421067185532e-01 9.922973952821853016e-01 9.911618149280874146e-01 9.899553850402029731e-01 9.886790439397671326e-01 9.873336919395276912e-01 9.859201975075930768e-01 9.844394022857939630e-01 9.828921252198827840e-01 9.812791659908725039e-01 9.796013078892276127e-01 9.778593202396397288e-01 9.760539604594485885e-01 9.741859758155432258e-01 9.722561049309431658e-01 9.702650790819039583e-01
8.247852420683200458e-01 8.288267500816212108e-01 8.328395313844395575e-01 8.368228848997598668e-01 8.407761084919479488e-01 8.446984990710124652e-01 8.485893526957534183e-01 8.524479646756140117e-01 8.562736296710485862e-01 8.600656417921980212e-01 8.638232946956554414e-01 8.675458816790878602e-01 8.712326957734609634e-01 8.748830298325984689e-01 8.784961766197851851e-01 8.820714288911005729e-01 8.856080794751457486e-01 8.891054213487971092e-01 8.925627477085937844e-01 8.959793520373267040e-01 8.993545281653646528e-01 9.026875703262067230e-01 9.059777732057078259e-01 9.092244319843680866e-01 9.124268423720197640e-01 9.155843006341803925e-01 9.186961036092649024e-01 9.217615487157651000e-01 9.247799339484119585e-01 9.277505578622250448e-01 9.306727195432328292e-01 9.335457185645046341e-01 9.363688549259747695e-01 9.391414289763541090e-01 9.418627413152100836e-01 9.445320926730481625e-01 9.471487837669424481e-01 9.497121151289260599e-01 9.522213869039617418e-01 9.546758986138533798e-01 9.570749488829152218e-01 9.594178351205729927e-01 9.617038531553063763e-01 9.639322968134239611e-01 9.661024574350602911e-01 9.682136233184491791e-01 9.702650790819039583e-01 9.722561049309431658e-01 9.741859758155432258e-01 9.760539604594485885e-01 9.778593202396398398e-01 9.796013078892276127e-01 9.812791659908725039e-01 9.828921252198827840e-01 9.844394022857940740e-01 9.859201975075930768e-01 9.873336919395276912e-01 9.886790439397671326e-01 9.899553850402029731e-01 9.911618149280874146e-01 9.922973952821853016e-01 9.933611421067185532e-01 9.943520160573805500e-01 9.952689100237311903e-01 9.961106328651521125e-01 9.968758875876047032e-01 9.975632411858610382e-01 9.981710814145101640e-01 9.986975518597945856e-01 9.991404482117377528e-01 9.994970377201086720e-01 9.997637018711035273e-01 9.999350543106302336e-01 1.000000000000000000e+00 9.999350543106302336e-01 9.997637018711035273e-01 9.994970377201086720e-01 9.991404482117377528e-01 9.986975518597945856e-01 9.981710814145101640e-01 9.975632411858610382e-01 9.968758875876047032e-01 9.961106328651521125e-01 9.952689100237311903e-01 9.943520160573805500e-01 9.933611421067186642e-01 9.922973952821853016e-01 9.911618149280875256e-01 9.899553850402029731e-01 9.886790439397671326e-01 9.873336919395276912e-01 9.859201975075930768e-01 9.844394022857940740e-01 9.828921252198827840e-01 9.812791659908726150e-01 9.796013078892276127e-01 9.778593202396398398e-01 9.760539604594485885e-01 9.741859758155432258e-01 9.722561049309431658e-01
8.207157072577255796e-01 8.247852420683201569e-01 8.288267500816212108e-01 8.328395313844395575e-01 8.368228848997599778e-01 8.407761084919479488e-01 8.446984990710125762e-01 8.485893526957534183e-01 8.524479646756140117e-01 8.562736296710485862e-01 8.600656417921980212e-01 8.638232946956555525e-01 8.675458816790879712e-01 8.712326957734609634e-01 8.748830298325984689e-01 8.784961766197851851e-01 8.820714288911006840e-01 8.856080794751457486e-01 8.891054213487971092e-01 8.925627477085937844e-01 8.959793520373268150e-01 8.993545281653646528e-01 9.026875703262067230e-01 9.059777732057079369e-01 9.092244319843680866e-01 9.124268423720197640e-01 9.155843006341805035e-01 9.186961036092650135e-01 9.217615487157652110e-01 9.247799339484119585e-01 9.277505578622250448e-01 9.306727195432329403e-01 9.335457185645047451e-01 9.363688549259747695e-01 9.391414289763541090e-01 9.418627413152100836e-01 9.445320926730481625e-01 9.471487837669424481e-01 9.497121151289260599e-01 9.522213869039617418e-01 9.546758986138534908e-01 9.570749488829153329e-01 9.594178351205729927e-01 9.617038531553064873e-01 9.639322968134239611e-01 9.661024574350602911e-01 9.682136233184491791e-01 9.702650790819039583e-01 9.722561049309431658e-01 9.741859758155432258e-01 9.760539604594485885e-01 9.778593202396398398e-01 9.796013078892276127e-01 9.812791659908726150e-01 9.828921252198827840e-01 9.844394022857940740e-01 9.859201975075930768e-01 9.873336919395276912e-01 9.886790439397671326e-01 9.899553850402029731e-01 9.911618149280875256e-01 9.922973952821853016e-01 9.933611421067186642e-01 9.943520160573805500e-01 9.952689100237311903e-01 9.961106328651521125e-01 9.968758875876047032e-01 9.975632411858610382e-01 9.981710814145101640e-01 9.986975518597945856e-01 9.991404482117377528e-01 9.994970377201086720e-01 9.997637018711035273e-01 9.999350543106302336e-01 1.000000000000000000e+00 9.999350543106302336e-01 9.997637018711035273e-01 9.994970377201086720e-01 9.991404482117377528e-01 9.986975518597945856e-01 9.981710814145101640e-01 9.975632411858610382e-01 9.968758875876047032e-01 9.961106328651521125e-01 9.952689100237311903e-01 9.943520160573805500e-01 9.933611421067185532e-01 9.922973952821853016e-01 9.911618149280874146e-01 9.899553850402029731e-01 9.886790439397671326e-01 9.873336919395276912e-01 9.859201975075930768e-01 9.844394022857939630e-01 9.828921252198827840e-01 9.812791659908725039e-01 9.796013078892276127e-01 9.778593202396397288e-01 9.760539604594485885e-01 9.741859758155432258e-01
8.166188442932068581e-01 8.207157072577254686e-01 8.247852420683200458e-01 8.288267500816212108e-01 8.328395313844395575e-01 8.368228848997598668e-01 8.407761084919479488e-01 8.446984990710124652e-01 8.485893526957534183e-01 8.524479646756140117e-01 8.562736296710485862e-01 8.600656417921980212e-01 8.638232946956554414e-01 8.675458816790878602e-01 8.712326957734609634e-01 8.748830298325984689e-01 8.784961766197851851e-01 8.820714288911005729e-01 8.856080794751457486e-01 8.891054213487971092e-01 8.925627477085937844e-01 8.959793520373267040e-01 8.993545281653646528e-01 9.026875703262067230e-01 9.059777732057078259e-01 9.092244319843680866e-01 9.124268423720197640e-01 9.155843006341803925e-01 9.186961036092649024e-01 9.217615487157651000e-01 9.247799339484119585e-01 9.277505578622250448e-01 9.306727195432328292e-01 9.335457185645046341e-01 9.363688549259747695e-01 9.391414289763541090e-01 9.418627413152100836e-01 9.445320926730481625e-01 9.471487837669424481e-01 9.497121151289260599e-01 9.522213869039617418e-01 9.546758986138533798e-01 9.570749488829152218e-01 9.594178351205729927e-01 9.617038531553063763e-01 9.639322968134239611e-01 9.661024574350602911e-01 9.682136233184491791e-01 9.702650790819039583e-01 9.722561049309431658e-01 9.741859758155432258e-01 9.760539604594485885e-01 9.778593202396398398e-01 9.796013078892276127e-01 9.812791659908726150e-01 9.828921252198827840e-01 9.844394022857940740e-01 9.859201975075930768e-01 9.873336919395276912e-01 9.886790439397671326e-01 9.899553850402029731e-01 9.911618149280874146e-01 9.922973952821853016e-01 9.933611421067185532e-01 9.943520160573805500e-01 9.952689100237311903e-01 9.961106328651521125e-01 9.968758875876047032e-01 9.975632411858610382e-01 9.981710814145101640e-01 9.986975518597945856e-01 9.991404482117377528e-01 9.994970377201086720e-01 9.997637018711035273e-01 9.999350543106302336e-01 1.000000000000000000e+00 9.999350543106302336e-01 9.997637018711035273e-01 9.994970377201086720e-01 9.991404482117377528e-01 9.986975518597945856e-01 9.981710814145101640e-01 9.975632411858610382e-01 9.968758875876047032e-01 9.961106328651521125e-01 9.952689100237311903e-01 9.943520160573805500e-01 9.933611421067186642e-01 9.922973952821853016e-01 9.911618149280875256e-01 9.899553850402029731e-01 9.886790439397671326e-01 9.873336919395276912e-01 9.859201975075930768e-01 9.844394022857940740e-01 9.828921252198827840e-01 9.812791659908726150e-01 9.796013078892276127e-01 9.778593202396398398e-01 9.760539604594485885e-01
8.124953504416829730e-01 8.166188442932068581e-01 8.207157072577255796e-01 8.247852420683201569e-01 8.288267500816213218e-01 8.328395313844395575e-01 8.368228848997599778e-01 8.407761084919479488e-01 8.446984990710125762e-01 8.485893526957534183e-01 8.524479646756140117e-01 8.562736296710485862e-01 8.600656417921980212e-01 8.638232946956555525e-01 8.675458816790879712e-01 8.712326957734609634e-01 8.748830298325984689e-01 8.784961766197851851e-01 8.820714288911006840e-01 8.856080794751457486e-01 8.891054213487971092e-01 8.925627477085937844e-01 8.959793520373268150e-01 8.993545281653646528e-01 9.026875703262067230e-01 9.059777732057079369e-01 9.092244319843680866e-01 9.124268423720197640e-01 9.155843006341805035e-01 9.186961036092650135e-01 9.217615487157652110e-01 9.247799339484119585e-01 9.277505578622250448e-01 9.306727195432329403e-01 9.335457185645047451e-01 9.363688549259747695e-01 9.391414289763541090e-01 9.418627413152100836e-01 9.445320926730481625e-01 9.471487837669424481e-01 9.497121151289260599e-01 9.522213869039617418e-01 9.546758986138534908e-01 9.570749488829153329e-01 9.594178351205729927e-01 9.617038531553064873e-01 9.639322968134239611e-01 9.661024574350602911e-01 9.682136233184491791e-01 9.702650790819039583e-01 9.722561049309431658e-01 9.741859758155432258e-01 9.760539604594485885e-01 9.778593202396398398e-01 9.796013078892276127e-01 9.812791659908726150e-01 9.828921252198827840e-01 9.844394022857940740e-01 9.859201975075930768e-01 9.873336919395276912e-01 9.886790439397671326e-01 9.899553850402029731e-01 9.911618149280875256e-01 9.922973952821853016e-01 9.933611421067186642e-01 9.943520160573805500e-01 9.952689100237311903e-01 9.961106328651521125e-01 9.968758875876047032e-01 9.975632411858610382e-01 9.981710814145101640e-01 9.986975518597945856e-01 9.991404482117377528e-01 9.994970377201086720e-01 9.997637018711035273e-01 9.999350543106302336e-01 1.000000000000000000e+00 9.999350543106302336e-01 9.997637018711035273e-01 9.994970377201086720e-01 9.991404482117377528e-01 9.986975518597945856e-01 9.981710814145101640e-01 9.975632411858610382e-01 9.968758875876047032e-01 9.961106328651521125e-01 9.952689100237311903e-01 9.943520160573805500e-01 9.933611421067185532e-01 9.922973952821853016e-01 9.911618149280874146e-01 9.899553850402029731e-01 9.886790439397671326e-01 9.873336919395276912e-01 9.859201975075930768e-01 9.844394022857939630e-01 9.828921252198827840e-01 9.812791659908725039e-01 9.796013078892276127e-01 9.778593202396397288e-01
8.083459214864959774e-01 8.124953504416829730e-01 8.166188442932068581e-01 8.207157072577254686e-01 8.247852420683201569e-01 8.288267500816212108e-01 8.328395313844395575e-01 8.368228848997598668e-01 8.407761084919479488e-01 8.446984990710125762e-01 8.485893526957534183e-01 8.524479646756140117e-01 8.562736296710485862e-01 8.600656417921980212e-01 8.638232946956554414e-01 8.675458816790878602e-01 8.712326957734609634e-01 8.748830298325984689e-01 8.784961766197851851e-01 8.820714288911005729e-01 8.856080794751457486e-01 8.891054213487971092e-01 8.925627477085937844e-01 8.959793520373267040e-01 8.993545281653646528e-01 9.026875703262067230e-01 9.059777732057078259e-01 9.092244319843680866e-01 9.124268423720197640e-01 9.155843006341803925e-01 9.186961036092649024e-01 9.217615487157651000e-01 9.247799339484119585e-01 9.277505578622250448e-01 9.306727195432328292e-01 9.335457185645046341e-01 9.363688549259747695e-01 9.391414289763541090e-01 9.418627413152100836e-01 9.445320926730481625e-01 9.471487837669424481e-01 9.497121151289260599e-01 9.522213869039617418e-01 9.546758986138534908e-01 9.570749488829152218e-01 9.594178351205729927e-01 9.617038531553063763e-01 9.639322968134239611e-01 9.661024574350602911e-01 9.682136233184491791e-01 9.702650790819039583e-01 9.722561049309431658e-01 9.741859758155432258e-01 9.760539604594485885e-01 9.778593202396398398e-01 9.796013078892276127e-01 9.812791659908726150e-01 9.828921252198827840e-01 9.844394022857940740e-01 9.859201975075930768e-01 9.873336919395276912e-01 9.886790439397671326e-01 9.899553850402029731e-01 9.911618149280874146e-01 9.922973952821853016e-01 9.933611421067186642e-01 9.943520160573805500e-01 9.952689100237311903e-01 9.961106328651521125e-01 9.968758875876047032e-01 9.975632411858610382e-01 9.981710814145101640e-01 9.986975518597945856e-01 9.991404482117377528e-01 9.994970377201086720e-01 9.997637018711035273e-01 9.999350543106302336e-01 1.000000000000000000e+00 9.999350543106302336e-01 9.997637018711035273e-01 9.994970377201086720e-01 9.991404482117377528e-01 9.986975518597945856e-01 9.981710814145101640e-01 9.975632411858610382e-01 9.968758875876047032e-01 9.961106328651521125e-01 9.952689100237311903e-01 9.943520160573805500e-01 9.933611421067186642e-01 9.922973952821853016e-01 9.911618149280874146e-01 9.899553850402029731e-01 9.886790439397671326e-01 9.873336919395276912e-01 9.859201975075930768e-01 9.844394022857940740e-01 9.828921252198827840e-01 9.812791659908726150e-01 9.796013078892276127e-01
8.041712516199217564e-01 8.083459214864958664e-01 8.124953504416828620e-01 8.166188442932067471e-01 8.207157072577254686e-01 8.247852420683200458e-01 8.288267500816212108e-01 8.328395313844395575e-01 8.368228848997598668e-01 8.407761084919478378e-01 8.446984990710124652e-01 8.485893526957533073e-01 8.524479646756140117e-01 8.562736296710484751e-01 8.600656417921979102e-01 8.638232946956554414e-01 8.675458816790878602e-01 8.712326957734609634e-01 8.748830298325983579e-01 8.784961766197851851e-01 8.820714288911005729e-01 8.856080794751457486e-01 8.891054213487971092e-01 8.925627477085937844e-01 8.959793520373267040e-01 8.993545281653645418e-01 9.026875703262066120e-01 9.059777732057078259e-01 9.092244319843680866e-01 9.124268423720197640e-01 9.155843006341803925e-01 9.186961036092649024e-01 9.217615487157651000e-01 9.247799339484119585e-01 9.277505578622250448e-01 9.306727195432328292e-01 9.335457185645046341e-01 9.363688549259747695e-01 9.391414289763541090e-01 9.418627413152099725e-01 9.445320926730480515e-01 9.471487837669424481e-01 9.497121151289259489e-01 9.522213869039617418e-01 9.546758986138533798e-01 9.570749488829152218e-01 9.594178351205729927e-01 9.617038531553063763e-01 9.639322968134239611e-01 9.661024574350602911e-01 9.682136233184491791e-01 9.702650790819039583e-01 9.722561049309431658e-01 9.741859758155432258e-01 9.760539604594485885e-01 9.778593202396397288e-01 9.796013078892276127e-01 9.812791659908725039e-01 9.828921252198827840e-01 9.844394022857939630e-01 9.859201975075930768e-01 9.873336919395276912e-01 9.886790439397671326e-01 9.899553850402029731e-01 9.911618149280874146e-01 9.922973952821853016e-01 9.933611421067185532e-01 9.943520160573805500e-01 9.952689100237311903e-01 9.961106328651521125e-01 9.968758875876047032e-01 9.975632411858610382e-01 9.981710814145101640e-01 9.986975518597945856e-01 9.991404482117377528e-01 9.994970377201086720e-01 9.997637018711035273e-01 9.999350543106302336e-01 1.000000000000000000e+00 9.999350543106302336e-01 9.997637018711035273e-01 9.994970377201086720e-01 9.991404482117377528e-01 9.986975518597945856e-01 9.981710814145101640e-01 9.975632411858610382e-01 9.968758875876047032e-01 9.961106328651521125e-01 9.952689100237311903e-01 9.943520160573805500e-01 9.933611421067186642e-01 9.922973952821853016e-01 9.911618149280875256e-01 9.899553850402029731e-01 9.886790439397671326e-01 9.873336919395276912e-01 9.859201975075930768e-01 9.844394022857940740e-01 9.828921252198827840e-01 9.812791659908726150e-01
7.999720333354443103e-01 8.041712516199217564e-01 8.083459214864959774e-01 8.124953504416829730e-01 8.166188442932068581e-01 8.207157072577254686e-01 8.247852420683201569e-01 8.288267500816212108e-01 8.328395313844395575e-01 8.368228848997598668e-01 8.407761084919479488e-01 8.446984990710125762e-01 8.485893526957534183e-01 8.524479646756140117e-01 8.562736296710485862e-01 8.600656417921980212e-01 8.638232946956554414e-01 8.675458816790878602e-01 8.712326957734609634e-01 8.748830298325984689e-01 8.784961766197851851e-01 8.820714288911006840e-01 8.856080794751457486e-01 8.891054213487971092e-01 8.925627477085937844e-01 8.959793520373267040e-01 8.993545281653646528e-01 9.026875703262067230e-01 9.059777732057078259e-01 9.092244319843680866e-01 9.124268423720197640e-01 9.155843006341803925e-01 9.186961036092649024e-01 9.217615487157651000e-01 9.247799339484119585e-01 9.277505578622250448e-01 9.306727195432328292e-01 9.335457185645046341e-01 9.363688549259747695e-01 9.391414289763541090e-01 9.418627413152100836e-01 9.445320926730481625e-01 9.471487837669424481e-01 9.497121151289260599e-01 9.522213869039617418e-01 9.546758986138534908e-01 9.570749488829152218e-01 9.594178351205729927e-01 9.617038531553063763e-01 9.639322968134239611e-01 9.661024574350602911e-01 9.682136233184491791e-01 9.702650790819039583e-01 9.722561049309431658e-01 9.741859758155432258e-01 9.760539604594485885e-01 9.778593202396398398e-01 9.796013078892276127e-01 9.812791659908726150e-01 9.828921252198827840e-01 9.844394022857940740e-01 9.859201975075930768e-01 9.873336919395276912e-01 9.886790439397671326e-01 9.899553850402029731e-01 9.911618149280875256e-01 9.922973952821853016e-01 9.933611421067186642e-01 9.943520160573805500e-01 9.952689100237311903e-01 9.961106328651521125e-01 9.968758875876047032e-01 9.975632411858610382e-01 9.981710814145101640e-01 9.986975518597945856e-01 9.991404482117377528e-01 9.994970377201086720e-01 9.997637018711035273e-01 9.999350543106302336e-01 1.000000000000000000e+00 9.999350543106302336e-01 9.997637018711035273e-01 9.994970377201086720e-01 9.991404482117377528e-01 9.986975518597945856e-01 9.981710814145101640e-01 9.975632411858610382e-01 9.968758875876047032e-01 9.961106328651521125e-01 9.952689100237311903e-01 9.943520160573805500e-01 9.933611421067185532e-01 9.922973952821853016e-01 9.911618149280874146e-01 9.899553850402029731e-01 9.886790439397671326e-01 9.873336919395276912e-01 9.859201975075930768e-01 9.844394022857940740e-01 9.828921252198827840e-01
7.957489573199097999e-01 7.999720333354441992e-01 8.041712516199217564e-01 8.083459214864958664e-01 8.124953504416829730e-01 8.166188442932067471e-01 8.207157072577254686e-01 8.247852420683200458e-01 8.288267500816212108e-01 8.328395313844395575e-01 8.368228848997598668e-01 8.407761084919478378e-01 8.446984990710124652e-01 8.485893526957533073e-01 8.524479646756140117e-01 8.562736296710484751e-01 8.600656417921979102e-01 8.638232946956554414e-01 8.675458816790878602e-01 8.712326957734609634e-01 8.748830298325983579e-01 8.784961766197851851e-01 8.820714288911005729e-01 8.856080794751457486e-01 8.891054213487971092e-01 8.925627477085937844e-01 8.959793520373267040e-01 8.993545281653645418e-01 9.026875703262066120e-01 9.059777732057078259e-01 9.092244319843680866e-01 9.124268423720197640e-01 9.155843006341803925e-01 9.186961036092649024e-01 9.217615487157651000e-01 9.247799339484119585e-01 9.277505578622250448e-01 9.306727195432328292e-01 9.335457185645046341e-01 9.363688549259747695e-01 9.391414289763541090e-01 9.418627413152099725e-01 9.445320926730480515e-01 9.471487837669424481e-01 9.497121151289259489e-01 9.522213869039617418e-01 9.546758986138533798e-01 9.570749488829152218e-01 9.594178351205729927e-01 9.617038531553063763e-01 9.639322968134239611e-01 9.661024574350602911e-01 9.682136233184491791e-01 9.702650790819039583e-01 9.722561049309431658e-01 9.741859758155432258e-01 9.760539604594485885e-01 9.778593202396397288e-01 9.796013078892276127e-01 9.812791659908725039e-01 9.828921252198827840e-01 9.844394022857939630e-01 9.859201975075930768e-01 9.873336919395276912e-01 9.886790439397671326e-01 9.899553850402029731e-01 9.911618149280874146e-01 9.922973952821853016e-01 9.933611421067185532e-01 9.943520160573805500e-01 9.952689100237311903e-01 9.961106328651521125e-01 9.968758875876047032e-01 9.975632411858610382e-01 9.981710814145101640e-01 9.986975518597945856e-01 9.991404482117377528e-01 9.994970377201086720e-01 9.997637018711035273e-01 9.999350543106302336e-01 1.000000000000000000e+00 9.999350543106302336e-01 9.997637018711035273e-01 9.994970377201086720e-01 9.991404482117377528e-01 9.986975518597945856e-01 9.981710814145101640e-01 9.975632411858610382e-01 9.968758875876047032e-01 9.961106328651521125e-01 9.952689100237311903e-01 9.943520160573805500e-01 9.933611421067186642e-01 9.922973952821853016e-01 9.911618149280875256e-01 9.899553850402029731e-01 9.886790439397671326e-01 9.873336919395276912e-01 9.859201975075930768e-01 9.844394022857940740e-01
7.915027123456775948e-01 7.957489573199099109e-01 7.999720333354443103e-01 8.041712516199217564e-01 8.083459214864959774e-01 8.124953504416829730e-01 8.166188442932068581e-01 8.207157072577254686e-01 8.247852420683201569e-01 8.288267500816212108e-01 8.328395313844395575e-01 8.368228848997598668e-01 8.407761084919479488e-01 8.446984990710125762e-01 8.485893526957534183e-01 8.524479646756140117e-01 8.562736296710485862e-01 8.600656417921980212e-01 8.638232946956554414e-01 8.675458816790879712e-01 8.712326957734609634e-01 8.748830298325984689e-01 8.784961766197851851e-01 8.820714288911006840e-01 8.856080794751457486e-01 8.891054213487971092e-01 8.925627477085937844e-01 8.959793520373267040e-01 8.993545281653646528e-01 9.026875703262067230e-01 9.059777732057079369e-01 9.092244319843680866e-01 9.124268423720197640e-01 9.155843006341803925e-01 9.186961036092649024e-01 9.217615487157652110e-01 9.247799339484119585e-01 9.277505578622250448e-01 9.306727195432328292e-01 9.335457185645046341e-01 9.363688549259747695e-01 9.391414289763541090e-01 9.418627413152100836e-01 9.445320926730481625e-01 9.471487837669424481e-01 9.497121151289260599e-01 9.522213869039617418e-01 9.546758986138534908e-01 9.570749488829153329e-01 9.594178351205729927e-01 9.617038531553063763e-01 9.639322968134239611e-01 9.661024574350602911e-01 9.682136233184491791e-01 9.702650790819039583e-01 9.722561049309431658e-01 9.741859758155432258e-01 9.760539604594485885e-01 9.778593202396398398e-01 9.796013078892276127e-01 9.812791659908726150e-01 9.828921252198827840e-01 9.844394022857940740e-01 9.859201975075930768e-01 9.873336919395276912e-01 9.886790439397671326e-01 9.899553850402029731e-01 9.911618149280875256e-01 9.922973952821853016e-01 9.933611421067186642e-01 9.943520160573805500e-01 9.952689100237311903e-01 9.961106328651521125e-01 9.968758875876047032e-01 9.975632411858610382e-01 9.981710814145101640e-01 9.986975518597945856e-01 9.991404482117377528e-01 9.994970377201086720e-01 9.997637018711035273e-01 9.999350543106302336e-01 1.000000000000000000e+00 9.999350543106302336e-01 9.997637018711035273e-01 9.994970377201086720e-01 9.991404482117377528e-01 9.986975518597945856e-01 9.981710814145101640e-01 9.975632411858610382e-01 9.968758875876047032e-01 9.961106328651521125e-01 9.952689100237311903e-01 9.943520160573805500e-01 9.933611421067185532e-01 9.922973952821853016e-01 9.911618149280874146e-01 9.899553850402029731e-01 9.886790439397671326e-01 9.873336919395276912e-01 9.859201975075930768e-01
7.872339851628679108e-01 7.915027123456775948e-01 7.957489573199097999e-01 7.999720333354441992e-01 8.041712516199217564e-01 8.083459214864958664e-01 8.124953504416829730e-01 8.166188442932067471e-01 8.207157072577254686e-01 8.247852420683200458e-01 8.288267500816212108e-01 8.328395313844395575e-01 8.368228848997598668e-01 8.407761084919478378e-01 8.446984990710124652e-01 8.485893526957533073e-01 8.524479646756140117e-01 8.562736296710484751e-01 8.600656417921979102e-01 8.638232946956554414e-01 8.675458816790878602e-01 8.712326957734609634e-01 8.748830298325984689e-01 8.784961766197851851e-01 8.820714288911005729e-01 8.856080794751457486e-01 8.891054213487971092e-01 8.925627477085937844e-01 8.959793520373267040e-01 8.993545281653646528e-01 9.026875703262067230e-01 9.059777732057078259e-01 9.092244319843680866e-01 9.124268423720197640e-01 9.155843006341803925e-01 9.186961036092649024e-01 9.217615487157651000e-01 9.247799339484119585e-01 9.277505578622250448e-01 9.306727195432328292e-01 9.335457185645046341e-01 9.363688549259747695e-01 9.391414289763541090e-01 9.418627413152100836e-01 9.445320926730480515e-01 9.471487837669424481e-01 9.497121151289259489e-01 9.522213869039617418e-01 9.546758986138533798e-01 9.570749488829152218e-01 9.594178351205729927e-01 9.617038531553063763e-01 9.639322968134239611e-01 9.661024574350602911e-01 9.682136233184491791e-01 9.702650790819039583e-01 9.722561049309431658e-01 9.741859758155432258e-01 9.760539604594485885e-01 9.778593202396397288e-01 9.796013078892276127e-01 9.812791659908725039e-01 9.828921252198827840e-01 9.844394022857939630e-01 9.859201975075930768e-01 9.873336919395276912e-01 9.886790439397671326e-01 9.899553850402029731e-01 9.911618149280874146e-01 9.922973952821853016e-01 9.933611421067185532e-01 9.943520160573805500e-01 9.952689100237311903e-01 9.961106328651521125e-01 9.968758875876047032e-01 9.975632411858610382e-01 9.981710814145101640e-01 9.986975518597945856e-01 9.991404482117377528e-01 9.994970377201086720e-01 9.997637018711035273e-01 9.999350543106302336e-01 1.000000000000000000e+00 9.999350543106302336e-01 9.997637018711035273e-01 9.994970377201086720e-01 9.991404482117377528e-01 9.986975518597945856e-01 9.981710814145101640e-01 9.975632411858610382e-01 9.968758875876047032e-01 9.961106328651521125e-01 9.952689100237311903e-01 9.943520160573805500e-01 9.933611421067186642e-01 9.922973952821853016e-01 9.911618149280875256e-01 9.899553850402029731e-01 9.886790439397671326e-01 9.873336919395276912e-01
7.829434603918139501e-01 7.872339851628679108e-01 7.915027123456775948e-01 7.957489573199099109e-01 7.999720333354443103e-01 8.041712516199217564e-01 8.083459214864959774e-01 8.124953504416829730e-01 8.166188442932068581e-01 8.207157072577255796e-01 8.247852420683201569e-01 8.288267500816212108e-01 8.328395313844395575e-01 8.368228848997598668e-01 8.407761084919479488e-01 8.446984990710125762e-01 8.485893526957534183e-01 8.524479646756140117e-01 8.562736296710485862e-01 8.600656417921980212e-01 8.638232946956554414e-01 8.675458816790879712e-01 8.712326957734609634e-01 8.748830298325984689e-01 8.784961766197851851e-01 8.820714288911006840e-01 8.856080794751457486e-01 8.891054213487971092e-01 8.925627477085937844e-01 8.959793520373268150e-01 8.993545281653646528e-01 9.026875703262067230e-01 9.059777732057079369e-01 9.092244319843680866e-01 9.124268423720197640e-01 9.155843006341805035e-01 9.186961036092650135e-01 9.217615487157652110e-01 9.247799339484119585e-01 9.277505578622250448e-01 9.306727195432328292e-01 9.335457185645046341e-01 9.363688549259747695e-01 9.391414289763541090e-01 9.418627413152100836e-01 9.445320926730481625e-01 9.471487837669424481e-01 9.497121151289260599e-01 9.522213869039617418e-01 9.546758986138534908e-01 9.570749488829153329e-01 9.594178351205729927e-01 9.617038531553063763e-01 9.639322968134239611e-01 9.661024574350602911e-01 9.682136233184491791e-01 9.702650790819039583e-01 9.722561049309431658e-01 9.741859758155432258e-01 9.760539604594485885e-01 9.778593202396398398e-01 9.796013078892276127e-01 9.812791659908726150e-01 9.828921252198827840e-01 9.844394022857940740e-01 9.859201975075930768e-01 9.873336919395276912e-01 9.886790439397671326e-01 9.899553850402029731e-01 9.911618149280875256e-01 9.922973952821853016e-01 9.933611421067186642e-01 9.943520160573805500e-01 9.952689100237311903e-01 9.961106328651521125e-01 9.968758875876047032e-01 9.975632411858610382e-01 9.981710814145101640e-01 9.986975518597945856e-01 9.991404482117377528e-01 9.994970377201086720e-01 9.997637018711035273e-01 9.999350543106302336e-01 1.000000000000000000e+00 9.999350543106302336e-01 9.997637018711035273e-01 9.994970377201086720e-01 9.991404482117377528e-01 9.986975518597945856e-01 9.981710814145101640e-01 9.975632411858610382e-01 9.968758875876047032e-01 9.961106328651521125e-01 9.952689100237311903e-01 9.943520160573805500e-01 9.933611421067185532e-01 9.922973952821853016e-01 9.911618149280874146e-01 9.899553850402029731e-01 9.886790439397671326e-01
7.786318204158088063e-01 7.829434603918139501e-01 7.872339851628679108e-01 7.915027123456775948e-01 7.957489573199099109e-01 7.999720333354441992e-01 8.041712516199217564e-01 8.083459214864958664e-01 8.124953504416829730e-01 8.166188442932068581e-01 8.207157072577254686e-01 8.247852420683200458e-01 8.288267500816212108e-01 8.328395313844395575e-01 8.368228848997598668e-01 8.407761084919478378e-01 8.446984990710124652e-01 8.485893526957533073e-01 8.524479646756140117e-01 8.562736296710485862e-01 8.600656417921979102e-01 8.638232946956554414e-01 8.675458816790878602e-01 8.712326957734609634e-01 8.748830298325984689e-01 8.784961766197851851e-01 8.820714288911005729e-01 8.856080794751457486e-01 8.891054213487971092e-01 8.925627477085937844e-01 8.959793520373267040e-01 8.993545281653646528e-01 9.026875703262067230e-01 9.059777732057078259e-01 9.092244319843680866e-01 9.124268423720197640e-01 9.155843006341803925e-01 9.186961036092649024e-01 9.217615487157651000e-01 9.247799339484119585e-01 9.277505578622250448e-01 9.306727195432328292e-01 9.335457185645046341e-01 9.363688549259747695e-01 9.391414289763541090e-01 9.418627413152100836e-01 9.445320926730480515e-01 9.471487837669424481e-01 9.497121151289260599e-01 9.522213869039617418e-01 9.546758986138533798e-01 9.570749488829152218e-01 9.594178351205729927e-01 9.617038531553063763e-01 9.639322968134239611e-01 9.661024574350602911e-01 9.682136233184491791e-01 9.702650790819039583e-01 9.722561049309431658e-01 9.741859758155432258e-01 9.760539604594485885e-01 9.778593202396397288e-01 9.796013078892276127e-01 9.812791659908725039e-01 9.828921252198827840e-01 9.844394022857940740e-01 9.859201975075930768e-01 9.873336919395276912e-01 9.886790439397671326e-01 9.899553850402029731e-01 9.911618149280874146e-01 9.922973952821853016e-01 9.933611421067185532e-01 9.943520160573805500e-01 9.952689100237311903e-01 9.961106328651521125e-01 9.968758875876047032e-01 9.975632411858610382e-01 9.981710814145101640e-01 9.986975518597945856e-01 9.991404482117377528e-01 9.994970377201086720e-01 9.997637018711035273e-01 9.999350543106302336e-01 1.000000000000000000e+00 9.999350543106302336e-01 9.997637018711035273e-01 9.994970377201086720e-01 9.991404482117377528e-01 9.986975518597945856e-01 9.981710814145101640e-01 9.975632411858610382e-01 9.968758875876047032e-01 9.961106328651521125e-01 9.952689100237311903e-01 9.943520160573805500e-01 9.933611421067186642e-01 9.922973952821853016e-01 9.911618149280875256e-01 9.899553850402029731e-01
7.742997452742405029e-01 7.786318204158089173e-01 7.829434603918139501e-01 7.872339851628679108e-01 7.915027123456775948e-01 7.957489573199099109e-01 7.999720333354443103e-01 8.041712516199217564e-01 8.083459214864959774e-01 8.124953504416829730e-01 8.166188442932068581e-01 8.207157072577255796e-01 8.247852420683201569e-01 8.288267500816212108e-01 8.328395313844395575e-01 8.368228848997598668e-01 8.407761084919479488e-01 8.446984990710125762e-01 8.485893526957534183e-01 8.524479646756140117e-01 8.562736296710485862e-01 8.600656417921980212e-01 8.638232946956555525e-01 8.675458816790879712e-01 8.712326957734609634e-01 8.748830298325984689e-01 8.784961766197851851e-01 8.820714288911006840e-01 8.856080794751457486e-01 8.891054213487971092e-01 8.925627477085937844e-01 8.959793520373268150e-01 8.993545281653646528e-01 9.026875703262067230e-01 9.059777732057079369e-01 9.092244319843680866e-01 9.124268423720197640e-01 9.155843006341805035e-01 9.186961036092650135e-01 9.217615487157652110e-01 9.247799339484119585e-01 9.277505578622250448e-01 9.306727195432328292e-01 9.335457185645047451e-01 9.363688549259747695e-01 9.391414289763541090e-01 9.418627413152100836e-01 9.445320926730481625e-01 9.471487837669424481e-01 9.497121151289260599e-01 9.522213869039617418e-01 9.546758986138534908e-01 9.570749488829153329e-01 9.594178351205729927e-01 9.617038531553064873e-01 9.639322968134239611e-01 9.661024574350602911e-01 9.682136233184491791e-01 9.702650790819039583e-01 9.722561049309431658e-01 9.741859758155432258e-01 9.760539604594485885e-01 9.778593202396398398e-01 9.796013078892276127e-01 9.812791659908726150e-01 9.828921252198827840e-01 9.844394022857940740e-01 9.859201975075930768e-01 9.873336919395276912e-01 9.886790439397671326e-01 9.899553850402029731e-01 9.911618149280875256e-01 9.922973952821853016e-01 9.933611421067186642e-01 9.943520160573805500e-01 9.952689100237311903e-01 9.961106328651521125e-01 9.968758875876047032e-01 9.975632411858610382e-01 9.981710814145101640e-01 9.986975518597945856e-01 9.991404482117377528e-01 9.994970377201086720e-01 9.997637018711035273e-01 9.999350543106302336e-01 1.000000000000000000e+00 9.999350543106302336e-01 9.997637018711035273e-01 9.994970377201086720e-01 9.991404482117377528e-01 9.986975518597945856e-01 9.981710814145101640e-01 9.975632411858610382e-01 9.968758875876047032e-01 9.961106328651521125e-01 9.952689100237311903e-01 9.943520160573805500e-01 9.933611421067185532e-01 9.922973952821853016e-01 9.911618149280874146e-01
7.699479125561999870e-01 7.742997452742403919e-01 7.786318204158088063e-01 7.829434603918139501e-01 7.872339851628679108e-01 7.915027123456775948e-01 7.957489573199099109e-01 7.999720333354441992e-01 8.041712516199217564e-01 8.083459214864959774e-01 8.124953504416829730e-01 8.166188442932068581e-01 8.207157072577254686e-01 8.247852420683200458e-01 8.288267500816212108e-01 8.328395313844395575e-01 8.368228848997598668e-01 8.407761084919478378e-01 8.446984990710124652e-01 8.485893526957534183e-01 8.524479646756140117e-01 8.562736296710485862e-01 8.600656417921980212e-01 8.638232946956554414e-01 8.675458816790878602e-01 8.712326957734609634e-01 8.748830298325984689e-01 8.784961766197851851e-01 8.820714288911005729e-01 8.856080794751457486e-01 8.891054213487971092e-01 8.925627477085937844e-01 8.959793520373267040e-01 8.993545281653646528e-01 9.026875703262067230e-01 9.059777732057078259e-01 9.092244319843680866e-01 9.124268423720197640e-01 9.155843006341803925e-01 9.186961036092649024e-01 9.217615487157651000e-01 9.247799339484119585e-01 9.277505578622250448e-01 9.306727195432328292e-01 9.335457185645046341e-01 9.363688549259747695e-01 9.391414289763541090e-01 9.418627413152100836e-01 9.445320926730481625e-01 9.471487837669424481e-01 9.497121151289260599e-01 9.522213869039617418e-01 9.546758986138533798e-01 9.570749488829152218e-01 9.594178351205729927e-01 9.617038531553063763e-01 9.639322968134239611e-01 9.661024574350602911e-01 9.682136233184491791e-01 9.702650790819039583e-01 9.722561049309431658e-01 9.741859758155432258e-01 9.760539604594485885e-01 9.778593202396397288e-01 9.796013078892276127e-01 9.812791659908726150e-01 9.828921252198827840e-01 9.844394022857940740e-01 9.859201975075930768e-01 9.873336919395276912e-01 9.886790439397671326e-01 9.899553850402029731e-01 9.911618149280874146e-01 9.922973952821853016e-01 9.933611421067185532e-01 9.943520160573805500e-01 9.952689100237311903e-01 9.961106328651521125e-01 9.968758875876047032e-01 9.975632411858610382e-01 9.981710814145101640e-01 9.986975518597945856e-01 9.991404482117377528e-01 9.994970377201086720e-01 9.997637018711035273e-01 9.999350543106302336e-01 1.000000000000000000e+00 9.999350543106302336e-01 9.997637018711035273e-01 9.994970377201086720e-01 9.991404482117377528e-01 9.986975518597945856e-01 9.981710814145101640e-01 9.975632411858610382e-01 9.968758875876047032e-01 9.961106328651521125e-01 9.952689100237311903e-01 9.943520160573805500e-01 9.933611421067186642e-01 9.922973952821853016e-01
7.655769972946454560e-01 7.699479125562000981e-01 7.742997452742405029e-01 7.786318204158089173e-01 7.829434603918140612e-01 7.872339851628679108e-01 7.915027123456775948e-01 7.957489573199099109e-01 7.999720333354443103e-01 8.041712516199218674e-01 8.083459214864959774e-01 8.124953504416829730e-01 8.166188442932068581e-01 8.207157072577255796e-01 8.247852420683201569e-01 8.288267500816212108e-01 8.328395313844395575e-01 8.368228848997598668e-01 8.407761084919479488e-01 8.446984990710125762e-01 8.485893526957534183e-01 8.524479646756140117e-01 8.562736296710485862e-01 8.600656417921980212e-01 8.638232946956555525e-01 8.675458816790879712e-01 8.712326957734609634e-01 8.748830298325984689e-01 8.784961766197851851e-01 8.820714288911006840e-01 8.856080794751457486e-01 8.891054213487971092e-01 8.925627477085937844e-01 8.959793520373268150e-01 8.993545281653646528e-01 9.026875703262067230e-01 9.059777732057079369e-01 9.092244319843680866e-01 9.124268423720197640e-01 9.155843006341805035e-01 9.186961036092650135e-01 9.217615487157652110e-01 9.247799339484119585e-01 9.277505578622250448e-01 9.306727195432328292e-01 9.335457185645047451e-01 9.363688549259747695e-01 9.391414289763541090e-01 9.418627413152100836e-01 9.445320926730481625e-01 9.471487837669424481e-01 9.497121151289260599e-01 9.522213869039617418e-01 9.546758986138534908e-01 9.570749488829153329e-01 9.594178351205729927e-01 9.617038531553064873e-01 9.639322968134239611e-01 9.661024574350602911e-01 9.682136233184491791e-01 9.702650790819039583e-01 9.722561049309431658e-01 9.741859758155432258e-01 9.760539604594485885e-01 9.778593202396398398e-01 9.796013078892276127e-01 9.812791659908726150e-01 9.828921252198827840e-01 9.844394022857940740e-01 9.859201975075930768e-01 9.873336919395276912e-01 9.886790439397671326e-01 9.899553850402029731e-01 9.911618149280875256e-01 9.922973952821853016e-01 9.933611421067186642e-01 9.943520160573805500e-01 9.952689100237311903e-01 9.961106328651521125e-01 9.968758875876047032e-01 9.975632411858610382e-01 9.981710814145101640e-01 9.986975518597945856e-01 9.991404482117377528e-01 9.994970377201086720e-01 9.997637018711035273e-01 9.999350543106302336e-01 1.000000000000000000e+00 9.999350543106302336e-01 9.997637018711035273e-01 9.994970377201086720e-01 9.991404482117377528e-01 9.986975518597945856e-01 9.981710814145101640e-01 9.975632411858610382e-01 9.968758875876047032e-01 9.961106328651521125e-01 9.952689100237311903e-01 9.943520160573805500e-01 9.933611421067185532e-01
7.611876718611981785e-01 7.655769972946454560e-01 7.699479125561999870e-01 7.742997452742403919e-01 7.786318204158089173e-01 7.829434603918139501e-01 7.872339851628679108e-01 7.915027123456775948e-01 7.957489573199099109e-01 7.999720333354443103e-01 8.041712516199217564e-01 8.083459214864959774e-01 8.124953504416829730e-01 8.166188442932068581e-01 8.207157072577254686e-01 8.247852420683200458e-01 8.288267500816212108e-01 8.328395313844395575e-01 8.368228848997598668e-01 8.407761084919479488e-01 8.446984990710124652e-01 8.485893526957534183e-01 8.524479646756140117e-01 8.562736296710485862e-01 8.600656417921980212e-01 8.638232946956554414e-01 8.675458816790878602e-01 8.712326957734609634e-01 8.748830298325984689e-01 8.784961766197851851e-01 8.820714288911005729e-01 8.856080794751457486e-01 8.891054213487971092e-01 8.925627477085937844e-01 8.959793520373267040e-01 8.993545281653646528e-01 9.026875703262067230e-01 9.059777732057078259e-01 9.092244319843680866e-01 9.124268423720197640e-01 9.155843006341803925e-01 9.186961036092649024e-01 9.217615487157651000e-01 9.247799339484119585e-01 9.277505578622250448e-01 9.306727195432328292e-01 9.335457185645046341e-01 9.363688549259747695e-01 9.391414289763541090e-01 9.418627413152100836e-01 9.445320926730481625e-01 9.471487837669424481e-01 9.497121151289260599e-01 9.522213869039617418e-01 9.546758986138534908e-01 9.570749488829152218e-01 9.594178351205729927e-01 9.617038531553063763e-01 9.639322968134239611e-01 9.661024574350602911e-01 9.682136233184491791e-01 9.702650790819039583e-01 9.722561049309431658e-01 9.741859758155432258e-01 9.760539604594485885e-01 9.778593202396398398e-01 9.796013078892276127e-01 9.812791659908726150e-01 9.828921252198827840e-01 9.844394022857940740e-01 9.859201975075930768e-01 9.873336919395276912e-01 9.886790439397671326e-01 9.899553850402029731e-01 9.911618149280874146e-01 9.922973952821853016e-01 9.933611421067185532e-01 9.943520160573805500e-01 9.952689100237311903e-01 9.961106328651521125e-01 9.968758875876047032e-01 9.975632411858610382e-01 9.981710814145101640e-01 9.986975518597945856e-01 9.991404482117377528e-01 9.994970377201086720e-01 9.997637018711035273e-01 9.999350543106302336e-01 1.000000000000000000e+00 9.999350543106302336e-01 9.997637018711035273e-01 9.994970377201086720e-01 9.991404482117377528e-01 9.986975518597945856e-01 9.981710814145101640e-01 9.975632411858610382e-01 9.968758875876047032e-01 9.961106328651521125e-01 9.952689100237311903e-01 9.943520160573805500e-01
7.567806058616465270e-01 7.611876718611981785e-01 7.655769972946454560e-01 7.699479125562000981e-01 7.742997452742406139e-01 7.786318204158089173e-01 7.829434603918140612e-01 7.872339851628679108e-01 7.915027123456775948e-01 7.957489573199099109e-01 7.999720333354443103e-01 8.041712516199218674e-01 8.083459214864959774e-01 8.124953504416829730e-01 8.166188442932068581e-01 8.207157072577255796e-01 8.247852420683201569e-01 8.288267500816212108e-01 8.328395313844395575e-01 8.368228848997599778e-01 8.407761084919479488e-01 8.446984990710125762e-01 8.485893526957534183e-01 8.524479646756140117e-01 8.562736296710485862e-01 8.600656417921980212e-01 8.638232946956555525e-01 8.675458816790879712e-01 8.712326957734609634e-01 8.748830298325984689e-01 8.784961766197851851e-01 8.820714288911006840e-01 8.856080794751457486e-01 8.891054213487971092e-01 8.925627477085937844e-01 8.959793520373268150e-01 8.993545281653646528e-01 9.026875703262067230e-01 9.059777732057079369e-01 9.092244319843680866e-01 9.124268423720197640e-01 9.155843006341805035e-01 9.186961036092650135e-01 9.217615487157652110e-01 9.247799339484119585e-01 9.277505578622250448e-01 9.306727195432328292e-01 9.335457185645047451e-01 9.363688549259747695e-01 9.391414289763541090e-01 9.418627413152100836e-01 9.445320926730481625e-01 9.471487837669424481e-01 9.497121151289260599e-01 9.522213869039617418e-01 9.546758986138534908e-01 9.570749488829153329e-01 9.594178351205729927e-01 9.617038531553064873e-01 9.639322968134239611e-01 9.661024574350602911e-01 9.682136233184491791e-01 9.702650790819039583e-01 9.722561049309431658e-01 9.741859758155432258e-01 9.760539604594486995e-01 9.778593202396398398e-01 9.796013078892276127e-01 9.812791659908726150e-01 9.828921252198827840e-01 9.844394022857940740e-01 9.859201975075930768e-01 9.873336919395276912e-01 9.886790439397671326e-01 9.899553850402029731e-01 9.911618149280875256e-01 9.922973952821853016e-01 9.933611421067186642e-01 9.943520160573805500e-01 9.952689100237311903e-01 9.961106328651521125e-01 9.968758875876047032e-01 9.975632411858610382e-01 9.981710814145101640e-01 9.986975518597945856e-01 9.991404482117377528e-01 9.994970377201086720e-01 9.997637018711035273e-01 9.999350543106302336e-01 1.000000000000000000e+00 9.999350543106302336e-01 9.997637018711035273e-01 9.994970377201086720e-01 9.991404482117377528e-01 9.986975518597945856e-01 9.981710814145101640e-01 9.975632411858610382e-01 9.968758875876047032e-01 9.961106328651521125e-01 9.952689100237311903e-01
7.523564660322262787e-01 7.567806058616465270e-01 7.611876718611981785e-01 7.655769972946454560e-01 7.699479125562000981e-01 7.742997452742403919e-01 7.786318204158089173e-01 7.829434603918139501e-01 7.872339851628679108e-01 7.915027123456775948e-01 7.957489573199099109e-01 7.999720333354443103e-01 8.041712516199217564e-01 8.083459214864959774e-01 8.124953504416829730e-01 8.166188442932068581e-01 8.207157072577254686e-01 8.247852420683200458e-01 8.288267500816212108e-01 8.328395313844395575e-01 8.368228848997598668e-01 8.407761084919479488e-01 8.446984990710125762e-01 8.485893526957534183e-01 8.524479646756140117e-01 8.562736296710485862e-01 8.600656417921980212e-01 8.638232946956554414e-01 8.675458816790878602e-01 8.712326957734609634e-01 8.748830298325984689e-01 8.784961766197851851e-01 8.820714288911005729e-01 8.856080794751457486e-01 8.891054213487971092e-01 8.925627477085937844e-01 8.959793520373267040e-01 8.993545281653646528e-01 9.026875703262067230e-01 9.059777732057078259e-01 9.092244319843680866e-01 9.124268423720197640e-01 9.155843006341803925e-01 9.186961036092650135e-01 9.217615487157651000e-01 9.247799339484119585e-01 9.277505578622250448e-01 9.306727195432328292e-01 9.335457185645046341e-01 9.363688549259747695e-01 9.391414289763541090e-01 9.418627413152100836e-01 9.445320926730481625e-01 9.471487837669424481e-01 9.497121151289260599e-01 9.522213869039617418e-01 9.546758986138534908e-01 9.570749488829152218e-01 9.594178351205729927e-01 9.617038531553063763e-01 9.639322968134239611e-01 9.661024574350602911e-01 9.682136233184491791e-01 9.702650790819039583e-01 9.722561049309431658e-01 9.741859758155432258e-01 9.760539604594485885e-01 9.778593202396398398e-01 9.796013078892276127e-01 9.812791659908726150e-01 9.828921252198827840e-01 9.844394022857940740e-01 9.859201975075930768e-01 9.873336919395276912e-01 9.886790439397671326e-01 9.899553850402029731e-01 9.911618149280874146e-01 9.922973952821853016e-01 9.933611421067186642e-01 9.943520160573805500e-01 9.952689100237311903e-01 9.961106328651521125e-01 9.968758875876047032e-01 9.975632411858610382e-01 9.981710814145101640e-01 9.986975518597945856e-01 9.991404482117377528e-01 9.994970377201086720e-01 9.997637018711035273e-01 9.999350543106302336e-01 1.000000000000000000e+00 9.999350543106302336e-01 9.997637018711035273e-01 9.994970377201086720e-01 9.991404482117377528e-01 9.986975518597945856e-01 9.981710814145101640e-01 9.975632411858610382e-01 9.968758875876047032e-01 9.961106328651521125e-01
7.479159161367444630e-01 7.523564660322261677e-01 7.567806058616465270e-01 7.611876718611981785e-01 7.655769972946454560e-01 7.699479125561998760e-01 7.742997452742403919e-01 7.786318204158086953e-01 7.829434603918139501e-01 7.872339851628679108e-01 7.915027123456775948e-01 7.957489573199097999e-01 7.999720333354441992e-01 8.041712516199217564e-01 8.083459214864958664e-01 8.124953504416828620e-01 8.166188442932067471e-01 8.207157072577254686e-01 8.247852420683200458e-01 8.288267500816212108e-01 8.328395313844395575e-01 8.368228848997598668e-01 8.407761084919478378e-01 8.446984990710124652e-01 8.485893526957533073e-01 8.524479646756140117e-01 8.562736296710484751e-01 8.600656417921979102e-01 8.638232946956554414e-01 8.675458816790878602e-01 8.712326957734609634e-01 8.748830298325983579e-01 8.784961766197851851e-01 8.820714288911005729e-01 8.856080794751457486e-01 8.891054213487971092e-01 8.925627477085937844e-01 8.959793520373267040e-01 8.993545281653645418e-01 9.026875703262066120e-01 9.059777732057078259e-01 9.092244319843680866e-01 9.124268423720197640e-01 9.155843006341803925e-01 9.186961036092649024e-01 9.217615487157651000e-01 9.247799339484119585e-01 9.277505578622250448e-01 9.306727195432328292e-01 9.335457185645046341e-01 9.363688549259747695e-01 9.391414289763541090e-01 9.418627413152099725e-01 9.445320926730480515e-01 9.471487837669424481e-01 9.497121151289259489e-01 9.522213869039617418e-01 9.546758986138533798e-01 9.570749488829152218e-01 9.594178351205729927e-01 9.617038531553063763e-01 9.639322968134239611e-01 9.661024574350602911e-01 9.682136233184490681e-01 9.702650790819039583e-01 9.722561049309431658e-01 9.741859758155432258e-01 9.760539604594485885e-01 9.778593202396397288e-01 9.796013078892276127e-01 9.812791659908725039e-01 9.828921252198827840e-01 9.844394022857939630e-01 9.859201975075930768e-01 9.873336919395276912e-01 9.886790439397671326e-01 9.899553850402029731e-01 9.911618149280874146e-01 9.922973952821853016e-01 9.933611421067185532e-01 9.943520160573805500e-01 9.952689100237311903e-01 9.961106328651521125e-01 9.968758875876047032e-01 9.975632411858610382e-01 9.981710814145101640e-01 9.986975518597945856e-01 9.991404482117377528e-01 9.994970377201086720e-01 9.997637018711035273e-01 9.999350543106302336e-01 1.000000000000000000e+00 9.999350543106302336e-01 9.997637018711035273e-01 9.994970377201086720e-01 9.991404482117377528e-01 9.986975518597945856e-01 9.981710814145101640e-01 9.975632411858610382e-01 9.968758875876047032e-01
7.434596168646123715e-01 7.479159161367445741e-01 7.523564660322262787e-01 7.567806058616465270e-01 7.611876718611981785e-01 7.655769972946454560e-01 7.699479125562000981e-01 7.742997452742403919e-01 7.786318204158089173e-01 7.829434603918139501e-01 7.872339851628679108e-01 7.915027123456775948e-01 7.957489573199099109e-01 7.999720333354443103e-01 8.041712516199217564e-01 8.083459214864959774e-01 8.124953504416829730e-01 8.166188442932068581e-01 8.207157072577254686e-01 8.247852420683201569e-01 8.288267500816212108e-01 8.328395313844395575e-01 8.368228848997598668e-01 8.407761084919479488e-01 8.446984990710125762e-01 8.485893526957534183e-01 8.524479646756140117e-01 8.562736296710485862e-01 8.600656417921980212e-01 8.638232946956554414e-01 8.675458816790879712e-01 8.712326957734609634e-01 8.748830298325984689e-01 8.784961766197851851e-01 8.820714288911005729e-01 8.856080794751457486e-01 8.891054213487971092e-01 8.925627477085937844e-01 8.959793520373267040e-01 8.993545281653646528e-01 9.026875703262067230e-01 9.059777732057078259e-01 9.092244319843680866e-01 9.124268423720197640e-01 9.155843006341803925e-01 9.186961036092650135e-01 9.217615487157651000e-01 9.247799339484119585e-01 9.277505578622250448e-01 9.306727195432328292e-01 9.335457185645046341e-01 9.363688549259747695e-01 9.391414289763541090e-01 9.418627413152100836e-01 9.445320926730481625e-01 9.471487837669424481e-01 9.497121151289260599e-01 9.522213869039617418e-01 9.546758986138534908e-01 9.570749488829152218e-01 9.594178351205729927e-01 9.617038531553063763e-01 9.639322968134239611e-01 9.661024574350602911e-01 9.682136233184491791e-01 9.702650790819039583e-01 9.722561049309431658e-01 9.741859758155432258e-01 9.760539604594485885e-01 9.778593202396398398e-01 9.796013078892276127e-01 9.812791659908726150e-01 9.828921252198827840e-01 9.844394022857940740e-01 9.859201975075930768e-01 9.873336919395276912e-01 9.886790439397671326e-01 9.899553850402029731e-01 9.911618149280875256e-01 9.922973952821853016e-01 9.933611421067186642e-01 9.943520160573805500e-01 9.952689100237311903e-01 9.961106328651521125e-01 9.968758875876047032e-01 9.975632411858610382e-01 9.981710814145101640e-01 9.986975518597945856e-01 9.991404482117377528e-01 9.994970377201086720e-01 9.997637018711035273e-01 9.999350543106302336e-01 1.000000000000000000e+00 9.999350543106302336e-01 9.997637018711035273e-01 9.994970377201086720e-01 9.991404482117377528e-01 9.986975518597945856e-01 9.981710814145101640e-01 9.975632411858610382e-01
7.389882257298433510e-01 7.434596168646122605e-01 7.479159161367444630e-01 7.523564660322261677e-01 7.567806058616465270e-01 7.611876718611981785e-01 7.655769972946454560e-01 7.699479125561998760e-01 7.742997452742403919e-01 7.786318204158088063e-01 7.829434603918139501e-01 7.872339851628679108e-01 7.915027123456775948e-01 7.957489573199097999e-01 7.999720333354441992e-01 8.041712516199217564e-01 8.083459214864958664e-01 8.124953504416828620e-01 8.166188442932067471e-01 8.207157072577254686e-01 8.247852420683200458e-01 8.288267500816212108e-01 8.328395313844395575e-01 8.368228848997598668e-01 8.407761084919478378e-01 8.446984990710124652e-01 8.485893526957533073e-01 8.524479646756140117e-01 8.562736296710484751e-01 8.600656417921979102e-01 8.638232946956554414e-01 8.675458816790878602e-01 8.712326957734609634e-01 8.748830298325983579e-01 8.784961766197851851e-01 8.820714288911005729e-01 8.856080794751457486e-01 8.891054213487971092e-01 8.925627477085937844e-01 8.959793520373267040e-01 8.993545281653645418e-01 9.026875703262066120e-01 9.059777732057078259e-01 9.092244319843680866e-01 9.124268423720197640e-01 9.155843006341803925e-01 9.186961036092649024e-01 9.217615487157651000e-01 9.247799339484119585e-01 9.277505578622250448e-01 9.306727195432328292e-01 9.335457185645046341e-01 9.363688549259747695e-01 9.391414289763541090e-01 9.418627413152100836e-01 9.445320926730480515e-01 9.471487837669424481e-01 9.497121151289259489e-01 9.522213869039617418e-01 9.546758986138533798e-01 9.570749488829152218e-01 9.594178351205729927e-01 9.617038531553063763e-01 9.639322968134239611e-01 9.661024574350602911e-01 9.682136233184491791e-01 9.702650790819039583e-01 9.722561049309431658e-01 9.741859758155432258e-01 9.760539604594485885e-01 9.778593202396397288e-01 9.796013078892276127e-01 9.812791659908725039e-01 9.828921252198827840e-01 9.844394022857939630e-01 9.859201975075930768e-01 9.873336919395276912e-01 9.886790439397671326e-01 9.899553850402029731e-01 9.911618149280874146e-01 9.922973952821853016e-01 9.933611421067185532e-01 9.943520160573805500e-01 9.952689100237311903e-01 9.961106328651521125e-01 9.968758875876047032e-01 9.975632411858610382e-01 9.981710814145101640e-01 9.986975518597945856e-01 9.991404482117377528e-01 9.994970377201086720e-01 9.997637018711035273e-01 9.999350543106302336e-01 1.000000000000000000e+00 9.999350543106302336e-01 9.997637018711035273e-01 9.994970377201086720e-01 9.991404482117377528e-01 9.986975518597945856e-01 9.981710814145101640e-01
7.345023969710789968e-01 7.389882257298433510e-01 7.434596168646123715e-01 7.479159161367445741e-01 7.523564660322262787e-01 7.567806058616465270e-01 7.611876718611981785e-01 7.655769972946454560e-01 7.699479125562000981e-01 7.742997452742405029e-01 7.786318204158089173e-01 7.829434603918139501e-01 7.872339851628679108e-01 7.915027123456775948e-01 7.957489573199099109e-01 7.999720333354443103e-01 8.041712516199217564e-01 8.083459214864959774e-01 8.124953504416829730e-01 8.166188442932068581e-01 8.207157072577254686e-01 8.247852420683201569e-01 8.288267500816212108e-01 8.328395313844395575e-01 8.368228848997598668e-01 8.407761084919479488e-01 8.446984990710125762e-01 8.485893526957534183e-01 8.524479646756140117e-01 8.562736296710485862e-01 8.600656417921980212e-01 8.638232946956554414e-01 8.675458816790879712e-01 8.712326957734609634e-01 8.748830298325984689e-01 8.784961766197851851e-01 8.820714288911006840e-01 8.856080794751457486e-01 8.891054213487971092e-01 8.925627477085937844e-01 8.959793520373267040e-01 8.993545281653646528e-01 9.026875703262067230e-01 9.059777732057079369e-01 9.092244319843680866e-01 9.124268423720197640e-01 9.155843006341803925e-01 9.186961036092650135e-01 9.217615487157652110e-01 9.247799339484119585e-01 9.277505578622250448e-01 9.306727195432328292e-01 9.335457185645046341e-01 9.363688549259747695e-01 9.391414289763541090e-01 9.418627413152100836e-01 9.445320926730481625e-01 9.471487837669424481e-01 9.497121151289260599e-01 9.522213869039617418e-01 9.546758986138534908e-01 9.570749488829152218e-01 9.594178351205729927e-01 9.617038531553063763e-01 9.639322968134239611e-01 9.661024574350602911e-01 9.682136233184491791e-01 9.702650790819039583e-01 9.722561049309431658e-01 9.741859758155432258e-01 9.760539604594485885e-01 9.778593202396398398e-01 9.796013078892276127e-01 9.812791659908726150e-01 9.828921252198827840e-01 9.844394022857940740e-01 9.859201975075930768e-01 9.873336919395276912e-01 9.886790439397671326e-01 9.899553850402029731e-01 9.911618149280875256e-01 9.922973952821853016e-01 9.933611421067186642e-01 9.943520160573805500e-01 9.952689100237311903e-01 9.961106328651521125e-01 9.968758875876047032e-01 9.975632411858610382e-01 9.981710814145101640e-01 9.986975518597945856e-01 9.991404482117377528e-01 9.994970377201086720e-01 9.997637018711035273e-01 9.999350543106302336e-01 1.000000000000000000e+00 9.999350543106302336e-01 9.997637018711035273e-01 9.994970377201086720e-01 9.991404482117377528e-01 9.986975518597945856e-01
7.300027814526930392e-01 7.345023969710788858e-01 7.389882257298433510e-01 7.434596168646122605e-01 7.479159161367445741e-01 7.523564660322261677e-01 7.567806058616465270e-01 7.611876718611981785e-01 7.655769972946454560e-01 7.699479125561999870e-01 7.742997452742403919e-01 7.786318204158088063e-01 7.829434603918139501e-01 7.872339851628679108e-01 7.915027123456775948e-01 7.957489573199097999e-01 7.999720333354441992e-01 8.041712516199217564e-01 8.083459214864958664e-01 8.124953504416829730e-01 8.166188442932067471e-01 8.207157072577254686e-01 8.247852420683200458e-01 8.288267500816212108e-01 8.328395313844395575e-01 8.368228848997598668e-01 8.407761084919478378e-01 8.446984990710124652e-01 8.485893526957533073e-01 8.524479646756140117e-01 8.562736296710485862e-01 8.600656417921979102e-01 8.638232946956554414e-01 8.675458816790878602e-01 8.712326957734609634e-01 8.748830298325984689e-01 8.784961766197851851e-01 8.820714288911005729e-01 8.856080794751457486e-01 8.891054213487971092e-01 8.925627477085937844e-01 8.959793520373267040e-01 8.993545281653645418e-01 9.026875703262067230e-01 9.059777732057078259e-01 9.092244319843680866e-01 9.124268423720197640e-01 9.155843006341803925e-01 9.186961036092649024e-01 9.217615487157651000e-01 9.247799339484119585e-01 9.277505578622250448e-01 9.306727195432328292e-01 9.335457185645046341e-01 9.363688549259747695e-01 9.391414289763541090e-01 9.418627413152100836e-01 9.445320926730480515e-01 9.471487837669424481e-01 9.497121151289259489e-01 9.522213869039617418e-01 9.546758986138533798e-01 9.570749488829152218e-01 9.594178351205729927e-01 9.617038531553063763e-01 9.639322968134239611e-01 9.661024574350602911e-01 9.682136233184491791e-01 9.702650790819039583e-01 9.722561049309431658e-01 9.741859758155432258e-01 9.760539604594485885e-01 9.778593202396397288e-01 9.796013078892276127e-01 9.812791659908725039e-01 9.828921252198827840e-01 9.844394022857939630e-01 9.859201975075930768e-01 9.873336919395276912e-01 9.886790439397671326e-01 9.899553850402029731e-01 9.911618149280874146e-01 9.922973952821853016e-01 9.933611421067185532e-01 9.943520160573805500e-01 9.952689100237311903e-01 9.961106328651521125e-01 9.968758875876047032e-01 9.975632411858610382e-01 9.981710814145101640e-01 9.986975518597945856e-01 9.991404482117377528e-01 9.994970377201086720e-01 9.997637018711035273e-01 9.999350543106302336e-01 1.000000000000000000e+00 9.999350543106302336e-01 9.997637018711035273e-01 9.994970377201086720e-01 9.991404482117377528e-01
7.254900265670288784e-01 7.300027814526930392e-01 7.345023969710789968e-01 7.389882257298433510e-01 7.434596168646124825e-01 7.479159161367445741e-01 7.523564660322262787e-01 7.567806058616465270e-01 7.611876718611981785e-01 7.655769972946454560e-01 7.699479125562000981e-01 7.742997452742405029e-01 7.786318204158089173e-01 7.829434603918139501e-01 7.872339851628679108e-01 7.915027123456775948e-01 7.957489573199099109e-01 7.999720333354443103e-01 8.041712516199217564e-01 8.083459214864959774e-01 8.124953504416829730e-01 8.166188442932068581e-01 8.207157072577255796e-01 8.247852420683201569e-01 8.288267500816212108e-01 8.328395313844395575e-01 8.368228848997598668e-01 8.407761084919479488e-01 8.446984990710125762e-01 8.485893526957534183e-01 8.524479646756140117e-01 8.562736296710485862e-01 8.600656417921980212e-01 8.638232946956554414e-01 8.675458816790879712e-01 8.712326957734609634e-01 8.748830298325984689e-01 8.784961766197851851e-01 8.820714288911006840e-01 8.856080794751457486e-01 8.891054213487971092e-01 8.925627477085937844e-01 8.959793520373267040e-01 8.993545281653646528e-01 9.026875703262067230e-01 9.059777732057079369e-01 9.092244319843680866e-01 9.124268423720197640e-01 9.155843006341805035e-01 9.186961036092650135e-01 9.217615487157652110e-01 9.247799339484119585e-01 9.277505578622250448e-01 9.306727195432328292e-01 9.335457185645047451e-01 9.363688549259747695e-01 9.391414289763541090e-01 9.418627413152100836e-01 9.445320926730481625e-01 9.471487837669424481e-01 9.497121151289260599e-01 9.522213869039617418e-01 9.546758986138534908e-01 9.570749488829152218e-01 9.594178351205729927e-01 9.617038531553064873e-01 9.639322968134239611e-01 9.661024574350602911e-01 9.682136233184491791e-01 9.702650790819039583e-01 9.722561049309431658e-01 9.741859758155432258e-01 9.760539604594485885e-01 9.778593202396398398e-01 9.796013078892276127e-01 9.812791659908726150e-01 9.828921252198827840e-01 9.844394022857940740e-01 9.859201975075930768e-01 9.873336919395276912e-01 9.886790439397671326e-01 9.899553850402029731e-01 9.911618149280875256e-01 9.922973952821853016e-01 9.933611421067186642e-01 9.943520160573805500e-01 9.952689100237311903e-01 9.961106328651521125e-01 9.968758875876047032e-01 9.975632411858610382e-01 9.981710814145101640e-01 9.986975518597945856e-01 9.991404482117377528e-01 9.994970377201086720e-01 9.997637018711035273e-01 9.999350543106302336e-01 1.000000000000000000e+00 9.999350543106302336e-01 9.997637018711035273e-01 9.994970377201086720e-01
7.209647761378173980e-01 7.254900265670288784e-01 7.300027814526930392e-01 7.345023969710788858e-01 7.389882257298433510e-01 7.434596168646122605e-01 7.479159161367445741e-01 7.523564660322261677e-01 7.567806058616465270e-01 7.611876718611981785e-01 7.655769972946454560e-01 7.699479125561999870e-01 7.742997452742403919e-01 7.786318204158088063e-01 7.829434603918139501e-01 7.872339851628679108e-01 7.915027123456775948e-01 7.957489573199097999e-01 7.999720333354441992e-01 8.041712516199217564e-01 8.083459214864958664e-01 8.124953504416829730e-01 8.166188442932068581e-01 8.207157072577254686e-01 8.247852420683200458e-01 8.288267500816212108e-01 8.328395313844395575e-01 8.368228848997598668e-01 8.407761084919478378e-01 8.446984990710124652e-01 8.485893526957534183e-01 8.524479646756140117e-01 8.562736296710485862e-01 8.600656417921979102e-01 8.638232946956554414e-01 8.675458816790878602e-01 8.712326957734609634e-01 8.748830298325984689e-01 8.784961766197851851e-01 8.820714288911005729e-01 8.856080794751457486e-01 8.891054213487971092e-01 8.925627477085937844e-01 8.959793520373267040e-01 8.993545281653645418e-01 9.026875703262067230e-01 9.059777732057078259e-01 9.092244319843680866e-01 9.124268423720197640e-01 9.155843006341803925e-01 9.186961036092649024e-01 9.217615487157651000e-01 9.247799339484119585e-01 9.277505578622250448e-01 9.306727195432328292e-01 9.335457185645046341e-01 9.363688549259747695e-01 9.391414289763541090e-01 9.418627413152100836e-01 9.445320926730480515e-01 9.471487837669424481e-01 9.497121151289259489e-01 9.522213869039617418e-01 9.546758986138533798e-01 9.570749488829152218e-01 9.594178351205729927e-01 9.617038531553063763e-01 9.639322968134239611e-01 9.661024574350602911e-01 9.682136233184491791e-01 9.702650790819039583e-01 9.722561049309431658e-01 9.741859758155432258e-01 9.760539604594485885e-01 9.778593202396397288e-01 9.796013078892276127e-01 9.812791659908725039e-01 9.828921252198827840e-01 9.844394022857940740e-01 9.859201975075930768e-01 9.873336919395276912e-01 9.886790439397671326e-01 9.899553850402029731e-01 9.911618149280874146e-01 9.922973952821853016e-01 9.933611421067185532e-01 9.943520160573805500e-01 9.952689100237311903e-01 9.961106328651521125e-01 9.968758875876047032e-01 9.975632411858610382e-01 9.981710814145101640e-01 9.986975518597945856e-01 9.991404482117377528e-01 9.994970377201086720e-01 9.997637018711035273e-01 9.999350543106302336e-01 1.000000000000000000e+00 9.999350543106302336e-01 9.997637018711035273e-01
7.164276703248242395e-01 7.209647761378173980e-01 7.254900265670288784e-01 7.300027814526930392e-01 7.345023969710789968e-01 7.389882257298433510e-01 7.434596168646124825e-01 7.479159161367445741e-01 7.523564660322262787e-01 7.567806058616465270e-01 7.611876718611981785e-01 7.655769972946454560e-01 7.699479125562000981e-01 7.742997452742405029e-01 7.786318204158089173e-01 7.829434603918139501e-01 7.872339851628679108e-01 7.915027123456775948e-01 7.957489573199099109e-01 7.999720333354443103e-01 8.041712516199217564e-01 8.083459214864959774e-01 8.124953504416829730e-01 8.166188442932068581e-01 8.207157072577255796e-01 8.247852420683201569e-01 8.288267500816212108e-01 8.328395313844395575e-01 8.368228848997598668e-01 8.407761084919479488e-01 8.446984990710125762e-01 8.485893526957534183e-01 8.524479646756140117e-01 8.562736296710485862e-01 8.600656417921980212e-01 8.638232946956555525e-01 8.675458816790879712e-01 8.712326957734609634e-01 8.748830298325984689e-01 8.784961766197851851e-01 8.820714288911006840e-01 8.856080794751457486e-01 8.891054213487971092e-01 8.925627477085937844e-01 8.959793520373267040e-01 8.993545281653646528e-01 9.026875703262067230e-01 9.059777732057079369e-01 9.092244319843680866e-01 9.124268423720197640e-01 9.155843006341805035e-01 9.186961036092650135e-01 9.217615487157652110e-01 9.247799339484119585e-01 9.277505578622250448e-01 9.306727195432328292e-01 9.335457185645047451e-01 9.363688549259747695e-01 9.391414289763541090e-01 9.418627413152100836e-01 9.445320926730481625e-01 9.471487837669424481e-01 9.497121151289260599e-01 9.522213869039617418e-01 9.546758986138534908e-01 9.570749488829153329e-01 9.594178351205729927e-01 9.617038531553064873e-01 9.639322968134239611e-01 9.661024574350602911e-01 9.682136233184491791e-01 9.702650790819039583e-01 9.722561049309431658e-01 9.741859758155432258e-01 9.760539604594485885e-01 9.778593202396398398e-01 9.796013078892276127e-01 9.812791659908726150e-01 9.828921252198827840e-01 9.844394022857940740e-01 9.859201975075930768e-01 9.873336919395276912e-01 9.886790439397671326e-01 9.899553850402029731e-01 9.911618149280875256e-01 9.922973952821853016e-01 9.933611421067186642e-01 9.943520160573805500e-01 9.952689100237311903e-01 9.961106328651521125e-01 9.968758875876047032e-01 9.975632411858610382e-01 9.981710814145101640e-01 9.986975518597945856e-01 9.991404482117377528e-01 9.994970377201086720e-01 9.997637018711035273e-01 9.999350543106302336e-01 1.000000000000000000e+00 9.999350543106302336e-01
7.118793455297691697e-01 7.164276703248242395e-01 7.209647761378173980e-01 7.254900265670288784e-01 7.300027814526930392e-01 7.345023969710788858e-01 7.389882257298433510e-01 7.434596168646122605e-01 7.479159161367445741e-01 7.523564660322262787e-01 7.567806058616465270e-01 7.611876718611981785e-01 7.655769972946454560e-01 7.699479125561999870e-01 7.742997452742403919e-01 7.786318204158088063e-01 7.829434603918139501e-01 7.872339851628679108e-01 7.915027123456775948e-01 7.957489573199099109e-01 7.999720333354441992e-01 8.041712516199217564e-01 8.083459214864959774e-01 8.124953504416829730e-01 8.166188442932068581e-01 8.207157072577254686e-01 8.247852420683200458e-01 8.288267500816212108e-01 8.328395313844395575e-01 8.368228848997598668e-01 8.407761084919479488e-01 8.446984990710124652e-01 8.485893526957534183e-01 8.524479646756140117e-01 8.562736296710485862e-01 8.600656417921980212e-01 8.638232946956554414e-01 8.675458816790878602e-01 8.712326957734609634e-01 8.748830298325984689e-01 8.784961766197851851e-01 8.820714288911005729e-01 8.856080794751457486e-01 8.891054213487971092e-01 8.925627477085937844e-01 8.959793520373267040e-01 8.993545281653645418e-01 9.026875703262067230e-01 9.059777732057078259e-01 9.092244319843680866e-01 9.124268423720197640e-01 9.155843006341803925e-01 9.186961036092649024e-01 9.217615487157651000e-01 9.247799339484119585e-01 9.277505578622250448e-01 9.306727195432328292e-01 9.335457185645046341e-01 9.363688549259747695e-01 9.391414289763541090e-01 9.418627413152100836e-01 9.445320926730480515e-01 9.471487837669424481e-01 9.497121151289259489e-01 9.522213869039617418e-01 9.546758986138534908e-01 9.570749488829152218e-01 9.594178351205729927e-01 9.617038531553063763e-01 9.639322968134239611e-01 9.661024574350602911e-01 9.682136233184491791e-01 9.702650790819039583e-01 9.722561049309431658e-01 9.741859758155432258e-01 9.760539604594485885e-01 9.778593202396397288e-01 9.796013078892276127e-01 9.812791659908726150e-01 9.828921252198827840e-01 9.844394022857940740e-01 9.859201975075930768e-01 9.873336919395276912e-01 9.886790439397671326e-01 9.899553850402029731e-01 9.911618149280874146e-01 9.922973952821853016e-01 9.933611421067185532e-01 9.943520160573805500e-01 9.952689100237311903e-01 9.961106328651521125e-01 9.968758875876047032e-01 9.975632411858610382e-01 9.981710814145101640e-01 9.986975518597945856e-01 9.991404482117377528e-01 9.994970377201086720e-01 9.997637018711035273e-01 9.999350543106302336e-01 1.000000000000000000e+00
